method,seed,round,rho,proxy_R,true_R,reward_gap,proxy_unc_mean,alpha_scale
price_dcs,0,0,1.0,0.5098353400826454,0.5030150270178897,0.006820313064755723,0.030874015329957885,0.6287629022531702
price_dcs,0,1,0.7619912277474541,0.5421491623856127,0.5094961357605817,0.032653026625031,0.029289746012591628,0.6903940871213767
price_dcs,0,2,0.709789175202385,0.5498992074280977,0.49530313295954154,0.05459607446855619,0.030371969610213472,0.6065472546169529
price_dcs,0,3,0.7839493316587454,0.5500830868259072,0.49900496082848184,0.051078125997425394,0.027273014582206552,0.5978730391298601
price_dcs,0,4,0.8612457347415815,0.5767860813066363,0.4897524611526103,0.08703362015402605,0.02929514203093115,0.6459095034828753
price_dcs,0,5,0.47675028064292263,0.5925739789381623,0.5001309024963712,0.09244307644179117,0.03040334569440864,0.6123941567382092
price_dcs,0,6,0.6412636830016966,0.6071033328771591,0.5105406431430015,0.0965626897341576,0.03170105951936147,0.541100298823188
price_dcs,0,7,0.8787602856465456,0.6270736418664455,0.49951072675147434,0.1275629151149712,0.0312839836308165,0.6275790054065702
price_dcs,0,8,0.5970306134357596,0.6271294029429555,0.49845671171401373,0.12867269122894176,0.034036816615746784,0.4711446597236847
price_dcs,0,9,0.7955405811093945,0.6294773975387216,0.511603120415446,0.11787427712327558,0.031787003961506674,0.5145835231015774
price_dcs,0,10,0.717622437748768,0.6451455904170871,0.4920958839115382,0.1530497065055489,0.03188229992907348,0.5274342154213966
price_dcs,0,11,0.7668255508547387,0.6670754216611385,0.4892815154035567,0.17779390625758185,0.03478921209590094,0.5363544743747474
price_dcs,0,12,0.4515584188071543,0.6672468408942223,0.4936596464023632,0.17358719449185905,0.03552919109764453,0.63050001048753
price_dcs,0,13,0.7020049974478113,0.6870327806100249,0.5049867661480767,0.18204601446194824,0.037733890220489674,0.5275164344778281
price_dcs,0,14,0.5044044299134846,0.694601078517735,0.5146849853391895,0.1799160931785455,0.03951953133303315,0.6598455377240575
price_dcs,0,15,0.61390170041021,0.7034943047910929,0.5053926946917657,0.19810161009932714,0.04265736260140732,0.4643635243181773
price_dcs,0,16,0.6201189351381715,0.7188494335860014,0.49322431777488385,0.22562511581111755,0.04728696898229552,0.52377513943097
price_dcs,0,17,0.5708046716329025,0.7135020066052675,0.49592515190468067,0.21757685470058685,0.04295976914378928,0.4865234566868778
price_dcs,0,18,0.6527990774943652,0.7353923227638006,0.4947781256263447,0.2406141971374559,0.045331502150311315,0.517435662910768
price_dcs,0,19,0.5498928828590872,0.7304702922701836,0.49689887581314257,0.233571416457041,0.045539947444712126,0.5931596957676992
price_dcs,0,20,0.735780132256954,0.7441171240061522,0.5113819628401687,0.23273516116598347,0.046303733982293066,0.5598066275959882
price_dcs,0,21,0.5210578055452801,0.7427820479497313,0.5008249709363368,0.24195707701339453,0.045918154704962584,0.43689492493193627
price_dcs,0,22,0.649132081160613,0.7468188786879182,0.5021835952620941,0.24463528342582408,0.04846806620065716,0.47057569223570517
price_dcs,0,23,0.6577384910353561,0.7569516208022833,0.5132071461795912,0.2437444746226921,0.048425577144567744,0.3832987381057251
delta_cs,0,0,nan,0.5143172573298216,0.5148489908151561,-0.000531733485334529,0.01545062800991154,nan
delta_cs,0,1,nan,0.5728231924585998,0.5175473739949821,0.05527581846361773,0.022196092772658382,nan
delta_cs,0,2,nan,0.5821628924459219,0.5040259461069649,0.07813694633895696,0.026515300070375884,nan
delta_cs,0,3,nan,0.613777588121593,0.492777346218856,0.121000241902737,0.03135511764842473,nan
delta_cs,0,4,nan,0.645874829031527,0.4971410843019638,0.14873374472956324,0.034790513587971424,nan
delta_cs,0,5,nan,0.6635804008692503,0.4757376502677467,0.18784275060150357,0.04398816648434292,nan
delta_cs,0,6,nan,0.6725380755960941,0.4750767994474825,0.19746127614861164,0.0492104095074397,nan
delta_cs,0,7,nan,0.6748797446489334,0.5124537841025392,0.16242596054639424,0.04943205843281581,nan
delta_cs,0,8,nan,0.6838444946333766,0.5078104787503805,0.17603401588299605,0.05166191026628574,nan
delta_cs,0,9,nan,0.6922944160178304,0.48182005485887747,0.2104743611589529,0.051598320491899455,nan
delta_cs,0,10,nan,0.7241900581866503,0.4840973215509037,0.2400927366357466,0.060750526208462864,nan
delta_cs,0,11,nan,0.7568210735917091,0.5272856934741379,0.22953538011757124,0.0720076810925839,nan
delta_cs,0,12,nan,0.7503593415021896,0.5211197384657886,0.229239603036401,0.0703498564514966,nan
delta_cs,0,13,nan,0.6916712494567037,0.49102126628748965,0.200649983169214,0.05689213013005161,nan
delta_cs,0,14,nan,0.7503052949905396,0.4532588948491011,0.29704640014143846,0.07827523116548679,nan
delta_cs,0,15,nan,0.7381134079769254,0.4572759244522982,0.2808374835246272,0.06963790494043073,nan
delta_cs,0,16,nan,0.716944376938045,0.49853954350462165,0.21840483343342337,0.0635520138842622,nan
delta_cs,0,17,nan,0.6309916041791439,0.5126340841796583,0.11835751999948563,0.03911285148998143,nan
delta_cs,0,18,nan,0.6198054775595665,0.5075712962229788,0.11223418133658769,0.03896312254913865,nan
delta_cs,0,19,nan,0.6195047320798039,0.4959919983290106,0.12351273375079336,0.04084530901296572,nan
delta_cs,0,20,nan,0.6131411027163267,0.510152546986496,0.10298855572983068,0.04123885307645642,nan
delta_cs,0,21,nan,0.6244468716904521,0.49857932681118344,0.12586754487926866,0.038279800930602355,nan
delta_cs,0,22,nan,0.6279600569978356,0.5047683133007617,0.12319174369707397,0.04014079318025231,nan
delta_cs,0,23,nan,0.6370704770088196,0.5037550559225923,0.1333154210862273,0.038885566253872,nan
price_rl,0,0,1.0,0.5098353400826454,0.5030150270178897,0.006820313064755723,0.030874015329957885,1.0
price_rl,0,1,1.0,0.5461843968369067,0.5101196217791242,0.036064775057782494,0.028135476861027683,1.0
price_rl,0,2,0.657783715871914,0.5756781669333577,0.49593563903600213,0.07974252789735559,0.03180176395769497,1.0
price_rl,0,3,0.7758515031005059,0.5881147775799036,0.5031371176524289,0.08497765992747475,0.03195701058989548,1.0
price_rl,0,4,0.7950335911781043,0.6285846708342433,0.48950196843457894,0.13908270239966436,0.03525846328488066,1.0
price_rl,0,5,0.7148843329485014,0.6448052786290646,0.49866782037053425,0.1461374582585303,0.03650860464440693,1.0
price_rl,0,6,0.8091942277273673,0.6724605513736606,0.5017843749901647,0.17067617638349586,0.04049701858046807,1.0
price_rl,0,7,0.9491439796970901,0.696633662097156,0.49816211545942723,0.1984715466377288,0.037859076671551445,1.0
price_rl,0,8,0.48682936118525333,0.7132822396233678,0.4911943475111221,0.22208789211224567,0.04639501792712081,1.0
price_rl,0,9,0.637831442631784,0.7202112982049584,0.5078936419887958,0.2123176562161626,0.04539286590708351,1.0
price_rl,0,10,0.6600440543146981,0.7379074776545167,0.5187773076987899,0.21913016995572676,0.050008634277919295,1.0
price_rl,0,11,0.7691304661152158,0.7464669430628419,0.5114019696070661,0.23506497345577582,0.04901891456886946,1.0
price_rl,0,12,0.5940422713731003,0.7515711495652795,0.5013135520325966,0.25025759753268284,0.0520500861366358,1.0
price_rl,0,13,0.5477469400722184,0.759606558829546,0.5063316303169858,0.25327492851256017,0.05337009677987391,1.0
price_rl,0,14,0.7321620875336603,0.7653261795639992,0.5110620866716904,0.2542640928923088,0.05999497496561766,1.0
price_rl,0,15,0.46401488395573326,0.7775536850094795,0.5184113855160006,0.2591422994934789,0.05608540252956183,1.0
price_rl,0,16,0.7215139488149543,0.7823058208450675,0.5313182113936339,0.2509876094514336,0.06050986094983413,1.0
price_rl,0,17,0.39813111726501255,0.7844085106626153,0.5092405867322141,0.27516792393040124,0.06094431570519345,1.0
price_rl,0,18,0.5811299181946252,0.7907451400533319,0.5251860803763936,0.26555905967693827,0.06365406415130902,1.0
price_rl,0,19,0.5968301879972453,0.797731171362102,0.5213046633527749,0.2764265080093271,0.06602516436783926,1.0
price_rl,0,20,0.8008393871975937,0.8058967962861061,0.5334779327150695,0.2724188635710366,0.06971361195225578,1.0
price_rl,0,21,1.0,0.8040920728817582,0.5350591801683608,0.26903289271339736,0.06882349878637808,1.0
price_rl,0,22,0.5844904134046941,0.8116972213611007,0.5263685569549046,0.2853286644061961,0.07037241908901275,1.0
price_rl,0,23,1.0,0.8120971079915762,0.5441779940313745,0.26791911396020174,0.06970072601995753,1.0
price_dcs,1,0,1.0,0.5007353546097875,0.4925270231236326,0.008208331486154852,0.02727073671062366,0.6650210592005988
price_dcs,1,1,0.851748037093885,0.5207620598375797,0.5026657396772658,0.018096320160313928,0.025855958344671255,0.7113122555532233
price_dcs,1,2,1.0,0.5355099830776453,0.5050786602207227,0.030431322856922627,0.02720655064171707,0.5998466941046444
price_dcs,1,3,0.7189523300070857,0.5557710649445653,0.5113740593744496,0.04439700557011572,0.02634358151227731,0.643131266781015
price_dcs,1,4,0.7845344289122202,0.5917811691761017,0.5049888296032969,0.08679233957280474,0.0279333334494841,0.6768840074660057
price_dcs,1,5,0.8636558538714532,0.5907577490434051,0.4991526844548952,0.09160506458850987,0.029385965978961162,0.6302980207556166
price_dcs,1,6,0.6640343687468983,0.6243488565087318,0.4936344608615416,0.13071439564719023,0.03334143513578763,0.49962929808473366
price_dcs,1,7,0.6723330042639583,0.6358265401795506,0.5070838924341495,0.12874264774540112,0.02613353067815953,0.6615737150339251
price_dcs,1,8,0.6908614254425401,0.655057649128139,0.4913760975001824,0.1636815516279566,0.03241342992075447,0.5136914792374918
price_dcs,1,9,0.6611492015727598,0.6761366697028279,0.5009215490454926,0.17521512065733535,0.03449045822500525,0.6031788938622984
price_dcs,1,10,0.7965355254200404,0.6858511585742235,0.5115851949069725,0.174265963667251,0.03332787350977222,0.61171234920307
price_dcs,1,11,1.0,0.7352978894487023,0.49521621628569956,0.24008167316300277,0.04553928682625322,0.4460244735378617
price_dcs,1,12,0.5089837022823231,0.7260638615116477,0.4979374251194356,0.22812643639221208,0.04099514832798246,0.5281569341970032
price_dcs,1,13,0.46669034731066655,0.7470137365162373,0.49826671498614006,0.2487470215300972,0.04552382142699171,0.43922929151731593
price_dcs,1,14,0.5415102147127694,0.7599325776100159,0.5011781489787656,0.2587544286312503,0.04920565213200248,0.42785078328408244
price_dcs,1,15,0.5662032475462546,0.7597281504422426,0.5039531798096173,0.25577497063262533,0.04922393483786845,0.43512857502004054
price_dcs,1,16,0.5516758070204009,0.7616887101903558,0.5144835438345833,0.2472051663557725,0.04460342882995466,0.48341918865363154
price_dcs,1,17,0.4715004573081738,0.7669720221310854,0.5103882691946526,0.25658375293643276,0.048637523805512936,0.5004702430124788
price_dcs,1,18,0.6152288055055678,0.7992583038285375,0.4987136004995281,0.30054470332900934,0.056119115996570226,0.34085296064512893
price_dcs,1,19,0.5078418689040208,0.7893387097865343,0.48507793363378837,0.30426077615274594,0.051106127905251,0.3962440480713981
price_dcs,1,20,0.48630807196021975,0.7966060992330313,0.4958734653998175,0.30073263383321375,0.055465356507325356,0.35186683166427624
price_dcs,1,21,0.6659403713534925,0.7905417336151004,0.5008052386430039,0.2897364949720965,0.05557891616317465,0.47426823544561647
price_dcs,1,22,0.5264723751196597,0.8027017172425985,0.48264256442352504,0.3200591528190735,0.05685621247061497,0.4027766962836602
price_dcs,1,23,0.657726957360061,0.8080631960183382,0.49028509654462366,0.31777809947371455,0.05860359782624499,0.2870999696979538
delta_cs,1,0,nan,0.49109403509646654,0.4884418726193327,0.002652162477133846,0.012671382155367847,nan
delta_cs,1,1,nan,0.5514388522133231,0.5160960064255884,0.03534284578773472,0.02267334838035382,nan
delta_cs,1,2,nan,0.596680486574769,0.505698931083314,0.09098155549145504,0.028931620516472346,nan
delta_cs,1,3,nan,0.5940983770415187,0.49395210964591807,0.10014626739560062,0.03153162705822706,nan
delta_cs,1,4,nan,0.639380319043994,0.49717526951851815,0.1422050495254758,0.03920965257891998,nan
delta_cs,1,5,nan,0.5728422943502665,0.5031294267035448,0.06971286764672169,0.02913305619891658,nan
delta_cs,1,6,nan,0.5785496989265084,0.5011263927204163,0.07742330620609217,0.027457302548075768,nan
delta_cs,1,7,nan,0.5667901262640953,0.4996899683752606,0.06710015788883472,0.026659446663047648,nan
delta_cs,1,8,nan,0.5597098525613546,0.5026277457985464,0.05708210676280823,0.027921976541117638,nan
delta_cs,1,9,nan,0.5665468806400895,0.5178822022568587,0.04866467838323085,0.027534890138556086,nan
delta_cs,1,10,nan,0.5601419964805245,0.495185814798307,0.06495618168221756,0.027892362701024628,nan
delta_cs,1,11,nan,0.5734227392822504,0.4905346513701754,0.08288808791207503,0.02913721873763394,nan
delta_cs,1,12,nan,0.5769746787846088,0.496165326357662,0.08080935242694687,0.026225925453018543,nan
delta_cs,1,13,nan,0.5741300601512194,0.4996235546014223,0.07450650554979704,0.031225242781842036,nan
delta_cs,1,14,nan,0.71851737331599,0.5297784137623445,0.1887389595536455,0.05624157593466557,nan
delta_cs,1,15,nan,0.7210012879222631,0.532214783392897,0.18878650452936618,0.05719918133252272,nan
delta_cs,1,16,nan,0.6787883164361119,0.518897906710874,0.15989040972523794,0.04606737246069398,nan
delta_cs,1,17,nan,0.6608558343723416,0.5120390727933146,0.148816761579027,0.04495238433711946,nan
delta_cs,1,18,nan,0.752657936885953,0.4960554551937825,0.2566024816921704,0.06822071068533649,nan
delta_cs,1,19,nan,0.6938618654385209,0.4981894083328491,0.19567245710567183,0.05322733654004677,nan
delta_cs,1,20,nan,0.7565655671060085,0.45993351867273785,0.2966320484332707,0.06918026838849833,nan
delta_cs,1,21,nan,0.779241506010294,0.49249869206497,0.28674281394532397,0.06692953966801957,nan
delta_cs,1,22,nan,0.7794253751635551,0.4787879688841489,0.30063740627940627,0.06838116139589907,nan
delta_cs,1,23,nan,0.6647083135321736,0.49361438158329113,0.1710939319488825,0.045389454415160894,nan
price_rl,1,0,1.0,0.5007353546097875,0.4925270231236326,0.008208331486154852,0.02727073671062366,1.0
price_rl,1,1,0.8142092914376675,0.5310822781175375,0.49569699806733825,0.03538528005019925,0.02771800843938118,1.0
price_rl,1,2,1.0,0.5454243076965213,0.50010524206066,0.0453190656358613,0.02579779052057913,1.0
price_rl,1,3,0.784241714408236,0.5837342962622643,0.49730138046369293,0.08643291579857132,0.02703717035181049,1.0
price_rl,1,4,1.0,0.6398427681997418,0.4995844003432942,0.14025836785644763,0.03350027278509197,1.0
price_rl,1,5,0.6585054195967345,0.659190776757896,0.5049801970194153,0.15421057973848062,0.03680873217424035,1.0
price_rl,1,6,0.5267909713938856,0.6905335588380694,0.5162012711900925,0.17433228764797692,0.04194258349305602,1.0
price_rl,1,7,0.657739812100153,0.6941045615822077,0.49216965181088324,0.20193490977132444,0.03710429861636155,1.0
price_rl,1,8,0.5206801667398255,0.7218130920082331,0.5014204548712944,0.22039263713693868,0.03944831587751544,1.0
price_rl,1,9,0.6746923956217745,0.7460531378164887,0.4817446725988319,0.26430846521765683,0.04310889479511764,1.0
price_rl,1,10,0.474811024923933,0.7505349731072783,0.5099263273632256,0.24060864574405272,0.04495660323348415,1.0
price_rl,1,11,0.6361117773519971,0.7828685333952308,0.5027106900991201,0.2801578432961107,0.05353269989439849,1.0
price_rl,1,12,0.43861301195089936,0.77054438367486,0.5014589626407405,0.2690854210341195,0.0531580886712226,1.0
price_rl,1,13,0.6228243534540493,0.799969787709415,0.49704094501582435,0.3029288426935906,0.057922328915285384,1.0
price_rl,1,14,0.6807139744373536,0.8078593648970127,0.5094253615274474,0.29843400336956527,0.05972038778353576,1.0
price_rl,1,15,0.45967820939121085,0.8055622540414333,0.5031691870013525,0.30239306704008084,0.06141549930345594,1.0
price_rl,1,16,0.5517507625252289,0.8189228661358356,0.5062455143774209,0.3126773517584147,0.060356468782463014,1.0
price_rl,1,17,0.5964439237773888,0.8239601757377386,0.4995978535028179,0.32436232223492073,0.06166087572456544,1.0
price_rl,1,18,0.604397877897468,0.834787655621767,0.4974188756086963,0.33736878001307075,0.06653057683928622,1.0
price_rl,1,19,0.5087718748304488,0.8355735465884209,0.4882853867707,0.3472881598177209,0.06221822033545128,1.0
price_rl,1,20,0.6371144912729108,0.8393845902755857,0.48997007501633283,0.3494145152592528,0.06433963455726646,1.0
price_rl,1,21,0.5341053579781354,0.8362121116369963,0.494771348846364,0.3414407627906323,0.06276606585790516,1.0
price_rl,1,22,0.6673899606041722,0.8456845264881849,0.46877367908742906,0.37691084740075587,0.06503968068638301,1.0
price_rl,1,23,0.5011855212284211,0.844281068071723,0.47185163758527937,0.3724294304864436,0.06334509439390565,1.0
price_dcs,2,0,1.0,0.496914891526103,0.49186400555014503,0.005050885975957986,0.03589753157201371,0.5759125472229623
price_dcs,2,1,0.8252865785442817,0.5132764428853989,0.5119006457507262,0.0013757971346726183,0.03321261248641689,0.6664807187961157
price_dcs,2,2,0.7331460999824388,0.5344659094698727,0.48440770190805205,0.05005820756182067,0.029558543669539042,0.5427404814735559
price_dcs,2,3,0.7617822461075144,0.537610821891576,0.49733554614111414,0.040275275750461914,0.03899390759967454,0.5835514777978682
price_dcs,2,4,0.799624958511769,0.5657122191041708,0.49782092329486577,0.06789129580930503,0.03426181205094051,0.6101300793296927
price_dcs,2,5,0.8404593851367788,0.5817216876894236,0.4863575126754753,0.09536417501394828,0.03521393344658806,0.6306322625049743
price_dcs,2,6,0.6970373791076776,0.5995924538001418,0.49607413739872036,0.10351831640142145,0.03546401165170468,0.6005856945709183
price_dcs,2,7,0.6949016732442846,0.6300673447549343,0.4944771923958768,0.13559015235905753,0.04462661363604163,0.475585303559094
price_dcs,2,8,0.714909385767384,0.6350553184747696,0.5223546575812585,0.11270066089351105,0.04240384544696087,0.4517829756608719
price_dcs,2,9,0.8002243961282581,0.6479041110724211,0.5092436042510926,0.13866050682132847,0.04245203351866893,0.5579159650680672
price_dcs,2,10,0.5037439396460512,0.655270523391664,0.5046663173886805,0.15060420600298352,0.046491120494386515,0.5607248961157172
price_dcs,2,11,0.7474163509494395,0.6832674220204353,0.5064194757847921,0.17684794623564326,0.05127230648357341,0.43022909297676126
price_dcs,2,12,0.6142370110302943,0.6955695794895291,0.48182990019777167,0.21373967929175747,0.057331261542868814,0.5229414700491148
price_dcs,2,13,1.0,0.7110181655734777,0.49839747639634546,0.21262068917713228,0.05890781295641778,0.4219130045373891
price_dcs,2,14,0.6442351373437435,0.7306059114634991,0.497855535686485,0.23275037577701407,0.06571998189880596,0.37256206504521683
price_dcs,2,15,0.7865269199908937,0.7421522559598088,0.5103023496211909,0.2318499063386179,0.06548596604445506,0.3895654888213571
price_dcs,2,16,0.6449566149195073,0.7619575234130025,0.5039627248045762,0.25799479860842633,0.07513187667432573,0.37099419721395643
price_dcs,2,17,0.5133131834883281,0.7531020184978843,0.5118861584591274,0.24121586003875684,0.07344512227730973,0.3578859751893546
price_dcs,2,18,0.7714732359975642,0.7771593211218715,0.5004213840243956,0.27673793709747585,0.08172454431573592,0.325727927554857
price_dcs,2,19,0.566993295802764,0.7754126014187932,0.490022333301244,0.2853902681175492,0.08065274609680817,0.4073828414847924
price_dcs,2,20,0.544288899236817,0.7836902681738138,0.5022256227219646,0.28146464545184924,0.08042934031511315,0.3678615677570304
price_dcs,2,21,0.6248143404961207,0.8063701204955578,0.49353087228754045,0.31283924820801734,0.0901033813777115,0.2712272735831154
price_dcs,2,22,1.0,0.8082877350971103,0.4889566288876432,0.3193311062094671,0.09225931311337278,0.3185368707128843
price_dcs,2,23,0.5515527560146084,0.799252568744123,0.5022218902034273,0.29703067854069565,0.0885561866550422,0.29278143283614133
delta_cs,2,0,nan,0.5071516544558108,0.5042250254353666,0.0029266290204441603,0.014140455978667319,nan
delta_cs,2,1,nan,0.5524348095059395,0.5030910297769461,0.0493437797289934,0.02873352639757333,nan
delta_cs,2,2,nan,0.5763637674972415,0.5016160511400073,0.0747477163572342,0.03642797426094992,nan
delta_cs,2,3,nan,0.6098606716841459,0.4872183509665994,0.12264232071754655,0.03541385476639267,nan
delta_cs,2,4,nan,0.6156763234175742,0.4960107443558713,0.11966557906170289,0.04001396711180756,nan
delta_cs,2,5,nan,0.6503295414149761,0.48782742214822167,0.16250211926675445,0.04619400056254474,nan
delta_cs,2,6,nan,0.6455351975746453,0.49613397992152763,0.14940121765311765,0.05076312457392853,nan
delta_cs,2,7,nan,0.6417711884714663,0.5095668229392865,0.13220436553217985,0.04755447254302995,nan
delta_cs,2,8,nan,0.5846862075850368,0.5066683412537984,0.0780178663312383,0.04340325473387466,nan
delta_cs,2,9,nan,0.582870882935822,0.509931928739193,0.07293895419662899,0.045275937797132626,nan
delta_cs,2,10,nan,0.586598296649754,0.5084255187431597,0.07817277790659438,0.04621136638077489,nan
delta_cs,2,11,nan,0.7275045588612556,0.5370700443386839,0.19043451452257176,0.0902001802952469,nan
delta_cs,2,12,nan,0.710618494078517,0.5160711703410056,0.19454732373751138,0.08349901214707861,nan
delta_cs,2,13,nan,0.7345208441838622,0.4995786609169705,0.2349421832668917,0.08789368398805744,nan
delta_cs,2,14,nan,0.6122206863947213,0.4832973634922276,0.12892332290249364,0.04083230431974772,nan
delta_cs,2,15,nan,0.6194786191917956,0.5018458624620888,0.11763275672970674,0.04494659593506841,nan
delta_cs,2,16,nan,0.5919615300372243,0.49150706600315497,0.10045446403406932,0.04180350703170614,nan
delta_cs,2,17,nan,0.6085283472202718,0.48986729841382315,0.11866104880644868,0.04314722908194339,nan
delta_cs,2,18,nan,0.6130732302553952,0.4892927175178011,0.12378051273759405,0.04225998977483578,nan
delta_cs,2,19,nan,0.608781062066555,0.5030772548500584,0.10570380721649664,0.04095258616502745,nan
delta_cs,2,20,nan,0.6065156231634319,0.5020526398522853,0.10446298331114656,0.04295975964844355,nan
delta_cs,2,21,nan,0.6119747571647167,0.5018746798273415,0.11010007733737526,0.044025010409556774,nan
delta_cs,2,22,nan,0.6272922493517399,0.5002054814634906,0.12708676788824924,0.045763918713974165,nan
delta_cs,2,23,nan,0.6237257262691855,0.5077175276900152,0.11600819857917033,0.04404615029622825,nan
price_rl,2,0,1.0,0.496914891526103,0.49186400555014503,0.005050885975957986,0.03589753157201371,1.0
price_rl,2,1,0.887782340793152,0.520944856107235,0.5063504106094431,0.014594445497791875,0.03366040756889296,1.0
price_rl,2,2,0.7350821091677772,0.5533698895014822,0.5091525354413834,0.04421735406009886,0.030374440552607886,1.0
price_rl,2,3,0.5502459905164182,0.5670678927563131,0.5050139933420348,0.0620538994142783,0.035067260312189874,1.0
price_rl,2,4,0.6727575745187506,0.6013367702253163,0.5066556017120862,0.09468116851323005,0.037396305307105436,1.0
price_rl,2,5,0.6295206221963627,0.6194877177476883,0.49708057645174875,0.12240714129593955,0.04000713518811226,1.0
price_rl,2,6,0.7156182987188275,0.6392937935888767,0.500423949311576,0.13886984427730076,0.04229351107281373,1.0
price_rl,2,7,0.7219034395634645,0.6614716863259673,0.49954023032164596,0.16193145600432135,0.049215386087899396,1.0
price_rl,2,8,0.6976242103561257,0.6846727514639497,0.5022758956428364,0.1823968558211133,0.05368422979059974,1.0
price_rl,2,9,0.8066885728746659,0.7112550381571054,0.4801522087115293,0.23110282944557614,0.059430933784629554,1.0
price_rl,2,10,0.5427328427889873,0.7338632633909583,0.49715071439411773,0.23671254899684058,0.06705430095036527,1.0
price_rl,2,11,0.8895873650039757,0.7606960320845246,0.4965334592154037,0.2641625728691209,0.07250139894430627,1.0
price_rl,2,12,0.5947587224509442,0.7874703807756305,0.4626000709071105,0.32487030986851995,0.0811842456265131,1.0
price_rl,2,13,0.5995204656038384,0.8034112034365535,0.4918206234685226,0.31159057996803086,0.08317490303184093,1.0
price_rl,2,14,0.6241409272223347,0.821076039224863,0.4700783590506157,0.3509976801742474,0.09044880227067177,1.0
price_rl,2,15,0.5130630622412639,0.8308849288150668,0.49208470409669436,0.33880022471837246,0.09023705557084322,1.0
price_rl,2,16,0.6312493847662844,0.8438050113618374,0.48638217681896134,0.35742283454287604,0.09438432610436971,1.0
price_rl,2,17,0.4395437287196699,0.8543331185355783,0.4884065732234485,0.36592654531212976,0.09608186571403476,1.0
price_rl,2,18,0.5471572405883488,0.8530962318181992,0.47692128243740356,0.3761749493807956,0.09716755714135447,1.0
price_rl,2,19,0.7555374035086517,0.8493492743000388,0.46796238695616776,0.38138688734387105,0.09700858258214277,1.0
price_rl,2,20,0.45609365056932405,0.8580359276384115,0.4530938572855273,0.4049420703528842,0.10100387712375665,1.0
price_rl,2,21,1.0,0.8658821163699031,0.45769468452485684,0.40818743184504624,0.10339959056026433,1.0
price_rl,2,22,1.0,0.8687321171164513,0.4841104241105547,0.38462169300589655,0.1090991571791245,1.0
price_rl,2,23,0.5351217397476288,0.8715985380113125,0.49354031082231165,0.37805822718900084,0.10479521495191788,1.0
price_dcs,3,0,1.0,0.5054030730389059,0.4981019169853164,0.0073011560535894415,0.027632425727969166,0.5808004939833455
price_dcs,3,1,0.6952810780338491,0.5234964690171182,0.4990310622750861,0.024465406742032125,0.02888905717498976,0.7452608631259565
price_dcs,3,2,0.8801044016040664,0.5229965129401535,0.4907069449969197,0.03228956794323379,0.031368796243127266,0.759900298244021
price_dcs,3,3,0.8275669025772247,0.5492872609756887,0.5046923847434001,0.04459487623228864,0.03065283888910272,0.6283987173376182
price_dcs,3,4,0.8329230649923679,0.5610739160329103,0.5018641778550679,0.059209738177842475,0.023771764087189142,0.6215408235065094
price_dcs,3,5,0.7970016137727789,0.5804044050164521,0.5116343393356821,0.06877006568076993,0.03015442450636496,0.669085744229647
price_dcs,3,6,0.6252568597955966,0.58189677586779,0.49598907787683977,0.08590769799095022,0.02954304292052651,0.6546852840736381
price_dcs,3,7,0.626639999537317,0.6011906284838915,0.49572834885376665,0.10546227963012483,0.0316479050427909,0.5793278750803496
price_dcs,3,8,0.5962060916505528,0.6145204128697515,0.502292127201512,0.1122282856682395,0.029820305588539344,0.7371777328648879
price_dcs,3,9,0.8312239511494609,0.6351744732819498,0.4913652228490683,0.14380925043288145,0.034001029736047475,0.5112716523363947
price_dcs,3,10,0.8568820051466491,0.6385604273527861,0.5018651757105751,0.13669525164221097,0.03133270072273881,0.548737116214417
price_dcs,3,11,0.8404115117040594,0.659596233163029,0.502840064841781,0.15675616832124795,0.031701862522822075,0.5621915301084616
price_dcs,3,12,0.6689988647914527,0.6795281013473868,0.4884322402972857,0.19109586105010112,0.03492408851247661,0.6536544265101599
price_dcs,3,13,0.6254652192627854,0.6838725721463561,0.5162871332553413,0.16758543889101485,0.03443326579353555,0.5036173927869654
price_dcs,3,14,0.5869679581162414,0.6920526348985732,0.5207102289732244,0.17134240592534877,0.03560941878623031,0.6373303270913273
price_dcs,3,15,0.6969615179708178,0.7059938265010715,0.479079222236486,0.22691460426458543,0.03624387438252571,0.5739692475230975
price_dcs,3,16,0.600885273342273,0.7179846912622452,0.48966082748365825,0.22832386377858693,0.0390748670674741,0.4569213797239926
price_dcs,3,17,0.9171937202095084,0.7340950453653932,0.4826951114713096,0.25139993389408355,0.044282647073900304,0.5371388623433273
price_dcs,3,18,0.5333274401864418,0.7286760285496712,0.48293129756072883,0.24574473098894234,0.04534004221316659,0.4636120759133273
price_dcs,3,19,0.6030921804870906,0.7516267905011773,0.4694363291415979,0.2821904613595794,0.053350213109812854,0.4341229272358609
price_dcs,3,20,0.8057090271984514,0.7481084689497948,0.4866795083420792,0.2614289606077156,0.05013417342271828,0.43381605880013796
price_dcs,3,21,0.5585451148674624,0.7639726344496012,0.4579045864127497,0.30606804803685145,0.0610541193826019,0.3903448813890854
price_dcs,3,22,0.7457263624026331,0.7681175861507654,0.4648936787644631,0.30322390738630234,0.06017096748262826,0.3575926357026906
price_dcs,3,23,0.7683031219027393,0.7726938873529434,0.4655677583820113,0.3071261289709321,0.058958831352685676,0.3680168869038094
delta_cs,3,0,nan,0.49596305191516876,0.4959207453042019,4.2306610966880154e-05,0.014274412482123761,nan
delta_cs,3,1,nan,0.5637824898585677,0.5116077268242625,0.05217476303430524,0.026824444920819902,nan
delta_cs,3,2,nan,0.6063859891146421,0.5123832939755408,0.09400269513910131,0.02929596063931686,nan
delta_cs,3,3,nan,0.647134265396744,0.5730930840747809,0.07404118132196313,0.04148495020232422,nan
delta_cs,3,4,nan,0.6340767140500247,0.5501717269496202,0.0839049871004045,0.037489813358763155,nan
delta_cs,3,5,nan,0.6259544151835144,0.5038208557722009,0.12213355941131343,0.03606532566196875,nan
delta_cs,3,6,nan,0.6660008141770959,0.48688802064719394,0.17911279352990195,0.047825654577858465,nan
delta_cs,3,7,nan,0.6908027622848749,0.5120455091084911,0.1787572531763838,0.05672731344093709,nan
delta_cs,3,8,nan,0.6869942741468549,0.5099310560565474,0.17706321809030745,0.057092585997639576,nan
delta_cs,3,9,nan,0.6820337865501642,0.5040009921440387,0.17803279440612552,0.05736211093023326,nan
delta_cs,3,10,nan,0.6768005415797234,0.5042794077575706,0.17252113382215273,0.052960911962018686,nan
delta_cs,3,11,nan,0.6757495133206248,0.519672511223251,0.15607700209737385,0.050184112747763895,nan
delta_cs,3,12,nan,0.7122675068676472,0.5053178404690497,0.20694966639859746,0.06347328688030913,nan
delta_cs,3,13,nan,0.6869554626755416,0.5036826328395991,0.1832728298359425,0.059808071070778325,nan
delta_cs,3,14,nan,0.6906003188341856,0.519629704161108,0.17097061467307761,0.061389414886671774,nan
delta_cs,3,15,nan,0.7595650460571051,0.5286873088799968,0.23087773717710824,0.09815395450042269,nan
delta_cs,3,16,nan,0.7429474266245961,0.5120922834853195,0.23085514313927658,0.08985293641806066,nan
delta_cs,3,17,nan,0.7606259165331721,0.4772172444258972,0.28340867210727494,0.0946102906492822,nan
delta_cs,3,18,nan,0.6708387066610157,0.49235877291834285,0.1784799337426729,0.06645617473745508,nan
delta_cs,3,19,nan,0.6962974332273006,0.471693472966203,0.22460396026109763,0.08149060607928975,nan
delta_cs,3,20,nan,0.70642423722893,0.4778317950258312,0.22859244220309882,0.07980152333303825,nan
delta_cs,3,21,nan,0.705636347644031,0.4650322442985567,0.24060410334547433,0.08339344657980331,nan
delta_cs,3,22,nan,0.681458723731339,0.4742082401883442,0.2072504835429948,0.07008960265446158,nan
delta_cs,3,23,nan,0.6820151107385755,0.48348336071065323,0.19853175002792223,0.06500669295463013,nan
price_rl,3,0,1.0,0.5054030730389059,0.4981019169853164,0.0073011560535894415,0.027632425727969166,1.0
price_rl,3,1,0.6780512347863642,0.5375552256591618,0.4915021627053532,0.04605306295380862,0.0311039625245128,1.0
price_rl,3,2,0.992690994492945,0.5378098674118519,0.5009238556039539,0.03688601180789797,0.031189853092697967,1.0
price_rl,3,3,0.8169463958507721,0.5690921507775784,0.4878390265271233,0.08125312425045506,0.03109831568480087,1.0
price_rl,3,4,0.6654386572358586,0.5928016351535916,0.4947222650054338,0.09807937014815782,0.02666894478619527,1.0
price_rl,3,5,0.834967621098128,0.6250865152105689,0.505914484013946,0.1191720311966229,0.029929114113399463,1.0
price_rl,3,6,0.6425021382912204,0.641191971488297,0.49766359587365283,0.14352837561464415,0.03070575027798273,1.0
price_rl,3,7,0.7002515308737657,0.6596896694973111,0.49380612728808604,0.16588354220922508,0.03406787068292168,1.0
price_rl,3,8,0.8448104236544266,0.6817441796883941,0.5140830535289906,0.16766112615940343,0.04110060879792861,1.0
price_rl,3,9,0.6574243903185107,0.7133333403617144,0.5022537191393812,0.21107962122233315,0.04779901594739065,1.0
price_rl,3,10,0.7591728486707225,0.718222844414413,0.49821862425964536,0.22000422015476762,0.051810063532873776,1.0
price_rl,3,11,0.6070287403299086,0.7455168347805738,0.48964718629527443,0.2558696484852994,0.05945295845740178,1.0
price_rl,3,12,0.6021343410731289,0.7528024828061461,0.503295798185448,0.24950668462069814,0.060212029996835364,1.0
price_rl,3,13,0.5493884801931004,0.7625080151483417,0.48795314880140983,0.2745548663469318,0.06329830767656652,1.0
price_rl,3,14,0.7752120040161748,0.7687846841290593,0.4616665190413973,0.307118165087662,0.06808373196590656,1.0
price_rl,3,15,0.7434218031305383,0.7850018721073866,0.43245877062319904,0.35254310148418755,0.07151615764638014,1.0
price_rl,3,16,0.46980879790614194,0.7833318253979087,0.40825188333402207,0.3750799420638866,0.0693733829223064,1.0
price_rl,3,17,0.6072937621377463,0.7904507424682379,0.41243568904547334,0.37801505342276454,0.0725659437857296,1.0
price_rl,3,18,0.49913808717857355,0.7869711853563786,0.4195987379890421,0.36737244736733643,0.07037454020247677,1.0
price_rl,3,19,0.6829342015975124,0.797353969886899,0.4320046524792814,0.3653493174076176,0.07163135310749305,1.0
price_rl,3,20,0.6021704103197949,0.7985351169481874,0.4350494601159639,0.36348565683222345,0.0748035877367835,1.0
price_rl,3,21,0.40213016795758344,0.8074475079774857,0.4347632144317309,0.3726842935457548,0.07962869362195804,1.0
price_rl,3,22,1.0,0.8098076162859797,0.45125423431702455,0.3585533819689552,0.07871551329272028,1.0
price_rl,3,23,0.50355728940965,0.8143563522025943,0.4521697670162142,0.3621865851863801,0.08028941719508292,1.0
price_dcs,4,0,1.0,0.48958269134163857,0.5103929097329821,-0.02081021839134356,0.034278106833703324,0.6329492976632556
price_dcs,4,1,0.827581413376538,0.500960567034781,0.495390657533987,0.005569909500794001,0.02894911191613845,0.6376886994381853
price_dcs,4,2,0.836241459958702,0.5177524420432746,0.5073334902310636,0.010418951812211086,0.03107043780980996,0.5022598013394824
price_dcs,4,3,0.7471707349460978,0.5272141913883388,0.5069196093677142,0.02029458202062462,0.03502118767549399,0.6565571839447509
price_dcs,4,4,0.7058203020940297,0.5632447223179042,0.4908231287660517,0.07242159355185251,0.03085732898584406,0.5660595724744659
price_dcs,4,5,0.901925111950693,0.5852740709669888,0.49721875538955734,0.08805531557743146,0.033117233725250134,0.6078942609440043
price_dcs,4,6,0.7537377209405485,0.6003501010127366,0.4957887820913043,0.10456131892143228,0.03840711342561271,0.6064779597020606
price_dcs,4,7,0.7795708473056504,0.6218773955479264,0.5108500008363953,0.11102739471153111,0.038583764016815084,0.6530691720166675
price_dcs,4,8,0.761220797338509,0.6531145395711064,0.49691732120317983,0.1561972183679266,0.046633094488245555,0.6253338958171563
price_dcs,4,9,0.7488836053735549,0.690781612880528,0.4882508602787577,0.20253075260177028,0.05567287890543872,0.5388584375143375
price_dcs,4,10,0.7475524391663312,0.7200806457549334,0.4878424481010665,0.23223819765386688,0.06755187535844345,0.5163231338233849
price_dcs,4,11,0.7345179509246498,0.7550883488729596,0.4970192195944263,0.2580691292785333,0.07412412063984718,0.4238944920188895
price_dcs,4,12,0.6995407352629088,0.7565184058621526,0.4963364092161646,0.26018199664598796,0.07271073672059869,0.4822088160526504
price_dcs,4,13,0.8425663883206431,0.7669649105519056,0.49315156490111706,0.2738133456507886,0.07860689206958875,0.4221698841878081
price_dcs,4,14,0.7239551289649987,0.8070781314745545,0.5218349334362985,0.28524319803825604,0.08971033975345569,0.3445066134470526
price_dcs,4,15,0.570037103556457,0.8153281025588512,0.4917630167613896,0.3235650857974616,0.09356361582180048,0.32793657169914825
price_dcs,4,16,0.6756083589733323,0.8306860504671931,0.5142826837348757,0.3164033667323174,0.0976758367679286,0.29821321042913007
price_dcs,4,17,0.5640678925118437,0.8415343891829252,0.5170217663810991,0.32451262280182613,0.10281409903750383,0.34111065762894854
price_dcs,4,18,0.4837179791436189,0.846299771219492,0.514395914621031,0.331903856598461,0.10296446650690999,0.34064227389681667
price_dcs,4,19,0.7464619410903555,0.8575660148635507,0.4975138755788123,0.36005213928473834,0.107580466023603,0.24907989213099802
price_dcs,4,20,0.5793178252612273,0.857736986130476,0.5182874825437984,0.3394495035866776,0.105908095559763,0.3261637148362916
price_dcs,4,21,0.5627586896826127,0.8622043980285525,0.5142320663510532,0.3479723316774993,0.10642435832875949,0.3193436296614559
price_dcs,4,22,0.8601638591797255,0.8684827778488398,0.505298820663604,0.3631839571852358,0.11092726151541588,0.28518594158515886
price_dcs,4,23,0.5703666946732566,0.8877679295837879,0.5079638972063216,0.3798040323774663,0.11315988309497699,0.24360487797151587
delta_cs,4,0,nan,0.497629530262202,0.5008126913193415,-0.0031831610571394497,0.014959613329122908,nan
delta_cs,4,1,nan,0.5608485932461917,0.5184697838950023,0.04237880935118943,0.030468786616966143,nan
delta_cs,4,2,nan,0.5942932395264506,0.4937299477980436,0.10056329172840706,0.04001622283181686,nan
delta_cs,4,3,nan,0.6471863188780844,0.532763308047262,0.1144230108308224,0.07517373753740537,nan
delta_cs,4,4,nan,0.6504332241602242,0.5240894480843068,0.1263437760759174,0.06909355976059035,nan
delta_cs,4,5,nan,0.6821795785799623,0.5172494456991138,0.16493013288084846,0.07001357457076543,nan
delta_cs,4,6,nan,0.6716765775345266,0.5085759856967125,0.1631005918378141,0.06095587369234049,nan
delta_cs,4,7,nan,0.6604641047306359,0.5097620280825083,0.15070207664812763,0.05865038702979615,nan
delta_cs,4,8,nan,0.6754912715405226,0.5138974714680329,0.1615938000724897,0.05520390354354297,nan
delta_cs,4,9,nan,0.66957763209939,0.49285925796307517,0.17671837413631486,0.05818103312180323,nan
delta_cs,4,10,nan,0.7163135525770485,0.506620039201561,0.20969351337548758,0.061490136779948926,nan
delta_cs,4,11,nan,0.7869977494701743,0.535302916441116,0.25169483302905826,0.0833191136258,nan
delta_cs,4,12,nan,0.8010372538119555,0.5446069941973734,0.2564302596145821,0.08695400944754514,nan
delta_cs,4,13,nan,0.7799337087199092,0.5442160078918885,0.23571770082802068,0.08139371820498648,nan
delta_cs,4,14,nan,0.7997393095865846,0.5374458822459611,0.26229342734062344,0.08599278775753326,nan
delta_cs,4,15,nan,0.6798362405970693,0.4893400766378926,0.19049616395917668,0.0517357077371974,nan
delta_cs,4,16,nan,0.6639062063768506,0.49090844712653114,0.17299775925031946,0.05334753091059842,nan
delta_cs,4,17,nan,0.8350912625901401,0.43755277703949236,0.39753848555064775,0.09846355927899728,nan
delta_cs,4,18,nan,0.6599772069603205,0.49867181617412815,0.16130539078619233,0.04928013442423571,nan
delta_cs,4,19,nan,0.6451527075842023,0.49240804346146994,0.15274466412273235,0.045891372508368306,nan
delta_cs,4,20,nan,0.6236334308050573,0.5001726455032376,0.1234607853018197,0.044811562231356156,nan
delta_cs,4,21,nan,0.598756262101233,0.5001214402406885,0.09863482186054451,0.04252523368798371,nan
delta_cs,4,22,nan,0.5942060169763863,0.505084218990296,0.08912179798609032,0.036794778892267566,nan
delta_cs,4,23,nan,0.6186914667487144,0.49543007191788124,0.1232613948308332,0.04257045387904329,nan
price_rl,4,0,1.0,0.48958269134163857,0.5103929097329821,-0.02081021839134356,0.034278106833703324,1.0
price_rl,4,1,0.7792500416385589,0.5168893397785723,0.5044548166301219,0.012434523148450394,0.030254213791354338,1.0
price_rl,4,2,0.7521400741186663,0.5396765377372503,0.49993645617987187,0.03974008155737846,0.030555211860379423,1.0
price_rl,4,3,0.8713112353886229,0.5688460092060268,0.5035481473151796,0.06529786189084719,0.03410208043216457,1.0
price_rl,4,4,0.5260851623678788,0.5924307638779283,0.5096450286870381,0.08278573519089016,0.03476156300362673,1.0
price_rl,4,5,0.7860549329235873,0.632679209113121,0.49789759836252434,0.1347816107505967,0.04038440591796022,1.0
price_rl,4,6,0.7989359728804225,0.6527283489704132,0.49609305881616905,0.15663529015424416,0.04792635960135516,1.0
price_rl,4,7,0.7042840122166545,0.7206390695646405,0.5051982269991584,0.21544084256548213,0.06029726727756303,1.0
price_rl,4,8,0.9899630706201463,0.747839443385601,0.4898250887451181,0.25801435464048295,0.06959464598351567,1.0
price_rl,4,9,0.645869750832516,0.7868516836315393,0.49329319662041415,0.2935584870111252,0.0759969489294198,1.0
price_rl,4,10,0.6281010614047281,0.824527544900775,0.49062432593261285,0.3339032189681621,0.0897323530265376,1.0
price_rl,4,11,0.7202462346867398,0.8509108079597354,0.4856613392300626,0.3652494687296728,0.09941574526902583,1.0
price_rl,4,12,0.7541329617293692,0.8760613342747092,0.5172097746099951,0.35885155966471416,0.10623668074753226,1.0
price_rl,4,13,0.4612434992258505,0.8796035973355174,0.5211567985487326,0.35844679878678476,0.11251555920963582,1.0
price_rl,4,14,0.5611575282160137,0.9048401322215796,0.5209027519007635,0.38393738032081604,0.11898339458741618,1.0
price_rl,4,15,0.47206997239169235,0.911676692776382,0.5373161144515146,0.37436057832486735,0.12318352654182249,1.0
price_rl,4,16,0.3337954787346347,0.9238233612850308,0.5353206031806549,0.38850275810437596,0.127446332407605,1.0
price_rl,4,17,0.5549255581674623,0.936141099780798,0.5495735183602644,0.3865675814205336,0.13085548362957172,1.0
price_rl,4,18,0.40062115404131393,0.9311162242665887,0.5442123314354268,0.3869038928311619,0.1286558038293842,1.0
price_rl,4,19,0.4876946912492409,0.9423861196264625,0.5384974539275396,0.4038886656989229,0.1317554384537279,1.0
price_rl,4,20,0.5731139335541954,0.936875956133008,0.5507086503407319,0.3861673057922761,0.13158302131621077,1.0
price_rl,4,21,0.3303214980047779,0.940352076664567,0.5404104874844766,0.3999415891800904,0.13556484558544807,1.0
price_rl,4,22,0.5411973115796178,0.9498091107234359,0.5420041780986338,0.4078049326248021,0.13686010350537273,1.0
price_rl,4,23,0.5139957952871331,0.9498879052698612,0.5522245231997394,0.39766338207012186,0.13652334345184997,1.0
price_dcs,5,0,1.0,0.4900266141630709,0.5127687294387778,-0.02274211527570691,0.032392410747450376,0.5153458962483908
price_dcs,5,1,1.0,0.5058602006174624,0.48646078747416777,0.01939941314329463,0.02618459362605526,0.7197216657854044
price_dcs,5,2,0.9265132097062494,0.5339212231338024,0.501151757988077,0.03276946514572543,0.02874632581720143,0.6353251270861846
price_dcs,5,3,0.8116545703721147,0.5554395271465182,0.5013483526139006,0.05409117453261758,0.028387270836218538,0.7196318637749184
price_dcs,5,4,0.818652359190058,0.5716197500005364,0.5043519673047074,0.067267782695829,0.02891007703610446,0.6836326683259475
price_dcs,5,5,0.6671404545613312,0.601217002607882,0.49999206954375747,0.10122493306412456,0.03439101949716794,0.6054189097592324
price_dcs,5,6,0.630938561660708,0.6192416059784591,0.5039147351564762,0.1153268708219829,0.03750925473357062,0.7139250871496203
price_dcs,5,7,0.6267178516505889,0.6275312840007246,0.49110110209013735,0.1364301819105872,0.04163986644225148,0.5843524609686676
price_dcs,5,8,0.7961153742690252,0.670156923122704,0.49448369580254525,0.17567322732015878,0.048811298374159914,0.5011224190761052
price_dcs,5,9,0.6150950770914997,0.6786431325599551,0.5178618924006284,0.1607812401593267,0.04662912550689714,0.5177568764854947
price_dcs,5,10,0.8093804304514035,0.7050519799813628,0.5176842766882529,0.18736770329310992,0.06455170731470697,0.45826936621798964
price_dcs,5,11,0.8262417489525916,0.7293104529380798,0.4980597108536534,0.23125074208442642,0.06328821483615982,0.49799909980031953
price_dcs,5,12,0.7515183039899377,0.7387050203979015,0.5027015297907895,0.236003490607112,0.0706352190099595,0.44677405722841035
price_dcs,5,13,0.625449004488624,0.7722416389733553,0.5099807542480977,0.26226088472525755,0.07767533398034646,0.39489983299657516
price_dcs,5,14,0.6215845554276164,0.7645941209048033,0.5173305104488295,0.24726361045597378,0.07531477307884762,0.48676831305359636
price_dcs,5,15,0.5893601137240075,0.7822589762508869,0.5073927270954498,0.2748662491554371,0.08307753679210261,0.38293114709494547
price_dcs,5,16,0.8242144361577615,0.7951260833069682,0.5131501517379025,0.28197593156906575,0.0859580358003822,0.35340790406027556
price_dcs,5,17,0.7946887638938798,0.8040914665907621,0.49005369014705763,0.3140377764437045,0.08752627727061227,0.3094294415592649
price_dcs,5,18,0.5486936073637548,0.7988652009516954,0.4932887700661016,0.30557643088559383,0.08659922078585593,0.33232477446424946
price_dcs,5,19,0.5711581366245007,0.8107450818642974,0.4960233731772338,0.3147217086870636,0.09041175284741079,0.3424516465150953
price_dcs,5,20,0.5433791441036506,0.8086264450103045,0.48845149685813105,0.3201749481521734,0.08904762938218835,0.35323865317459235
price_dcs,5,21,0.5090124625257206,0.8187601445242763,0.475947245670614,0.34281289885366223,0.09040847329207094,0.37534127518026494
price_dcs,5,22,0.7181781575920805,0.8346512457355857,0.4755803535318575,0.3590708922037282,0.0947990262393846,0.33529979966761125
price_dcs,5,23,0.6280791382762493,0.8400487340986729,0.48416808991112403,0.35588064418754883,0.09541202766858219,0.22551397987625577
delta_cs,5,0,nan,0.49117875611409545,0.48907192708254177,0.002106829031553681,0.015304604114580784,nan
delta_cs,5,1,nan,0.5670512453652918,0.5074611294598232,0.05959011590546859,0.027083197705250053,nan
delta_cs,5,2,nan,0.5498970681801438,0.49346284352564496,0.05643422465449888,0.034157803427633714,nan
delta_cs,5,3,nan,0.5698561519384384,0.47987226108016007,0.08998389085827835,0.040855903728349734,nan
delta_cs,5,4,nan,0.6461674650199711,0.4608016761039234,0.1853657889160477,0.055597327554249336,nan
delta_cs,5,5,nan,0.5724991327151656,0.5015522004646151,0.07094693225055049,0.03615738852385721,nan
delta_cs,5,6,nan,0.5658170399256051,0.4964009550119868,0.06941608491361828,0.03395718102847086,nan
delta_cs,5,7,nan,0.5718144746497273,0.4892610191564811,0.08255345549324622,0.034807556804832364,nan
delta_cs,5,8,nan,0.5751472250558436,0.5080136753586597,0.06713354969718388,0.037213318275068616,nan
delta_cs,5,9,nan,0.5721559152007103,0.49957960306296734,0.07257631213774296,0.03529788617927698,nan
delta_cs,5,10,nan,0.579917682800442,0.4966360488635562,0.08328163393688576,0.03574246095052087,nan
delta_cs,5,11,nan,0.6033344315364957,0.5012819294151379,0.10205250212135775,0.05126527794499654,nan
delta_cs,5,12,nan,0.7085086805745959,0.5158960164037232,0.19261266417087275,0.10143425842255659,nan
delta_cs,5,13,nan,0.6904255738481879,0.49409994979121097,0.19632562405697696,0.08751992946742665,nan
delta_cs,5,14,nan,0.6674179509282112,0.4906760592849244,0.1767418916432868,0.06963777733598353,nan
delta_cs,5,15,nan,0.6916524646803737,0.4687519514711193,0.22290051320925436,0.0789822590189019,nan
delta_cs,5,16,nan,0.6685481830500066,0.4785092417362203,0.19003894131378635,0.07149975389891303,nan
delta_cs,5,17,nan,0.6669531706720591,0.47518162979384043,0.19177154087821863,0.06412244390886994,nan
delta_cs,5,18,nan,0.656260222196579,0.47141668667229863,0.18484353552428034,0.06637475817569659,nan
delta_cs,5,19,nan,0.6717603942379355,0.4921354646557756,0.17962492958215992,0.06483579329769415,nan
delta_cs,5,20,nan,0.657882277853787,0.4806575106429573,0.17722476721082964,0.061729536899146245,nan
delta_cs,5,21,nan,0.6502185421995819,0.4833074837395858,0.16691105845999604,0.058252258121916894,nan
delta_cs,5,22,nan,0.7015254055149853,0.49744565516853323,0.2040797503464521,0.06142741236084559,nan
delta_cs,5,23,nan,0.7575366981327534,0.48155711950391433,0.27597957862883904,0.07113363452041031,nan
price_rl,5,0,1.0,0.4900266141630709,0.5127687294387778,-0.02274211527570691,0.032392410747450376,1.0
price_rl,5,1,0.8697668803445581,0.5171310747973621,0.49156063477465206,0.025570440022710028,0.026447978058586556,1.0
price_rl,5,2,0.7662678432127408,0.538826641626656,0.4961343209807788,0.042692320645877246,0.0307257098278741,1.0
price_rl,5,3,0.6455436327718985,0.571911119390279,0.49615012114434615,0.07576099824593291,0.03114948885496544,1.0
price_rl,5,4,0.7871647524307214,0.5837192214094102,0.5068981924096227,0.07682102899978749,0.033748001209583,1.0
price_rl,5,5,0.5999014887323217,0.6152065899223089,0.5077433034496424,0.10746328647266656,0.03649645215112523,1.0
price_rl,5,6,0.8157062960655483,0.6561510669998825,0.5084065340023403,0.1477445329975422,0.04707270771254482,1.0
price_rl,5,7,0.6094234022854168,0.6756197898648679,0.5042646149148226,0.17135517495004537,0.05077673061480775,1.0
price_rl,5,8,0.6308788459324829,0.7192214196547866,0.4949685988346476,0.22425282082013898,0.06011504874677728,1.0
price_rl,5,9,0.7032442665347014,0.7416630825027823,0.5037555598364383,0.23790752266634407,0.0651004014661311,1.0
price_rl,5,10,0.47041116616697587,0.7563857436180115,0.48667029470496825,0.2697154489130432,0.07430836899289327,1.0
price_rl,5,11,0.7270774038387201,0.7853594860062003,0.4996453523191331,0.2857141336870672,0.08160380007127988,1.0
price_rl,5,12,0.5119726523775758,0.8011698750779033,0.48210956932314886,0.3190603057547544,0.08647713899928425,1.0
price_rl,5,13,0.7318360689718436,0.8143625240772963,0.49436934093060536,0.3199931831466909,0.09037572367799754,1.0
price_rl,5,14,0.5804410784607335,0.8314340077340603,0.4855021940530614,0.3459318136809989,0.09632956341412517,1.0
price_rl,5,15,0.4476028712887227,0.8516245828941464,0.47939757976534786,0.3722270031287986,0.10218209778352588,1.0
price_rl,5,16,0.5369613420333276,0.8512057866901159,0.4856400368467145,0.36556574984340146,0.10154346475426085,1.0
price_rl,5,17,1.0,0.8578099003061652,0.49132337460896347,0.36648652569720175,0.10278234236614962,1.0
price_rl,5,18,0.6767116807135466,0.8611595975235105,0.485767962964828,0.37539163455868246,0.10619805338869916,1.0
price_rl,5,19,0.44587000842826907,0.871901941485703,0.4905948655185839,0.3813070759671191,0.11554639739739617,1.0
price_rl,5,20,0.5764137697247156,0.8732022792100906,0.48394928930635966,0.389252989903731,0.11430619563457,1.0
price_rl,5,21,0.7324021133775663,0.8778714453801513,0.47117793217475235,0.4066935132053989,0.11299990681901037,1.0
price_rl,5,22,1.0,0.8818362457677722,0.49095903630956017,0.390877209458212,0.116349553973389,1.0
price_rl,5,23,0.38527006206588965,0.8828719779849052,0.4869700669196077,0.39590191106529754,0.11647409925006252,1.0
price_dcs,6,0,1.0,0.4835226251743734,0.49844482719996097,-0.014922202025587583,0.031826169572739114,0.6476883674109628
price_dcs,6,1,0.60400284350309,0.492771512363106,0.509503035221898,-0.01673152285879198,0.03512037385374271,0.5778509163179282
price_dcs,6,2,0.8359238622513777,0.5202168105170131,0.4987516316900593,0.021465178826953757,0.03229163848746874,0.6579831804320482
price_dcs,6,3,0.9396601919650375,0.5335472640581429,0.5081925949059435,0.025354669152199416,0.029361704281451198,0.6602914091773242
price_dcs,6,4,0.6843435791574743,0.532837693579495,0.4937938948571863,0.039043798722308676,0.03125404438206309,0.6589953055577435
price_dcs,6,5,0.8712921258434478,0.5668518040329218,0.4981089492490606,0.06874285478386122,0.0347640520377421,0.6370961025353867
price_dcs,6,6,0.7565888124178038,0.570955484174192,0.5032091814374927,0.06774630273669924,0.030583237502836626,0.619782233827856
price_dcs,6,7,0.7156203502262216,0.5870478036813438,0.5071764585019635,0.07987134517938033,0.03793229008253358,0.4891256413247025
price_dcs,6,8,0.7178605414483348,0.5989264501258731,0.5142963239326478,0.0846301261932253,0.03773221318119514,0.5473662636381079
price_dcs,6,9,0.626104539564371,0.6126826931722462,0.49905884527254774,0.11362384789969848,0.03828593836771116,0.535699456077507
price_dcs,6,10,0.5859943688984425,0.6230123774148524,0.48930266297740077,0.1337097144374516,0.04066514974920068,0.6242551784347568
price_dcs,6,11,1.0,0.6470461199060082,0.48362363275303544,0.1634224871529728,0.04382267209278158,0.4643806940273921
price_dcs,6,12,0.5844585461037827,0.6657661544159055,0.5081780120319039,0.15758814238400154,0.04603952371958116,0.4051867216722035
price_dcs,6,13,0.6431525650545757,0.6629114346578717,0.48966476269108083,0.1732466719667909,0.0421609582287553,0.5765844567728755
price_dcs,6,14,0.5203003172379325,0.6762164081446826,0.49774569956439413,0.17847070858028852,0.05234737662908026,0.46486920995170256
price_dcs,6,15,0.7001720407358991,0.6943146092817187,0.4997577656537481,0.19455684362797065,0.04940496950997227,0.44796288112142335
price_dcs,6,16,0.5915109235879882,0.6869628774002194,0.5021497975570297,0.18481307984318973,0.04720320883740159,0.5048306549644068
price_dcs,6,17,0.4757304079113963,0.7032633936032653,0.5064066541505261,0.19685673945273918,0.05352422750845744,0.43738767731094264
price_dcs,6,18,0.8154569684252152,0.7054405631497502,0.5039793540365471,0.2014612091132031,0.05218069060056481,0.4416283693408162
price_dcs,6,19,0.6399392192994541,0.7236466454342008,0.5111409264250836,0.2125057190091172,0.05718822449537367,0.41648109970998026
price_dcs,6,20,0.4905882115067681,0.7268691984936595,0.5157741918733588,0.21109500662030067,0.05471097259630606,0.3975185821968803
price_dcs,6,21,0.7048862414405502,0.7366401925683022,0.5070809445319716,0.22955924803633054,0.05989671497850371,0.3500077938663796
price_dcs,6,22,0.6401987262273352,0.7395349843427539,0.5136227914644051,0.22591219287834874,0.058893957863489,0.33838900597428123
price_dcs,6,23,0.8056168341749637,0.7452370431274176,0.5273753296099,0.2178617135175176,0.05953400345550071,0.39126217721028933
delta_cs,6,0,nan,0.49072541343048215,0.491636275671928,-0.0009108622414458756,0.014065279332350206,nan
delta_cs,6,1,nan,0.5476702530868351,0.5095641913197884,0.038106061767046784,0.02434280959558483,nan
delta_cs,6,2,nan,0.537272029556334,0.5101297840544632,0.027142245501870832,0.03169286164536096,nan
delta_cs,6,3,nan,0.6326404423452914,0.5537609229086602,0.07887951943663118,0.051181871523889456,nan
delta_cs,6,4,nan,0.5957208001054823,0.4948200815986098,0.10090071850687254,0.04401030694591638,nan
delta_cs,6,5,nan,0.6417274209670722,0.5509913223107759,0.0907360986562964,0.05638008390725836,nan
delta_cs,6,6,nan,0.5829800488427281,0.5065463649981462,0.07643368384458193,0.04277167855700133,nan
delta_cs,6,7,nan,0.6198012041859329,0.5017286210482998,0.11807258313763302,0.056886438733965976,nan
delta_cs,6,8,nan,0.5530442888848484,0.5083874890488875,0.044656799835960825,0.03279986693235152,nan
delta_cs,6,9,nan,0.5753488251939416,0.5021381565773904,0.07321066861655123,0.040097257351826066,nan
delta_cs,6,10,nan,0.5604845187626779,0.5087713183056074,0.05171320045707051,0.04138003939219315,nan
delta_cs,6,11,nan,0.5637002093717456,0.5231184195586215,0.0405817898131241,0.03787833146189073,nan
delta_cs,6,12,nan,0.5734622040763497,0.5051912854700524,0.0682709186062973,0.04415933737119385,nan
delta_cs,6,13,nan,0.5696554887108505,0.49448363362802195,0.07517185508282853,0.041463098681882186,nan
delta_cs,6,14,nan,0.5716364565305412,0.491215373092722,0.08042108343781917,0.04188802098693699,nan
delta_cs,6,15,nan,0.5950216799974442,0.5142788163925984,0.08074286360484573,0.042497940790353086,nan
delta_cs,6,16,nan,0.5908977808430791,0.5062349795264534,0.08466280131662574,0.041734426068318634,nan
delta_cs,6,17,nan,0.7002410758286715,0.4693025015290459,0.23093857429962555,0.07826971722405734,nan
delta_cs,6,18,nan,0.6955224988050759,0.46375795587134283,0.23176454293373305,0.07796945880671005,nan
delta_cs,6,19,nan,0.675314384046942,0.46721099516076015,0.20810338888618185,0.06855146525608366,nan
delta_cs,6,20,nan,0.6625335495918989,0.4779145109976861,0.1846190385942128,0.06708797397386246,nan
delta_cs,6,21,nan,0.7002824116498232,0.4952627125772653,0.2050196990725579,0.07930110678034508,nan
delta_cs,6,22,nan,0.5784734305925667,0.5023343741424025,0.07613905645016428,0.04217321532132991,nan
delta_cs,6,23,nan,0.5603128084912896,0.5013508247063649,0.058961983784924676,0.03651989975123454,nan
price_rl,6,0,1.0,0.4835226251743734,0.49844482719996097,-0.014922202025587583,0.031826169572739114,1.0
price_rl,6,1,0.6108442075815855,0.49795516952872276,0.5130437229019671,-0.015088553373244329,0.03334353210015347,1.0
price_rl,6,2,0.703380021205261,0.5337867960333824,0.5002138799044493,0.033572916128933095,0.03045054196572156,1.0
price_rl,6,3,0.7631532131192976,0.5538171278312802,0.4963364467739811,0.05748068105729914,0.03505125243648341,1.0
price_rl,6,4,0.776085163408086,0.558745851740241,0.4860480816179329,0.07269777012230816,0.03316418200073172,1.0
price_rl,6,5,0.7240589680414573,0.5974823338910937,0.5044613309861172,0.0930210029049765,0.034979324741233414,1.0
price_rl,6,6,0.7604476305023896,0.6053713709115982,0.5059190760731084,0.09945229483848983,0.03510545012144817,1.0
price_rl,6,7,0.5650182371297222,0.627135366667062,0.48722940156604166,0.13990596510102038,0.04211584229137025,1.0
price_rl,6,8,0.7509205136929484,0.6430098675191402,0.4980313304024444,0.14497853711669584,0.047301660768465495,1.0
price_rl,6,9,0.5512309419741366,0.6624787701293826,0.5159128181267152,0.14656595200266742,0.04985933851978057,1.0
price_rl,6,10,0.5698326540379879,0.6699982658028603,0.5131192917370351,0.15687897406582518,0.052790397886262067,1.0
price_rl,6,11,0.5309067058323886,0.6968669081106782,0.4934256234671185,0.2034412846435597,0.060775002162030474,1.0
price_rl,6,12,0.6758997607692956,0.7093693865463138,0.49212767321601736,0.2172417133302964,0.06206811918320756,1.0
price_rl,6,13,1.0,0.7225318597629666,0.5020127885595974,0.22051907120336922,0.06548405189826899,1.0
price_rl,6,14,0.5494410144927253,0.7446025339886546,0.48865501652819177,0.25594751746046285,0.07370184624313919,1.0
price_rl,6,15,0.2935032287127476,0.7487476645037532,0.49528439860669116,0.25346326589706203,0.07043071922971435,1.0
price_rl,6,16,0.6148642016274981,0.7600225722417235,0.5146943323817434,0.2453282398599801,0.07557044883714631,1.0
price_rl,6,17,0.41155558326241487,0.772369921207428,0.5277256593120632,0.2446442618953648,0.08028009660002218,1.0
price_rl,6,18,0.5648255481497755,0.7768895383924246,0.5176369412879923,0.25925259710443227,0.07955834429942152,1.0
price_rl,6,19,0.5979388507866537,0.7789781717583537,0.523762972343795,0.2552151994145587,0.07928979641230077,1.0
price_rl,6,20,0.4083005074231714,0.7833134951069951,0.5452991850259207,0.23801431008107443,0.07908574853558484,1.0
price_rl,6,21,0.4777195683435653,0.7864371398463845,0.5345153032214212,0.25192183662496337,0.0805036309337375,1.0
price_rl,6,22,0.7041983074679202,0.7872526124119759,0.5267519480782621,0.26050066433371377,0.08240730652467883,1.0
price_rl,6,23,1.0,0.797027762979269,0.5452238772142071,0.25180388576506196,0.08426556052143211,1.0
price_dcs,7,0,1.0,0.4916232950054109,0.4920019159226531,-0.0003786209172421673,0.030976638941604157,0.7018725810403572
price_dcs,7,1,0.7847480553302586,0.5226790132001042,0.4950154944336662,0.027663518766438022,0.03540670844060774,0.703685253452663
price_dcs,7,2,0.8238699510531298,0.5464355880394578,0.48938571754206817,0.05704987049738963,0.03439617416355883,0.5902703665513451
price_dcs,7,3,0.763463359590656,0.5595397790893912,0.4954698257929548,0.06406995329643644,0.03013520591835007,0.613659622275211
price_dcs,7,4,0.8214423319345314,0.5760338166728616,0.5078135358649306,0.06822028080793097,0.03287256074849146,0.6136297963884809
price_dcs,7,5,0.6874137865016368,0.5831690179184079,0.4991386951078721,0.0840303228105358,0.03797736060521459,0.4857996245847641
price_dcs,7,6,0.7945724273814881,0.6047580894082785,0.5091465255138996,0.09561156389437886,0.03796974617494196,0.5984277113098311
price_dcs,7,7,0.7164312597209844,0.6156930569559336,0.48269219516246387,0.1330008617934697,0.03873963187571079,0.5248582393418315
price_dcs,7,8,0.5992357135050762,0.6473576128482819,0.5024957401392651,0.14486187270901674,0.043198040044599026,0.5384428760194984
price_dcs,7,9,0.7364756674319387,0.6642901999875903,0.49091504547470766,0.17337515451288266,0.04715841670097238,0.48789003289751687
price_dcs,7,10,0.6988831836851539,0.6720457430928946,0.5044187333185199,0.1676270097743746,0.04606878293787196,0.49457328134580414
price_dcs,7,11,0.6125410121614909,0.70091487839818,0.48856540889622946,0.21234946950195055,0.05008449389581952,0.497405787720296
price_dcs,7,12,0.5693446562737084,0.6919389916583896,0.49055936779831144,0.20137962386007813,0.05190867765238812,0.5145768408472224
price_dcs,7,13,0.6324080412751851,0.7234469577670097,0.4976711739500696,0.22577578381694013,0.05664806023175511,0.36655073926923354
price_dcs,7,14,0.4899027431970989,0.7268209680914879,0.49550719263299653,0.23131377545849136,0.060658267611523,0.421857912644772
price_dcs,7,15,0.5350253599091113,0.7404954442754388,0.4976698024886701,0.2428256417867687,0.05857766282705993,0.407483999294049
price_dcs,7,16,0.5373959558762113,0.7395214503630996,0.4939277855351071,0.2455936648279925,0.06114442939519908,0.38958185066914375
price_dcs,7,17,0.6643168423583753,0.7657663291320205,0.5161021106533734,0.24966421847864706,0.06224931925679418,0.36139572111464924
price_dcs,7,18,0.5046168247345343,0.7640307089313865,0.5189914772029591,0.24503923172842734,0.06343590143082606,0.3503164693745028
price_dcs,7,19,0.631132618658891,0.7754930974915624,0.5069792410414303,0.26851385645013204,0.06562382057415142,0.32179761336474455
price_dcs,7,20,0.4259944353219986,0.7856854554265738,0.5147282865509288,0.2709571688756449,0.063511685128823,0.3575889318722909
price_dcs,7,21,0.6266789487483047,0.787000990472734,0.4944674664413823,0.2925335240313517,0.06602075870654633,0.3584879472926905
price_dcs,7,22,0.6865469119078037,0.7945969775319099,0.5019226345069385,0.2926743430249714,0.06782260567530292,0.41050611458620356
price_dcs,7,23,0.6387896048045109,0.8033231310546398,0.4838273397492471,0.31949579130539274,0.06612227381927005,0.3257804014782435
delta_cs,7,0,nan,0.5059098629280925,0.5069295469746996,-0.0010196840466071277,0.013982144281434322,nan
delta_cs,7,1,nan,0.5648185815662146,0.5088871031032924,0.055931478462922124,0.027960608530313725,nan
delta_cs,7,2,nan,0.5915625086054206,0.4851263740257411,0.10643613457967949,0.041486729914055415,nan
delta_cs,7,3,nan,0.6530920742079616,0.4924775521374897,0.16061452207047183,0.04599546480623658,nan
delta_cs,7,4,nan,0.6993327001109719,0.4856769923350073,0.21365570777596465,0.05639237353536272,nan
delta_cs,7,5,nan,0.7292807875201106,0.4454824672606953,0.2837983202594153,0.061949722370864574,nan
delta_cs,7,6,nan,0.6587658999487758,0.4814092118598554,0.17735668808892036,0.050807280568356594,nan
delta_cs,7,7,nan,0.6461742240935564,0.48713149697047853,0.15904272712307788,0.04643163933567236,nan
delta_cs,7,8,nan,0.6507854564115405,0.4980781732550331,0.1527072831565074,0.04360881156696665,nan
delta_cs,7,9,nan,0.6454561883583665,0.5015317424598076,0.1439244458985589,0.04431593241207442,nan
delta_cs,7,10,nan,0.7063216352835298,0.4848905808412644,0.22143105444226535,0.0495900733537618,nan
delta_cs,7,11,nan,0.6228274321183562,0.49184286291109347,0.13098456920726276,0.037922663593197584,nan
delta_cs,7,12,nan,0.6298163989558816,0.49842631997446407,0.13139007898141752,0.04081892087533441,nan
delta_cs,7,13,nan,0.6198655068874359,0.49552892173687635,0.12433658515055956,0.04095309703364035,nan
delta_cs,7,14,nan,0.6300131920725107,0.506347555463602,0.12366563660890872,0.037768924007753446,nan
delta_cs,7,15,nan,0.6354891592636704,0.4920614433793405,0.14342771588432995,0.043544679095985195,nan
delta_cs,7,16,nan,0.6335273925215006,0.4913190968002378,0.1422082957212628,0.038824952549980245,nan
delta_cs,7,17,nan,0.6349563412368298,0.503969754673934,0.13098658656289575,0.03566543287932186,nan
delta_cs,7,18,nan,0.6092938100919127,0.49243270207343,0.11686110801848276,0.03967711591569778,nan
delta_cs,7,19,nan,0.6318568466231227,0.488267359350051,0.1435894872730717,0.036658283176366886,nan
delta_cs,7,20,nan,0.6390535263344646,0.5038618216782255,0.1351917046562391,0.039567656621638206,nan
delta_cs,7,21,nan,0.6251415926963091,0.49300704826071484,0.13213454443559425,0.0381026582208195,nan
delta_cs,7,22,nan,0.6241895202547312,0.5050399026137693,0.11914961764096188,0.03737955721914918,nan
delta_cs,7,23,nan,0.6289716064929962,0.4989499383937882,0.130021668099208,0.03656052620513929,nan
price_rl,7,0,1.0,0.4916232950054109,0.4920019159226531,-0.0003786209172421673,0.030976638941604157,1.0
price_rl,7,1,0.7274958321697259,0.5326508404687047,0.49733320679737747,0.03531763367132723,0.036607045412676564,1.0
price_rl,7,2,0.6730701824798253,0.5584466243162751,0.4868097664189828,0.0716368578972923,0.03357601384192556,1.0
price_rl,7,3,0.6223395163220193,0.5722660878673196,0.48781779265393765,0.08444829521338193,0.02991819879040991,1.0
price_rl,7,4,0.8178747846065479,0.59014758374542,0.5035633809607446,0.08658420278467538,0.03367620001568166,1.0
price_rl,7,5,0.6800552989864428,0.6123749641701579,0.4973020814723277,0.11507288269783023,0.03687678953086677,1.0
price_rl,7,6,0.6832842203096653,0.6416323371231556,0.4988093653553283,0.14282297176782727,0.04360936978931188,1.0
price_rl,7,7,0.7436537350279251,0.66885070130229,0.49129599010589814,0.17755471119639182,0.044971061527790734,1.0
price_rl,7,8,0.46291962279010745,0.7028177352622151,0.4999954955215774,0.20282223974063773,0.054755580672955065,1.0
price_rl,7,9,0.6494704966727691,0.7299222927540541,0.5184408898371173,0.21148140291693673,0.05897664487449257,1.0
price_rl,7,10,0.7532877493841567,0.7388059729710221,0.4916399177931715,0.24716605517785062,0.05732336104014256,1.0
price_rl,7,11,0.5936380797022032,0.7698815623298287,0.48823666623687223,0.2816448960929565,0.06318810900745661,1.0
price_rl,7,12,0.6321750152493576,0.7713897991925478,0.5096862001856843,0.26170359900686346,0.06388236521394808,1.0
price_rl,7,13,0.666542638813876,0.8042062511667609,0.5079783325785304,0.2962279185882305,0.06716676468309175,1.0
price_rl,7,14,0.5411869832601831,0.8047180213034153,0.4874674639750631,0.3172505573283522,0.06679560216916056,1.0
price_rl,7,15,0.662816419111402,0.8203488383442163,0.5017479772829786,0.31860086106123775,0.06618323319247155,1.0
price_rl,7,16,0.46053706036152636,0.8200260167941451,0.48077258343389,0.3392534333602551,0.07125904186813885,1.0
price_rl,7,17,0.7356136085132272,0.8316052732989192,0.47964680831485645,0.35195846498406275,0.0725402933782052,1.0
price_rl,7,18,0.7284087479118639,0.8353712158277631,0.46713245592181446,0.3682387599059486,0.06694601204503603,1.0
price_rl,7,19,0.4333114461616214,0.8372164145112038,0.46364798814526287,0.3735684263659409,0.06965846134068489,1.0
price_rl,7,20,0.559370958236983,0.8440595120191574,0.4725034629861642,0.3715560490329932,0.06840870831359203,1.0
price_rl,7,21,0.3134196631070967,0.8420242816209793,0.4718672431168766,0.3701570385041027,0.06768223877063415,1.0
price_rl,7,22,0.3550931734574067,0.847255764529109,0.46987178064128104,0.37738398388782796,0.06876857373621811,1.0
price_rl,7,23,0.5748272628333309,0.8485654992982745,0.46308850420501735,0.38547699509325717,0.07016429697878424,1.0
