best_so_far,mean_R,method,round,seed
1.0,0.03654368014937461,random,0,0
1.0,0.028152554701840367,random,1,0
1.0,0.03413432986839495,random,2,0
1.0,0.04834567087108071,random,3,0
1.0,0.03255839581587379,random,4,0
1.0,0.03248110401909339,random,5,0
1.0,0.030863841219325314,random,6,0
1.0,0.03534776414433313,random,7,0
1.0,0.03832734588027606,random,8,0
1.0,0.01641528010537157,random,9,0
1.0,0.032353161762804276,random,10,0
1.0,0.0294865782263956,random,11,0
1.0,0.032701362323802635,random,12,0
1.0,0.024228268425876907,random,13,0
1.0,0.02510541882508304,random,14,0
1.0,0.04112272444364138,random,15,0
1.0,0.03702465105714753,random,16,0
1.0,0.02861334458596307,random,17,0
1.0,0.020488877574123494,random,18,0
1.0,0.021596956255164425,random,19,0
1.0,0.0406169639598172,random,20,0
1.0,0.032078554782767235,random,21,0
1.0,0.05003678899321855,random,22,0
1.0,0.0245709256115138,random,23,0
1.0,0.035400276870518325,random,24,0
1.0,0.03870817663694119,random,25,0
1.0,0.033906116730228364,random,26,0
1.0,0.02877870173144781,random,27,0
1.0,0.032646718043052435,random,28,0
1.0,0.02576367452937534,random,29,0
1.0,0.02439392468676173,random,30,0
1.0,0.028736771726186477,random,31,0
1.0,0.04399029595643766,random,32,0
1.0,0.03826504439067579,random,33,0
1.0,0.02416156228729015,random,34,0
1.0,0.03160545871420675,random,35,0
1.0,0.04378015995452,random,36,0
1.0,0.03589153872920152,random,37,0
1.0,0.017037750953000495,random,38,0
1.0,0.047081620555522355,random,39,0
1.0,0.03654368014937461,pex,0,0
1.0,0.14179856360816556,pex,1,0
1.0,0.26115776505133226,pex,2,0
1.0,0.2942832995404306,pex,3,0
1.0,0.24691568671060793,pex,4,0
1.0,0.2907695032035516,pex,5,0
1.0,0.2441164254514362,pex,6,0
1.0,0.22336682656139345,pex,7,0
1.0,0.19275869100053772,pex,8,0
1.0,0.18995008924597112,pex,9,0
1.0,0.25166004629967637,pex,10,0
1.0,0.2553705040515781,pex,11,0
1.0,0.29815680936746003,pex,12,0
1.0,0.2552507217905878,pex,13,0
1.0,0.2738289210565103,pex,14,0
1.0,0.26069135246665587,pex,15,0
1.0,0.2489020844584363,pex,16,0
1.0,0.24826271370969885,pex,17,0
1.0,0.25084989055712087,pex,18,0
1.0,0.24539014840637194,pex,19,0
1.0,0.20580824964061273,pex,20,0
1.0,0.24869783677146193,pex,21,0
1.0,0.22976940316343256,pex,22,0
1.0,0.22088937978205236,pex,23,0
1.0,0.2851228257098934,pex,24,0
1.0,0.23254517956061754,pex,25,0
1.0,0.2459199930855071,pex,26,0
1.0,0.2767850446276157,pex,27,0
1.0,0.221695873595934,pex,28,0
1.0,0.28017883017477424,pex,29,0
1.0,0.26218830151567785,pex,30,0
1.0,0.26440664491644855,pex,31,0
1.0,0.23363842953257946,pex,32,0
1.0,0.21619491338644006,pex,33,0
1.0,0.22191865639389458,pex,34,0
1.0,0.2813341934704253,pex,35,0
1.0,0.26195154003057497,pex,36,0
1.0,0.21967381776116504,pex,37,0
1.0,0.2501922234761522,pex,38,0
1.0,0.2417638663896547,pex,39,0
1.0,0.03654368014937461,adalead,0,0
1.0,0.6447520075695212,adalead,1,0
1.0,0.8729934394423173,adalead,2,0
1.0,0.9060156510647979,adalead,3,0
1.0,0.8813258639448014,adalead,4,0
1.0,0.9375860065181836,adalead,5,0
1.0,0.9081235134384312,adalead,6,0
1.0,0.9124540507580332,adalead,7,0
1.0,0.9152084798741317,adalead,8,0
1.0,0.9266780975606081,adalead,9,0
1.0,0.8878291864709353,adalead,10,0
1.0,0.9026360525623673,adalead,11,0
1.0,0.8955043275666938,adalead,12,0
1.0,0.8713377858909681,adalead,13,0
1.0,0.8864136256929853,adalead,14,0
1.0,0.9285841437624481,adalead,15,0
1.0,0.9317809746456789,adalead,16,0
1.0,0.8814579380056554,adalead,17,0
1.0,0.9285385060437206,adalead,18,0
1.0,0.8872670959950849,adalead,19,0
1.0,0.9175008855627346,adalead,20,0
1.0,0.9355234386606588,adalead,21,0
1.0,0.925075506294284,adalead,22,0
1.0,0.9419564876677765,adalead,23,0
1.0,0.929766401619231,adalead,24,0
1.0,0.8877311865200767,adalead,25,0
1.0,0.9093742860079647,adalead,26,0
1.0,0.916967651034148,adalead,27,0
1.0,0.8808770697583239,adalead,28,0
1.0,0.8703089519325576,adalead,29,0
1.0,0.9163790367357081,adalead,30,0
1.0,0.9265035019890577,adalead,31,0
1.0,0.925265132717724,adalead,32,0
1.0,0.9189720262160421,adalead,33,0
1.0,0.8833952483397005,adalead,34,0
1.0,0.9097943630109389,adalead,35,0
1.0,0.9053715338715879,adalead,36,0
1.0,0.8721708523759559,adalead,37,0
1.0,0.9139098388041335,adalead,38,0
1.0,0.9405530495709374,adalead,39,0
1.0,0.021720536952437985,gflownet_al,0,0
1.0,0.055406446636263415,gflownet_al,1,0
1.0,0.03920829785402107,gflownet_al,2,0
1.0,0.025596311127926243,gflownet_al,3,0
1.0,0.049953727250117354,gflownet_al,4,0
1.0,0.06927237517215819,gflownet_al,5,0
1.0,0.04346965244196313,gflownet_al,6,0
1.0,0.05610894702854962,gflownet_al,7,0
1.0,0.05177780399062956,gflownet_al,8,0
1.0,0.05569241313862834,gflownet_al,9,0
1.0,0.04910274101356627,gflownet_al,10,0
1.0,0.04113496620261636,gflownet_al,11,0
1.0,0.06914706219880064,gflownet_al,12,0
1.0,0.06418836767465037,gflownet_al,13,0
1.0,0.04728722842835213,gflownet_al,14,0
1.0,0.06177107264284398,gflownet_al,15,0
1.0,0.02829703646563936,gflownet_al,16,0
1.0,0.06222937374241431,gflownet_al,17,0
1.0,0.03174581904496261,gflownet_al,18,0
1.0,0.03703930808101028,gflownet_al,19,0
1.0,0.049025638386522574,gflownet_al,20,0
1.0,0.051445699732874245,gflownet_al,21,0
1.0,0.05906350055026005,gflownet_al,22,0
1.0,0.057196641017926736,gflownet_al,23,0
1.0,0.06201990308946742,gflownet_al,24,0
1.0,0.07346557703384513,gflownet_al,25,0
1.0,0.08413867956407987,gflownet_al,26,0
1.0,0.05058030718127652,gflownet_al,27,0
1.0,0.07088478092506438,gflownet_al,28,0
1.0,0.06264234501862394,gflownet_al,29,0
1.0,0.07621838560766306,gflownet_al,30,0
1.0,0.06842853989104884,gflownet_al,31,0
1.0,0.07010685484800368,gflownet_al,32,0
1.0,0.04946697512357291,gflownet_al,33,0
1.0,0.054579374830205404,gflownet_al,34,0
1.0,0.056739019598728256,gflownet_al,35,0
1.0,0.055081993490028444,gflownet_al,36,0
1.0,0.05710809806455945,gflownet_al,37,0
1.0,0.053335694620011954,gflownet_al,38,0
1.0,0.07144504794971626,gflownet_al,39,0
1.0,0.021720536952437985,price_rl,0,0
1.0,0.06608052833417259,price_rl,1,0
1.0,0.3617207999206816,price_rl,2,0
1.0,0.7323600570573683,price_rl,3,0
1.0,0.8976988479468571,price_rl,4,0
1.0,0.9328139628783783,price_rl,5,0
1.0,0.9795631151488672,price_rl,6,0
1.0,0.9856715551750955,price_rl,7,0
1.0,0.9918509259745687,price_rl,8,0
1.0,0.9950178739929987,price_rl,9,0
1.0,0.997454347834715,price_rl,10,0
1.0,0.9999484583920194,price_rl,11,0
1.0,1.0,price_rl,12,0
1.0,0.9936069414987405,price_rl,13,0
1.0,1.0,price_rl,14,0
1.0,0.9911904401643515,price_rl,15,0
1.0,0.9950387686557426,price_rl,16,0
1.0,1.0,price_rl,17,0
1.0,0.9909490298407545,price_rl,18,0
1.0,1.0,price_rl,19,0
1.0,0.9955131399937437,price_rl,20,0
1.0,0.9981566913961722,price_rl,21,0
1.0,1.0,price_rl,22,0
1.0,0.9982760630787041,price_rl,23,0
1.0,1.0,price_rl,24,0
1.0,1.0,price_rl,25,0
1.0,0.995011868322876,price_rl,26,0
1.0,1.0,price_rl,27,0
1.0,0.9977375000275456,price_rl,28,0
1.0,1.0,price_rl,29,0
1.0,1.0,price_rl,30,0
1.0,1.0,price_rl,31,0
1.0,1.0,price_rl,32,0
1.0,1.0,price_rl,33,0
1.0,0.997454347834715,price_rl,34,0
1.0,1.0,price_rl,35,0
1.0,1.0,price_rl,36,0
1.0,0.9982012009104537,price_rl,37,0
1.0,0.9950161033229592,price_rl,38,0
1.0,1.0,price_rl,39,0
1.0,0.021720536952437985,price_rl_fixed,0,0
1.0,0.03733398702498814,price_rl_fixed,1,0
1.0,0.052851172773842645,price_rl_fixed,2,0
1.0,0.06895909578497758,price_rl_fixed,3,0
1.0,0.07180517484408937,price_rl_fixed,4,0
1.0,0.09013718483191979,price_rl_fixed,5,0
1.0,0.12564555995403437,price_rl_fixed,6,0
1.0,0.16835005941453496,price_rl_fixed,7,0
1.0,0.19174991303623445,price_rl_fixed,8,0
1.0,0.20987765657136015,price_rl_fixed,9,0
1.0,0.3534445479115577,price_rl_fixed,10,0
1.0,0.29776555079591616,price_rl_fixed,11,0
1.0,0.41906257992209434,price_rl_fixed,12,0
1.0,0.4868006246823508,price_rl_fixed,13,0
1.0,0.579432358031966,price_rl_fixed,14,0
1.0,0.6175276798427157,price_rl_fixed,15,0
1.0,0.6868998950864633,price_rl_fixed,16,0
1.0,0.7941782018972983,price_rl_fixed,17,0
1.0,0.7803998491849103,price_rl_fixed,18,0
1.0,0.8696269198555611,price_rl_fixed,19,0
1.0,0.8711282058669001,price_rl_fixed,20,0
1.0,0.9225365360583342,price_rl_fixed,21,0
1.0,0.9416800034057828,price_rl_fixed,22,0
1.0,0.9370934830553065,price_rl_fixed,23,0
1.0,0.9602323072680832,price_rl_fixed,24,0
1.0,0.9713016966243552,price_rl_fixed,25,0
1.0,0.9798332306969164,price_rl_fixed,26,0
1.0,0.9684388034187884,price_rl_fixed,27,0
1.0,0.9513993239096462,price_rl_fixed,28,0
1.0,0.9718916749879054,price_rl_fixed,29,0
1.0,0.9769932983168294,price_rl_fixed,30,0
1.0,0.9766814122301866,price_rl_fixed,31,0
1.0,0.9891250370326212,price_rl_fixed,32,0
1.0,0.9869001139715285,price_rl_fixed,33,0
1.0,0.9947299750147809,price_rl_fixed,34,0
1.0,0.9881180634730887,price_rl_fixed,35,0
1.0,0.9910483955654792,price_rl_fixed,36,0
1.0,0.9895499287488306,price_rl_fixed,37,0
1.0,0.9927666329955287,price_rl_fixed,38,0
1.0,0.997404598029442,price_rl_fixed,39,0
1.0,0.03666461738112591,random,0,1
1.0,0.023132716150603368,random,1,1
1.0,0.048406149728995505,random,2,1
1.0,0.041554972198423246,random,3,1
1.0,0.024044854360953768,random,4,1
1.0,0.029927945655427824,random,5,1
1.0,0.04251543768662332,random,6,1
1.0,0.029632449138161935,random,7,1
1.0,0.027938361603486415,random,8,1
1.0,0.039545267021692775,random,9,1
1.0,0.05046031560878667,random,10,1
1.0,0.02628568468227463,random,11,1
1.0,0.02098718171811184,random,12,1
1.0,0.028035464300713856,random,13,1
1.0,0.03493658395344023,random,14,1
1.0,0.03121479968043097,random,15,1
1.0,0.028824035899574982,random,16,1
1.0,0.025129434667966376,random,17,1
1.0,0.03121858996948351,random,18,1
1.0,0.03343033120175423,random,19,1
1.0,0.024512649603486807,random,20,1
1.0,0.032473519748898845,random,21,1
1.0,0.03528201661279121,random,22,1
1.0,0.030920997881452753,random,23,1
1.0,0.040188036079435246,random,24,1
1.0,0.025601701479705544,random,25,1
1.0,0.04301686362000911,random,26,1
1.0,0.04260992970106841,random,27,1
1.0,0.027997331123241306,random,28,1
1.0,0.03283912351517879,random,29,1
1.0,0.0254977031824746,random,30,1
1.0,0.060514689577404204,random,31,1
1.0,0.0364503940531989,random,32,1
1.0,0.013349409623253228,random,33,1
1.0,0.03998451616658395,random,34,1
1.0,0.04212929973058565,random,35,1
1.0,0.026020932671752605,random,36,1
1.0,0.04196124331084686,random,37,1
1.0,0.04700779241069565,random,38,1
1.0,0.02269716589120691,random,39,1
1.0,0.03666461738112591,pex,0,1
1.0,0.15749384043658793,pex,1,1
1.0,0.2716239778378445,pex,2,1
1.0,0.24285299802535548,pex,3,1
1.0,0.2861493080477204,pex,4,1
1.0,0.2221301088423521,pex,5,1
1.0,0.236814127984299,pex,6,1
1.0,0.2355378249532558,pex,7,1
1.0,0.1827600057175799,pex,8,1
1.0,0.27424865574880963,pex,9,1
1.0,0.29932822645751883,pex,10,1
1.0,0.23189328913400664,pex,11,1
1.0,0.19952418851822543,pex,12,1
1.0,0.2371673345018763,pex,13,1
1.0,0.25936228491967966,pex,14,1
1.0,0.2755577961991602,pex,15,1
1.0,0.2514275961891129,pex,16,1
1.0,0.2505389442986991,pex,17,1
1.0,0.23781909555397765,pex,18,1
1.0,0.2567615829875911,pex,19,1
1.0,0.24496169590745281,pex,20,1
1.0,0.25142948410064125,pex,21,1
1.0,0.23982751033927457,pex,22,1
1.0,0.20390679422909752,pex,23,1
1.0,0.2266554323261186,pex,24,1
1.0,0.20977064946696067,pex,25,1
1.0,0.2803323343239585,pex,26,1
1.0,0.24038829615478016,pex,27,1
1.0,0.20674647039110497,pex,28,1
1.0,0.21538281261384498,pex,29,1
1.0,0.24166216903303828,pex,30,1
1.0,0.25629130235159614,pex,31,1
1.0,0.25854266902240985,pex,32,1
1.0,0.25838065143169553,pex,33,1
1.0,0.24331322311973708,pex,34,1
1.0,0.21558400387281879,pex,35,1
1.0,0.20174876447689052,pex,36,1
1.0,0.21423080138110634,pex,37,1
1.0,0.2705310930217691,pex,38,1
1.0,0.2630799428714785,pex,39,1
1.0,0.03666461738112591,adalead,0,1
1.0,0.5530015616434095,adalead,1,1
1.0,0.9065610855625917,adalead,2,1
1.0,0.8892808066728116,adalead,3,1
1.0,0.8854991707368771,adalead,4,1
1.0,0.8850724694777786,adalead,5,1
1.0,0.909915156776286,adalead,6,1
1.0,0.9209414818970378,adalead,7,1
1.0,0.8660315356803052,adalead,8,1
1.0,0.879539202403263,adalead,9,1
1.0,0.8839631224627723,adalead,10,1
1.0,0.9014168263049308,adalead,11,1
1.0,0.8960438816036981,adalead,12,1
1.0,0.8567723263297373,adalead,13,1
1.0,0.8937331630604539,adalead,14,1
1.0,0.8344209956999791,adalead,15,1
1.0,0.906924191058732,adalead,16,1
1.0,0.886665999015901,adalead,17,1
1.0,0.8676213979799438,adalead,18,1
1.0,0.902580578253909,adalead,19,1
1.0,0.8536268900118968,adalead,20,1
1.0,0.8749096551463893,adalead,21,1
1.0,0.878061217071527,adalead,22,1
1.0,0.9027773542396469,adalead,23,1
1.0,0.8818919748365794,adalead,24,1
1.0,0.854808059582079,adalead,25,1
1.0,0.9116161289056638,adalead,26,1
1.0,0.9191367854220956,adalead,27,1
1.0,0.8670208038086643,adalead,28,1
1.0,0.8596903809816138,adalead,29,1
1.0,0.9033856367715238,adalead,30,1
1.0,0.8439413943893753,adalead,31,1
1.0,0.9074405209968901,adalead,32,1
1.0,0.8967846382129493,adalead,33,1
1.0,0.8980373226541838,adalead,34,1
1.0,0.8577978214122767,adalead,35,1
1.0,0.8644145494541468,adalead,36,1
1.0,0.874781763874133,adalead,37,1
1.0,0.8605577711985772,adalead,38,1
1.0,0.8665420105166669,adalead,39,1
1.0,0.03204377068172766,gflownet_al,0,1
1.0,0.06429929670122941,gflownet_al,1,1
1.0,0.04436675049003614,gflownet_al,2,1
1.0,0.05045191750214244,gflownet_al,3,1
1.0,0.04816150130663217,gflownet_al,4,1
1.0,0.05109613398093511,gflownet_al,5,1
1.0,0.04605804617581077,gflownet_al,6,1
1.0,0.0637529921220049,gflownet_al,7,1
1.0,0.043102303311468776,gflownet_al,8,1
1.0,0.06309900271514468,gflownet_al,9,1
1.0,0.04041303822930418,gflownet_al,10,1
1.0,0.0479940294427973,gflownet_al,11,1
1.0,0.06766150615171401,gflownet_al,12,1
1.0,0.061366920860597036,gflownet_al,13,1
1.0,0.05761967764822426,gflownet_al,14,1
1.0,0.06473770256486368,gflownet_al,15,1
1.0,0.049264163415904214,gflownet_al,16,1
1.0,0.07382839120944505,gflownet_al,17,1
1.0,0.06698786561305195,gflownet_al,18,1
1.0,0.07551651022511513,gflownet_al,19,1
1.0,0.06839819427735731,gflownet_al,20,1
1.0,0.04906539904903925,gflownet_al,21,1
1.0,0.05512202602996969,gflownet_al,22,1
1.0,0.03598471893770336,gflownet_al,23,1
1.0,0.05529277193091941,gflownet_al,24,1
1.0,0.05566670355026551,gflownet_al,25,1
1.0,0.05921543189913188,gflownet_al,26,1
1.0,0.06615620431385391,gflownet_al,27,1
1.0,0.060579918174905385,gflownet_al,28,1
1.0,0.04474994472379233,gflownet_al,29,1
1.0,0.08445010728197871,gflownet_al,30,1
1.0,0.06198408390228169,gflownet_al,31,1
1.0,0.08729466059854218,gflownet_al,32,1
1.0,0.07531210039876055,gflownet_al,33,1
1.0,0.06765742247607617,gflownet_al,34,1
1.0,0.05221897281714672,gflownet_al,35,1
1.0,0.05874734538063317,gflownet_al,36,1
1.0,0.03948786516129812,gflownet_al,37,1
1.0,0.08687585494148499,gflownet_al,38,1
1.0,0.07345776782498775,gflownet_al,39,1
1.0,0.03204377068172766,price_rl,0,1
1.0,0.15949232712041617,price_rl,1,1
1.0,0.40991997115146306,price_rl,2,1
1.0,0.6140729980463617,price_rl,3,1
1.0,0.9411597388823952,price_rl,4,1
1.0,0.9618015711980031,price_rl,5,1
1.0,0.9789530477066962,price_rl,6,1
1.0,0.9919977735381333,price_rl,7,1
1.0,1.0,price_rl,8,1
1.0,0.9979785162193111,price_rl,9,1
1.0,0.9966339126803686,price_rl,10,1
1.0,0.9948949946090561,price_rl,11,1
1.0,1.0,price_rl,12,1
1.0,0.9996628956838444,price_rl,13,1
1.0,1.0,price_rl,14,1
1.0,1.0,price_rl,15,1
1.0,1.0,price_rl,16,1
1.0,1.0,price_rl,17,1
1.0,1.0,price_rl,18,1
1.0,1.0,price_rl,19,1
1.0,0.9971963418925447,price_rl,20,1
1.0,0.995025987780223,price_rl,21,1
1.0,1.0,price_rl,22,1
1.0,0.9963712132095401,price_rl,23,1
1.0,1.0,price_rl,24,1
1.0,1.0,price_rl,25,1
1.0,1.0,price_rl,26,1
1.0,1.0,price_rl,27,1
1.0,1.0,price_rl,28,1
1.0,1.0,price_rl,29,1
1.0,0.9901320288927805,price_rl,30,1
1.0,1.0,price_rl,31,1
1.0,1.0,price_rl,32,1
1.0,1.0,price_rl,33,1
1.0,1.0,price_rl,34,1
1.0,1.0,price_rl,35,1
1.0,1.0,price_rl,36,1
1.0,0.997333019773452,price_rl,37,1
1.0,1.0,price_rl,38,1
1.0,0.9996628956838444,price_rl,39,1
1.0,0.03204377068172766,price_rl_fixed,0,1
1.0,0.038787518838658164,price_rl_fixed,1,1
1.0,0.050415055167068984,price_rl_fixed,2,1
1.0,0.05704672278146208,price_rl_fixed,3,1
1.0,0.06663542392800728,price_rl_fixed,4,1
1.0,0.08023931778505064,price_rl_fixed,5,1
1.0,0.11973664044947037,price_rl_fixed,6,1
1.0,0.1711798495257989,price_rl_fixed,7,1
1.0,0.1657454470564016,price_rl_fixed,8,1
1.0,0.2399054882465067,price_rl_fixed,9,1
1.0,0.32708021507999807,price_rl_fixed,10,1
1.0,0.33382385935587755,price_rl_fixed,11,1
1.0,0.4301652980297275,price_rl_fixed,12,1
1.0,0.5940824011828256,price_rl_fixed,13,1
1.0,0.6542807004595105,price_rl_fixed,14,1
1.0,0.7827597621144977,price_rl_fixed,15,1
1.0,0.8330917451236769,price_rl_fixed,16,1
1.0,0.8524115295451913,price_rl_fixed,17,1
1.0,0.8852305497630277,price_rl_fixed,18,1
1.0,0.9401855159937977,price_rl_fixed,19,1
1.0,0.9095861050491785,price_rl_fixed,20,1
1.0,0.9393514477972249,price_rl_fixed,21,1
1.0,0.9577541235325288,price_rl_fixed,22,1
1.0,0.9739711312166266,price_rl_fixed,23,1
1.0,0.9844235852157365,price_rl_fixed,24,1
1.0,0.9408340466873125,price_rl_fixed,25,1
1.0,0.9780944258658306,price_rl_fixed,26,1
1.0,0.9668653622201555,price_rl_fixed,27,1
1.0,0.9798552557259348,price_rl_fixed,28,1
1.0,0.9765779549773325,price_rl_fixed,29,1
1.0,0.9686286115246651,price_rl_fixed,30,1
1.0,0.9782285041915759,price_rl_fixed,31,1
1.0,0.9925694065581867,price_rl_fixed,32,1
1.0,0.9912607293245272,price_rl_fixed,33,1
1.0,0.9895606805314275,price_rl_fixed,34,1
1.0,0.9829033387747205,price_rl_fixed,35,1
1.0,0.9982792540849821,price_rl_fixed,36,1
1.0,0.9903577328901517,price_rl_fixed,37,1
1.0,0.9939767166722597,price_rl_fixed,38,1
1.0,0.9924144232015467,price_rl_fixed,39,1
1.0,0.03711334988182879,random,0,2
1.0,0.03191818308269696,random,1,2
1.0,0.03549838404596058,random,2,2
1.0,0.0252310805836724,random,3,2
1.0,0.04481347546148989,random,4,2
1.0,0.03301815544025016,random,5,2
1.0,0.01809370933319043,random,6,2
1.0,0.026136817118092803,random,7,2
1.0,0.011342979660097764,random,8,2
1.0,0.045539027329264126,random,9,2
1.0,0.03124974703526318,random,10,2
1.0,0.036096792203964806,random,11,2
1.0,0.028759357331276315,random,12,2
1.0,0.028167909601708035,random,13,2
1.0,0.055532369124679216,random,14,2
1.0,0.033975110512868494,random,15,2
1.0,0.023691569656427422,random,16,2
1.0,0.01646543530295383,random,17,2
1.0,0.03130541897248484,random,18,2
1.0,0.01839956967396106,random,19,2
1.0,0.045472599627071404,random,20,2
1.0,0.029093637848681873,random,21,2
1.0,0.04250523044575097,random,22,2
1.0,0.04669737094067237,random,23,2
1.0,0.03449725334849287,random,24,2
1.0,0.026008703399791472,random,25,2
1.0,0.04548546894836922,random,26,2
1.0,0.04845409832512475,random,27,2
1.0,0.05617984414883804,random,28,2
1.0,0.020311919095018966,random,29,2
1.0,0.03805320483278247,random,30,2
1.0,0.05747343660127493,random,31,2
1.0,0.029394761690399358,random,32,2
1.0,0.04153753981184318,random,33,2
1.0,0.020904897682402845,random,34,2
1.0,0.03690650233998254,random,35,2
1.0,0.03198084101926441,random,36,2
1.0,0.034536241412706524,random,37,2
1.0,0.026902410799808124,random,38,2
1.0,0.015545846889931682,random,39,2
1.0,0.03711334988182879,pex,0,2
1.0,0.15991638449658166,pex,1,2
1.0,0.22625255889790616,pex,2,2
1.0,0.23270512669874244,pex,3,2
1.0,0.2543895211830496,pex,4,2
1.0,0.2506509405108117,pex,5,2
1.0,0.2332288094783764,pex,6,2
1.0,0.23500869280191877,pex,7,2
1.0,0.24397642827032162,pex,8,2
1.0,0.2825729507232332,pex,9,2
1.0,0.26640784888829555,pex,10,2
1.0,0.26278036893323636,pex,11,2
1.0,0.23702567846923825,pex,12,2
1.0,0.24091908897428513,pex,13,2
1.0,0.2473351243239934,pex,14,2
1.0,0.2502749530842716,pex,15,2
1.0,0.26987208964271586,pex,16,2
1.0,0.2740107818616034,pex,17,2
1.0,0.19501537578438918,pex,18,2
1.0,0.2422677474800214,pex,19,2
1.0,0.26582751395646426,pex,20,2
1.0,0.24334199751392258,pex,21,2
1.0,0.24062016792755692,pex,22,2
1.0,0.22759377004916226,pex,23,2
1.0,0.23042552401266864,pex,24,2
1.0,0.31464395161730924,pex,25,2
1.0,0.2681351951466874,pex,26,2
1.0,0.2533489274752336,pex,27,2
1.0,0.2651863871194708,pex,28,2
1.0,0.24277389400971772,pex,29,2
1.0,0.27707588034246,pex,30,2
1.0,0.3193541776656687,pex,31,2
1.0,0.24851263380468552,pex,32,2
1.0,0.2528811448121693,pex,33,2
1.0,0.23935189668826978,pex,34,2
1.0,0.2745784114279491,pex,35,2
1.0,0.2624900303260218,pex,36,2
1.0,0.24441932915097475,pex,37,2
1.0,0.2375214471997734,pex,38,2
1.0,0.2898911255838823,pex,39,2
1.0,0.03711334988182879,adalead,0,2
1.0,0.6144276408850124,adalead,1,2
1.0,0.8462944436394878,adalead,2,2
1.0,0.8936411095520078,adalead,3,2
1.0,0.8628772744172865,adalead,4,2
1.0,0.8930370693674289,adalead,5,2
1.0,0.8951141932682621,adalead,6,2
1.0,0.9131697018905137,adalead,7,2
1.0,0.8796016135240075,adalead,8,2
1.0,0.867290247386434,adalead,9,2
1.0,0.8646924186960413,adalead,10,2
1.0,0.8221995981725608,adalead,11,2
1.0,0.8269967441862672,adalead,12,2
1.0,0.8999779844117018,adalead,13,2
1.0,0.8672607494406944,adalead,14,2
1.0,0.8126245632998453,adalead,15,2
1.0,0.8811284650872767,adalead,16,2
1.0,0.8657447941118206,adalead,17,2
1.0,0.8695207279899125,adalead,18,2
1.0,0.8159139870550777,adalead,19,2
1.0,0.8283973052223907,adalead,20,2
1.0,0.8270454363617893,adalead,21,2
1.0,0.8693343915100936,adalead,22,2
1.0,0.8260592608280042,adalead,23,2
1.0,0.8763669465823537,adalead,24,2
1.0,0.8365100521556909,adalead,25,2
1.0,0.8463069254705314,adalead,26,2
1.0,0.8297156393949515,adalead,27,2
1.0,0.8761261337416151,adalead,28,2
1.0,0.824424493546509,adalead,29,2
1.0,0.8544479775144836,adalead,30,2
1.0,0.811100698777042,adalead,31,2
1.0,0.8202159485058858,adalead,32,2
1.0,0.8848301070430082,adalead,33,2
1.0,0.8700882364435265,adalead,34,2
1.0,0.8754978054434451,adalead,35,2
1.0,0.8246644772249518,adalead,36,2
1.0,0.8251184337800538,adalead,37,2
1.0,0.8564797414597447,adalead,38,2
1.0,0.8703167336873157,adalead,39,2
1.0,0.03239431932111188,gflownet_al,0,2
1.0,0.033330986506254816,gflownet_al,1,2
1.0,0.023707919066210437,gflownet_al,2,2
1.0,0.06144772867372192,gflownet_al,3,2
1.0,0.05086502317358081,gflownet_al,4,2
1.0,0.03517967001742789,gflownet_al,5,2
1.0,0.04579573591141008,gflownet_al,6,2
1.0,0.029848620937139837,gflownet_al,7,2
1.0,0.06528326921271091,gflownet_al,8,2
1.0,0.057511717065322966,gflownet_al,9,2
1.0,0.06920632308276804,gflownet_al,10,2
1.0,0.030626343949294803,gflownet_al,11,2
1.0,0.07335475154489607,gflownet_al,12,2
1.0,0.04371079085823678,gflownet_al,13,2
1.0,0.04918280586447143,gflownet_al,14,2
1.0,0.08970145650941541,gflownet_al,15,2
1.0,0.034448848842688444,gflownet_al,16,2
1.0,0.06068160832697371,gflownet_al,17,2
1.0,0.04787816556219321,gflownet_al,18,2
1.0,0.07213776079792719,gflownet_al,19,2
1.0,0.04608834216068327,gflownet_al,20,2
1.0,0.0461796674985992,gflownet_al,21,2
1.0,0.05487627959318523,gflownet_al,22,2
1.0,0.0723121475650749,gflownet_al,23,2
1.0,0.045629340498211636,gflownet_al,24,2
1.0,0.05945765988417689,gflownet_al,25,2
1.0,0.03960030801840954,gflownet_al,26,2
1.0,0.06456277902442506,gflownet_al,27,2
1.0,0.055129755285950564,gflownet_al,28,2
1.0,0.03750274502617564,gflownet_al,29,2
1.0,0.06634481949356669,gflownet_al,30,2
1.0,0.06655724856840582,gflownet_al,31,2
1.0,0.06534499112686093,gflownet_al,32,2
1.0,0.050960397123392925,gflownet_al,33,2
1.0,0.06748514803074507,gflownet_al,34,2
1.0,0.036792437171103025,gflownet_al,35,2
1.0,0.06745997226600048,gflownet_al,36,2
1.0,0.04368124120277659,gflownet_al,37,2
1.0,0.046641027900528466,gflownet_al,38,2
1.0,0.06738853736291053,gflownet_al,39,2
1.0,0.03239431932111188,price_rl,0,2
1.0,0.2473863850061766,price_rl,1,2
1.0,0.834574463670291,price_rl,2,2
1.0,0.9467242400816144,price_rl,3,2
1.0,0.9801693712484547,price_rl,4,2
1.0,0.9879319258278053,price_rl,5,2
1.0,0.9892828539790393,price_rl,6,2
1.0,0.9915850823873391,price_rl,7,2
1.0,0.9885075869171677,price_rl,8,2
1.0,0.9971389706306346,price_rl,9,2
1.0,0.9838250801746079,price_rl,10,2
1.0,0.9921962065549422,price_rl,11,2
1.0,1.0,price_rl,12,2
1.0,0.9999634763307929,price_rl,13,2
1.0,0.9908556978159874,price_rl,14,2
1.0,0.9950008383778883,price_rl,15,2
1.0,1.0,price_rl,16,2
1.0,1.0,price_rl,17,2
1.0,1.0,price_rl,18,2
1.0,0.9885846768172212,price_rl,19,2
1.0,0.998121991441719,price_rl,20,2
1.0,0.9971389706306346,price_rl,21,2
1.0,0.9950270540504323,price_rl,22,2
1.0,0.9943901734024595,price_rl,23,2
1.0,1.0,price_rl,24,2
1.0,1.0,price_rl,25,2
1.0,1.0,price_rl,26,2
1.0,0.9945011739210746,price_rl,27,2
1.0,0.9997223725050649,price_rl,28,2
1.0,0.9942827900794206,price_rl,29,2
1.0,1.0,price_rl,30,2
1.0,1.0,price_rl,31,2
1.0,1.0,price_rl,32,2
1.0,1.0,price_rl,33,2
1.0,1.0,price_rl,34,2
1.0,1.0,price_rl,35,2
1.0,1.0,price_rl,36,2
1.0,1.0,price_rl,37,2
1.0,1.0,price_rl,38,2
1.0,1.0,price_rl,39,2
1.0,0.03239431932111188,price_rl_fixed,0,2
1.0,0.040063356884565256,price_rl_fixed,1,2
1.0,0.06831990832185922,price_rl_fixed,2,2
1.0,0.054995236538280416,price_rl_fixed,3,2
1.0,0.08791523969133898,price_rl_fixed,4,2
1.0,0.12510596803177862,price_rl_fixed,5,2
1.0,0.12339529683522336,price_rl_fixed,6,2
1.0,0.1748135625383031,price_rl_fixed,7,2
1.0,0.2127343094518388,price_rl_fixed,8,2
1.0,0.3106027757153776,price_rl_fixed,9,2
1.0,0.4464646627686358,price_rl_fixed,10,2
1.0,0.5594295555110955,price_rl_fixed,11,2
1.0,0.6890756581660556,price_rl_fixed,12,2
1.0,0.8010574612442989,price_rl_fixed,13,2
1.0,0.8606390852647818,price_rl_fixed,14,2
1.0,0.8955243348602474,price_rl_fixed,15,2
1.0,0.8985134971259015,price_rl_fixed,16,2
1.0,0.8703390098269125,price_rl_fixed,17,2
1.0,0.9146564320217371,price_rl_fixed,18,2
1.0,0.9135610468063446,price_rl_fixed,19,2
1.0,0.9364299956993264,price_rl_fixed,20,2
1.0,0.956570181710637,price_rl_fixed,21,2
1.0,0.9692130703579127,price_rl_fixed,22,2
1.0,0.9551449389456136,price_rl_fixed,23,2
1.0,0.9705618992954745,price_rl_fixed,24,2
1.0,0.9654247286698043,price_rl_fixed,25,2
1.0,0.9812523204857336,price_rl_fixed,26,2
1.0,0.9714373949323223,price_rl_fixed,27,2
1.0,0.9731532691863662,price_rl_fixed,28,2
1.0,0.9832114321122498,price_rl_fixed,29,2
1.0,0.9772041749445546,price_rl_fixed,30,2
1.0,0.9908445714838632,price_rl_fixed,31,2
1.0,0.9814072520751838,price_rl_fixed,32,2
1.0,0.9879023125588381,price_rl_fixed,33,2
1.0,0.9782348648064986,price_rl_fixed,34,2
1.0,0.9804749535333818,price_rl_fixed,35,2
1.0,0.9875715810915675,price_rl_fixed,36,2
1.0,0.9943152187473936,price_rl_fixed,37,2
1.0,0.9918876764403701,price_rl_fixed,38,2
1.0,0.9720344740631768,price_rl_fixed,39,2
1.0,0.04258316465489129,random,0,3
1.0,0.03411364008628476,random,1,3
1.0,0.025649766572945477,random,2,3
1.0,0.044636737161506644,random,3,3
1.0,0.04741287493726642,random,4,3
1.0,0.03416750470858551,random,5,3
1.0,0.03941976614380599,random,6,3
1.0,0.047284085863917386,random,7,3
1.0,0.03416110704002442,random,8,3
1.0,0.02343623937772013,random,9,3
1.0,0.045852606768060626,random,10,3
1.0,0.04465295630460796,random,11,3
1.0,0.026819077751104703,random,12,3
1.0,0.056625712027911945,random,13,3
1.0,0.04095682647100661,random,14,3
1.0,0.05041902371416272,random,15,3
1.0,0.05275907249548171,random,16,3
1.0,0.043138957750880814,random,17,3
1.0,0.021668850809537586,random,18,3
1.0,0.04099086033539193,random,19,3
1.0,0.03903457371204283,random,20,3
1.0,0.02493782892905224,random,21,3
1.0,0.03428602209836663,random,22,3
1.0,0.040904150184417495,random,23,3
1.0,0.04142035389305342,random,24,3
1.0,0.04860266910502831,random,25,3
1.0,0.021481457789721742,random,26,3
1.0,0.017833669480963998,random,27,3
1.0,0.0540719317535691,random,28,3
1.0,0.03577086559273385,random,29,3
1.0,0.05888733723038157,random,30,3
1.0,0.02569551392336949,random,31,3
1.0,0.02898722976758987,random,32,3
1.0,0.02035291050765533,random,33,3
1.0,0.029942194494695245,random,34,3
1.0,0.037747251145386775,random,35,3
1.0,0.027861877640898015,random,36,3
1.0,0.038906638550648374,random,37,3
1.0,0.030744770350252935,random,38,3
1.0,0.03104014658159607,random,39,3
1.0,0.04258316465489129,pex,0,3
1.0,0.1922689420652151,pex,1,3
1.0,0.21920168285887723,pex,2,3
1.0,0.23970832683382604,pex,3,3
1.0,0.1705439480291689,pex,4,3
1.0,0.2244827730874642,pex,5,3
1.0,0.2952111468585326,pex,6,3
1.0,0.1809344766710087,pex,7,3
1.0,0.26339178535797075,pex,8,3
1.0,0.2631738962486272,pex,9,3
1.0,0.22573105005274555,pex,10,3
1.0,0.22171917933035545,pex,11,3
1.0,0.26774066375823696,pex,12,3
1.0,0.26454570210013817,pex,13,3
1.0,0.2118130530096599,pex,14,3
1.0,0.21774552059483,pex,15,3
1.0,0.280490364879655,pex,16,3
1.0,0.28950938910429064,pex,17,3
1.0,0.19934990421146748,pex,18,3
1.0,0.23671615930463538,pex,19,3
1.0,0.2330307701834363,pex,20,3
1.0,0.2907987971574262,pex,21,3
1.0,0.24093256957119916,pex,22,3
1.0,0.24215161937503096,pex,23,3
1.0,0.2398273839336059,pex,24,3
1.0,0.18954628587809577,pex,25,3
1.0,0.195344702241944,pex,26,3
1.0,0.20654505573530016,pex,27,3
1.0,0.22072932841614748,pex,28,3
1.0,0.23433076098765107,pex,29,3
1.0,0.24213487701284975,pex,30,3
1.0,0.20020348791316775,pex,31,3
1.0,0.23032121197322758,pex,32,3
1.0,0.2728340967362744,pex,33,3
1.0,0.22425904869943772,pex,34,3
1.0,0.2564781943771993,pex,35,3
1.0,0.24300207217341246,pex,36,3
1.0,0.24435437977208288,pex,37,3
1.0,0.22738820496498055,pex,38,3
1.0,0.21900387051527262,pex,39,3
1.0,0.04258316465489129,adalead,0,3
1.0,0.7530217442419022,adalead,1,3
1.0,0.8236065471668497,adalead,2,3
1.0,0.836815490090361,adalead,3,3
1.0,0.8224737952582026,adalead,4,3
1.0,0.844009663863755,adalead,5,3
1.0,0.8505984737561039,adalead,6,3
1.0,0.8861484920399869,adalead,7,3
1.0,0.8556503459191813,adalead,8,3
1.0,0.8916749164233377,adalead,9,3
1.0,0.8518848922107423,adalead,10,3
1.0,0.8875890612785312,adalead,11,3
1.0,0.846856938778306,adalead,12,3
1.0,0.8933487109329438,adalead,13,3
1.0,0.8760003949569868,adalead,14,3
1.0,0.9015861436811394,adalead,15,3
1.0,0.8655215806299534,adalead,16,3
1.0,0.8819144855623423,adalead,17,3
1.0,0.8737020251450676,adalead,18,3
1.0,0.8693296627856552,adalead,19,3
1.0,0.8392211561234066,adalead,20,3
1.0,0.9128838332258513,adalead,21,3
1.0,0.8968090503881005,adalead,22,3
1.0,0.8668454534488186,adalead,23,3
1.0,0.874176081386684,adalead,24,3
1.0,0.8585670104776943,adalead,25,3
1.0,0.8665748590421223,adalead,26,3
1.0,0.8732165075488095,adalead,27,3
1.0,0.8291981288283031,adalead,28,3
1.0,0.8656812294737157,adalead,29,3
1.0,0.8870457432846134,adalead,30,3
1.0,0.8928597825318297,adalead,31,3
1.0,0.863206675449008,adalead,32,3
1.0,0.8713946243605255,adalead,33,3
1.0,0.8971140972001175,adalead,34,3
1.0,0.8688431263952948,adalead,35,3
1.0,0.862092823302035,adalead,36,3
1.0,0.8816835324696636,adalead,37,3
1.0,0.857464032692451,adalead,38,3
1.0,0.9028808374572805,adalead,39,3
1.0,0.0358066812662119,gflownet_al,0,3
1.0,0.036984026656568664,gflownet_al,1,3
1.0,0.0486639341134088,gflownet_al,2,3
1.0,0.03872200258713201,gflownet_al,3,3
1.0,0.042057472154459964,gflownet_al,4,3
1.0,0.0451223839490503,gflownet_al,5,3
1.0,0.03198578082143606,gflownet_al,6,3
1.0,0.04258824389515711,gflownet_al,7,3
1.0,0.02411646040564162,gflownet_al,8,3
1.0,0.07491290662487908,gflownet_al,9,3
1.0,0.061170318415075725,gflownet_al,10,3
1.0,0.047367874372544305,gflownet_al,11,3
1.0,0.06520021766123443,gflownet_al,12,3
1.0,0.053879844976174276,gflownet_al,13,3
1.0,0.052655335603989245,gflownet_al,14,3
1.0,0.04890667495377033,gflownet_al,15,3
1.0,0.047950571687734665,gflownet_al,16,3
1.0,0.06332837689800278,gflownet_al,17,3
1.0,0.07179601310322935,gflownet_al,18,3
1.0,0.04635205860360115,gflownet_al,19,3
1.0,0.050911621225903224,gflownet_al,20,3
1.0,0.05046599408857751,gflownet_al,21,3
1.0,0.06752080525005365,gflownet_al,22,3
1.0,0.07229634313063936,gflownet_al,23,3
1.0,0.043504020056545904,gflownet_al,24,3
1.0,0.05040099239584867,gflownet_al,25,3
1.0,0.0635566138107228,gflownet_al,26,3
1.0,0.054495949546394924,gflownet_al,27,3
1.0,0.07157886042516123,gflownet_al,28,3
1.0,0.04327838290555506,gflownet_al,29,3
1.0,0.061918566547055694,gflownet_al,30,3
1.0,0.07978873603490316,gflownet_al,31,3
1.0,0.043249603933927856,gflownet_al,32,3
1.0,0.05666393522780175,gflownet_al,33,3
1.0,0.04952068208407985,gflownet_al,34,3
1.0,0.05926792760849204,gflownet_al,35,3
1.0,0.04599270427361648,gflownet_al,36,3
1.0,0.06651763032166262,gflownet_al,37,3
1.0,0.035014994251905365,gflownet_al,38,3
1.0,0.05636342971066969,gflownet_al,39,3
1.0,0.0358066812662119,price_rl,0,3
1.0,0.12706914478326564,price_rl,1,3
1.0,0.6303233904635741,price_rl,2,3
1.0,0.9003582663294418,price_rl,3,3
1.0,0.967922650167822,price_rl,4,3
1.0,0.9612712072778763,price_rl,5,3
1.0,0.9950453716403771,price_rl,6,3
1.0,0.9797708733449366,price_rl,7,3
1.0,0.9900135666472498,price_rl,8,3
1.0,0.9891104990203278,price_rl,9,3
1.0,0.9948435046624274,price_rl,10,3
1.0,0.9913444490425027,price_rl,11,3
1.0,0.990004323629648,price_rl,12,3
1.0,0.996625129028861,price_rl,13,3
1.0,0.9970300006623981,price_rl,14,3
1.0,0.9998711767611104,price_rl,15,3
1.0,0.9981833226737791,price_rl,16,3
1.0,0.9950170901322951,price_rl,17,3
1.0,0.99999042419157,price_rl,18,3
1.0,0.9994644677065071,price_rl,19,3
1.0,1.0,price_rl,20,3
1.0,0.9980339034122392,price_rl,21,3
1.0,0.9989253977075149,price_rl,22,3
1.0,0.9963273589102076,price_rl,23,3
1.0,1.0,price_rl,24,3
1.0,1.0,price_rl,25,3
1.0,1.0,price_rl,26,3
1.0,1.0,price_rl,27,3
1.0,0.9974160505977046,price_rl,28,3
1.0,0.9950261402012214,price_rl,29,3
1.0,0.9984753241927496,price_rl,30,3
1.0,0.9950087561970693,price_rl,31,3
1.0,1.0,price_rl,32,3
1.0,1.0,price_rl,33,3
1.0,1.0,price_rl,34,3
1.0,0.9998711767611104,price_rl,35,3
1.0,1.0,price_rl,36,3
1.0,1.0,price_rl,37,3
1.0,1.0,price_rl,38,3
1.0,1.0,price_rl,39,3
1.0,0.0358066812662119,price_rl_fixed,0,3
1.0,0.05235390889236991,price_rl_fixed,1,3
1.0,0.0425979710666559,price_rl_fixed,2,3
1.0,0.06916413580780058,price_rl_fixed,3,3
1.0,0.04426290733826513,price_rl_fixed,4,3
1.0,0.07234882317651099,price_rl_fixed,5,3
1.0,0.13149015205947845,price_rl_fixed,6,3
1.0,0.16584595637265712,price_rl_fixed,7,3
1.0,0.19447973670063823,price_rl_fixed,8,3
1.0,0.22223178047772077,price_rl_fixed,9,3
1.0,0.2334372384400346,price_rl_fixed,10,3
1.0,0.3260493672265017,price_rl_fixed,11,3
1.0,0.4103300384896106,price_rl_fixed,12,3
1.0,0.4201505780294778,price_rl_fixed,13,3
1.0,0.5154380341354199,price_rl_fixed,14,3
1.0,0.6278529828154833,price_rl_fixed,15,3
1.0,0.6028174515511195,price_rl_fixed,16,3
1.0,0.709085104403531,price_rl_fixed,17,3
1.0,0.7613182170787749,price_rl_fixed,18,3
1.0,0.8237312347284851,price_rl_fixed,19,3
1.0,0.8755926363431393,price_rl_fixed,20,3
1.0,0.9324848608939242,price_rl_fixed,21,3
1.0,0.8892907876946211,price_rl_fixed,22,3
1.0,0.9770251471861251,price_rl_fixed,23,3
1.0,0.9694256969338774,price_rl_fixed,24,3
1.0,0.9694906893123283,price_rl_fixed,25,3
1.0,0.9449266562947932,price_rl_fixed,26,3
1.0,0.9570469168618416,price_rl_fixed,27,3
1.0,0.9790463862821502,price_rl_fixed,28,3
1.0,0.9877510608564125,price_rl_fixed,29,3
1.0,0.9950837257514974,price_rl_fixed,30,3
1.0,0.9906015328908668,price_rl_fixed,31,3
1.0,0.995121293946807,price_rl_fixed,32,3
1.0,0.9814814425036801,price_rl_fixed,33,3
1.0,0.9967262710028322,price_rl_fixed,34,3
1.0,0.9987075601756281,price_rl_fixed,35,3
1.0,0.9985526215648028,price_rl_fixed,36,3
1.0,0.9950233116930147,price_rl_fixed,37,3
1.0,0.9885704681224187,price_rl_fixed,38,3
1.0,0.9975530366317368,price_rl_fixed,39,3
1.0,0.04267321002747269,random,0,4
1.0,0.02864829075059088,random,1,4
1.0,0.03121225998246655,random,2,4
1.0,0.033099124272926224,random,3,4
1.0,0.045239071806339924,random,4,4
1.0,0.020825554574438163,random,5,4
1.0,0.038273885364805374,random,6,4
1.0,0.025109626589965225,random,7,4
1.0,0.05159185511469605,random,8,4
1.0,0.03772488625164896,random,9,4
1.0,0.03614277121208082,random,10,4
1.0,0.02796407254590127,random,11,4
1.0,0.02605419012967818,random,12,4
1.0,0.017843350825777954,random,13,4
1.0,0.0385918943939913,random,14,4
1.0,0.026017718015931,random,15,4
1.0,0.053623517760198566,random,16,4
1.0,0.01997382285802157,random,17,4
1.0,0.045702359868641136,random,18,4
1.0,0.04069303844380898,random,19,4
1.0,0.020467707455710454,random,20,4
1.0,0.04676683871656037,random,21,4
1.0,0.03514654331430485,random,22,4
1.0,0.05113997114791845,random,23,4
1.0,0.03641521604932707,random,24,4
1.0,0.022365581086872793,random,25,4
1.0,0.025617471476872926,random,26,4
1.0,0.02240416312292285,random,27,4
1.0,0.032834654875526545,random,28,4
1.0,0.020972490015349995,random,29,4
1.0,0.03494170897677582,random,30,4
1.0,0.023211130620726488,random,31,4
1.0,0.029248650282902976,random,32,4
1.0,0.025134836069338168,random,33,4
1.0,0.021051618899635485,random,34,4
1.0,0.047753309776329196,random,35,4
1.0,0.03319360673164709,random,36,4
1.0,0.034222260776618905,random,37,4
1.0,0.03208639635372278,random,38,4
1.0,0.029181830493225244,random,39,4
1.0,0.04267321002747269,pex,0,4
1.0,0.15680593485644617,pex,1,4
1.0,0.192780076737615,pex,2,4
1.0,0.23107975556930008,pex,3,4
1.0,0.23876233988308965,pex,4,4
1.0,0.2153085664554145,pex,5,4
1.0,0.2715578690881986,pex,6,4
1.0,0.24933038876015343,pex,7,4
1.0,0.16448898135532006,pex,8,4
1.0,0.21569403558579148,pex,9,4
1.0,0.175076493397951,pex,10,4
1.0,0.22238586747754205,pex,11,4
1.0,0.23363186243276757,pex,12,4
1.0,0.25481502723908017,pex,13,4
1.0,0.21998300164873782,pex,14,4
1.0,0.2508567662858477,pex,15,4
1.0,0.2037849277129221,pex,16,4
1.0,0.26599454950612866,pex,17,4
1.0,0.27347267304538925,pex,18,4
1.0,0.23129189927273053,pex,19,4
1.0,0.2887620940001456,pex,20,4
1.0,0.28655977964435386,pex,21,4
1.0,0.23679603655008286,pex,22,4
1.0,0.25790789715577506,pex,23,4
1.0,0.23483013968614316,pex,24,4
1.0,0.2362069866203557,pex,25,4
1.0,0.22340991990623152,pex,26,4
1.0,0.21330032764189397,pex,27,4
1.0,0.2641561181166333,pex,28,4
1.0,0.26871506633477515,pex,29,4
1.0,0.2302116138859214,pex,30,4
1.0,0.2611443051423923,pex,31,4
1.0,0.2704843381567159,pex,32,4
1.0,0.2766587790176224,pex,33,4
1.0,0.18643964187895054,pex,34,4
1.0,0.2783979021363173,pex,35,4
1.0,0.20956258365979089,pex,36,4
1.0,0.18993287496370367,pex,37,4
1.0,0.2395178463028119,pex,38,4
1.0,0.1893318805550691,pex,39,4
1.0,0.04267321002747269,adalead,0,4
1.0,0.5927467661132811,adalead,1,4
1.0,0.8269326152883781,adalead,2,4
1.0,0.9000072383881883,adalead,3,4
1.0,0.8550493929281964,adalead,4,4
1.0,0.8715904573373032,adalead,5,4
1.0,0.8429541057590093,adalead,6,4
1.0,0.8704272474033466,adalead,7,4
1.0,0.8675135628983566,adalead,8,4
1.0,0.8569429347902546,adalead,9,4
1.0,0.9058179994092034,adalead,10,4
1.0,0.859094731397778,adalead,11,4
1.0,0.8679597356309222,adalead,12,4
1.0,0.8899553491795003,adalead,13,4
1.0,0.8998767925960152,adalead,14,4
1.0,0.874069010438105,adalead,15,4
1.0,0.8726573095495394,adalead,16,4
1.0,0.9039036127899603,adalead,17,4
1.0,0.8684771734031986,adalead,18,4
1.0,0.8689114053577935,adalead,19,4
1.0,0.871140597926788,adalead,20,4
1.0,0.9187973477327196,adalead,21,4
1.0,0.907885835096962,adalead,22,4
1.0,0.8757767328146986,adalead,23,4
1.0,0.8870848566548862,adalead,24,4
1.0,0.8974668653396977,adalead,25,4
1.0,0.9043642503214877,adalead,26,4
1.0,0.8901755198965536,adalead,27,4
1.0,0.8390384137666623,adalead,28,4
1.0,0.8882975167435998,adalead,29,4
1.0,0.885583533901811,adalead,30,4
1.0,0.893306850981646,adalead,31,4
1.0,0.8761689477645883,adalead,32,4
1.0,0.9137861880012247,adalead,33,4
1.0,0.8967124360880431,adalead,34,4
1.0,0.8422519122396139,adalead,35,4
1.0,0.9015152707362617,adalead,36,4
1.0,0.931011897669565,adalead,37,4
1.0,0.873284136541422,adalead,38,4
1.0,0.8554444730515547,adalead,39,4
1.0,0.04381369637153594,gflownet_al,0,4
1.0,0.058153064347942006,gflownet_al,1,4
1.0,0.043965261434693766,gflownet_al,2,4
1.0,0.054866272517443096,gflownet_al,3,4
1.0,0.03980215693118127,gflownet_al,4,4
1.0,0.055614027058068324,gflownet_al,5,4
1.0,0.06835602490479185,gflownet_al,6,4
1.0,0.06999197564478775,gflownet_al,7,4
1.0,0.08176850539163585,gflownet_al,8,4
1.0,0.037556744525986736,gflownet_al,9,4
1.0,0.06693112233131494,gflownet_al,10,4
1.0,0.0584573996894334,gflownet_al,11,4
1.0,0.048463695247624373,gflownet_al,12,4
1.0,0.06175029161613125,gflownet_al,13,4
1.0,0.06587557349938923,gflownet_al,14,4
1.0,0.052661389500393375,gflownet_al,15,4
1.0,0.07613922824919395,gflownet_al,16,4
1.0,0.06013728452500237,gflownet_al,17,4
1.0,0.06592751279864968,gflownet_al,18,4
1.0,0.04232112138012869,gflownet_al,19,4
1.0,0.08206609890604465,gflownet_al,20,4
1.0,0.0352705570933216,gflownet_al,21,4
1.0,0.06558020331500615,gflownet_al,22,4
1.0,0.0944667116904959,gflownet_al,23,4
1.0,0.07153852522682502,gflownet_al,24,4
1.0,0.05970574110620195,gflownet_al,25,4
1.0,0.09357042492647734,gflownet_al,26,4
1.0,0.08411121582267167,gflownet_al,27,4
1.0,0.07080034289636905,gflownet_al,28,4
1.0,0.09916548562893616,gflownet_al,29,4
1.0,0.048805055868231195,gflownet_al,30,4
1.0,0.06413667444585856,gflownet_al,31,4
1.0,0.06708609720128296,gflownet_al,32,4
1.0,0.0717446094464948,gflownet_al,33,4
1.0,0.05911644150466957,gflownet_al,34,4
1.0,0.07999848835384989,gflownet_al,35,4
1.0,0.04697744534093542,gflownet_al,36,4
1.0,0.03865398601116417,gflownet_al,37,4
1.0,0.0508656132749151,gflownet_al,38,4
1.0,0.05088410605743759,gflownet_al,39,4
1.0,0.04381369637153594,price_rl,0,4
1.0,0.24531927643437942,price_rl,1,4
1.0,0.5864361383531922,price_rl,2,4
1.0,0.7984278390058533,price_rl,3,4
1.0,0.9213845844746342,price_rl,4,4
1.0,0.963959930403474,price_rl,5,4
1.0,0.9799685949830015,price_rl,6,4
1.0,0.9907003602236065,price_rl,7,4
1.0,0.9907257606765758,price_rl,8,4
1.0,1.0,price_rl,9,4
1.0,0.9909323501949965,price_rl,10,4
1.0,0.9896993112253013,price_rl,11,4
1.0,0.9961690976722,price_rl,12,4
1.0,0.9915713739742544,price_rl,13,4
1.0,0.9881593035915844,price_rl,14,4
1.0,1.0,price_rl,15,4
1.0,1.0,price_rl,16,4
1.0,1.0,price_rl,17,4
1.0,0.9971616593102729,price_rl,18,4
1.0,0.9950064969450557,price_rl,19,4
1.0,1.0,price_rl,20,4
1.0,1.0,price_rl,21,4
1.0,1.0,price_rl,22,4
1.0,0.9996449475878287,price_rl,23,4
1.0,1.0,price_rl,24,4
1.0,1.0,price_rl,25,4
1.0,1.0,price_rl,26,4
1.0,0.9955920488839916,price_rl,27,4
1.0,1.0,price_rl,28,4
1.0,0.9995499287488306,price_rl,29,4
1.0,1.0,price_rl,30,4
1.0,1.0,price_rl,31,4
1.0,1.0,price_rl,32,4
1.0,1.0,price_rl,33,4
1.0,1.0,price_rl,34,4
1.0,1.0,price_rl,35,4
1.0,1.0,price_rl,36,4
1.0,0.9988606186122019,price_rl,37,4
1.0,1.0,price_rl,38,4
1.0,1.0,price_rl,39,4
1.0,0.04381369637153594,price_rl_fixed,0,4
1.0,0.03286543756396823,price_rl_fixed,1,4
1.0,0.049382676921404016,price_rl_fixed,2,4
1.0,0.054678305698716685,price_rl_fixed,3,4
1.0,0.10754879366358033,price_rl_fixed,4,4
1.0,0.13054298245803167,price_rl_fixed,5,4
1.0,0.1517750086592225,price_rl_fixed,6,4
1.0,0.22894044356180815,price_rl_fixed,7,4
1.0,0.3256952899967937,price_rl_fixed,8,4
1.0,0.35119037570373196,price_rl_fixed,9,4
1.0,0.49314334368674834,price_rl_fixed,10,4
1.0,0.6513618012886261,price_rl_fixed,11,4
1.0,0.7393184003956199,price_rl_fixed,12,4
1.0,0.7723842783633448,price_rl_fixed,13,4
1.0,0.831506391716481,price_rl_fixed,14,4
1.0,0.8754822099587468,price_rl_fixed,15,4
1.0,0.8912292635791599,price_rl_fixed,16,4
1.0,0.8952470130851837,price_rl_fixed,17,4
1.0,0.9294370633113558,price_rl_fixed,18,4
1.0,0.9649529893266485,price_rl_fixed,19,4
1.0,0.9641285331485213,price_rl_fixed,20,4
1.0,0.9515081413516313,price_rl_fixed,21,4
1.0,0.969586022939572,price_rl_fixed,22,4
1.0,0.9555972897725179,price_rl_fixed,23,4
1.0,0.9449988108977087,price_rl_fixed,24,4
1.0,0.9800199321564684,price_rl_fixed,25,4
1.0,0.9734787870230477,price_rl_fixed,26,4
1.0,0.9671101824409395,price_rl_fixed,27,4
1.0,0.9797669918552703,price_rl_fixed,28,4
1.0,0.9675781360387076,price_rl_fixed,29,4
1.0,0.9783146761916051,price_rl_fixed,30,4
1.0,0.9828848161067043,price_rl_fixed,31,4
1.0,0.9967289321676518,price_rl_fixed,32,4
1.0,0.9928849439096813,price_rl_fixed,33,4
1.0,0.9983293753281586,price_rl_fixed,34,4
1.0,0.9920703056041544,price_rl_fixed,35,4
1.0,0.9899209491546972,price_rl_fixed,36,4
1.0,0.9797017706778296,price_rl_fixed,37,4
1.0,0.9893444007587802,price_rl_fixed,38,4
1.0,0.9962890146367518,price_rl_fixed,39,4
1.0,0.030935364904238156,random,0,5
1.0,0.016860375710491496,random,1,5
1.0,0.04137550814260158,random,2,5
1.0,0.02203040393737656,random,3,5
1.0,0.04117325654724287,random,4,5
1.0,0.025195874554622705,random,5,5
1.0,0.02467590041353753,random,6,5
1.0,0.044645066421458,random,7,5
1.0,0.02051920108305338,random,8,5
1.0,0.021294198405314938,random,9,5
1.0,0.03255062322434956,random,10,5
1.0,0.04570922322349027,random,11,5
1.0,0.028915640067314934,random,12,5
1.0,0.04058870548659227,random,13,5
1.0,0.03499466964171632,random,14,5
1.0,0.02990446154782768,random,15,5
1.0,0.028814301446332166,random,16,5
1.0,0.022107728268896468,random,17,5
1.0,0.02011611107310187,random,18,5
1.0,0.03389696862591763,random,19,5
1.0,0.034291390997956125,random,20,5
1.0,0.033223830678555936,random,21,5
1.0,0.03495724857378284,random,22,5
1.0,0.05489768090661294,random,23,5
1.0,0.03128916396077833,random,24,5
1.0,0.03353963363248009,random,25,5
1.0,0.027406429717227662,random,26,5
1.0,0.0322159937720383,random,27,5
1.0,0.03404648018539243,random,28,5
1.0,0.028595920972162712,random,29,5
1.0,0.037403940798641594,random,30,5
1.0,0.019081199533485558,random,31,5
1.0,0.025575192389713192,random,32,5
1.0,0.043631196594346305,random,33,5
1.0,0.03639409220118157,random,34,5
1.0,0.02699648915474508,random,35,5
1.0,0.02258491165614648,random,36,5
1.0,0.03385643669481588,random,37,5
1.0,0.02842497362825921,random,38,5
1.0,0.024177016491846826,random,39,5
1.0,0.030935364904238156,pex,0,5
1.0,0.16902819934952887,pex,1,5
1.0,0.2719585851459611,pex,2,5
1.0,0.2876201206365191,pex,3,5
1.0,0.2323898063076841,pex,4,5
1.0,0.21350814911171404,pex,5,5
1.0,0.29078687977961687,pex,6,5
1.0,0.20937229009709593,pex,7,5
1.0,0.28477686820879755,pex,8,5
1.0,0.2681161483249426,pex,9,5
1.0,0.2573461400568619,pex,10,5
1.0,0.33512369960210764,pex,11,5
1.0,0.27091289284051273,pex,12,5
1.0,0.2326520978669632,pex,13,5
1.0,0.2975381567485857,pex,14,5
1.0,0.25656133114301094,pex,15,5
1.0,0.27469848975073424,pex,16,5
1.0,0.26359785193831414,pex,17,5
1.0,0.24154870891004251,pex,18,5
1.0,0.3003056926883732,pex,19,5
1.0,0.2342426872304388,pex,20,5
1.0,0.2662742192127008,pex,21,5
1.0,0.2127726779007606,pex,22,5
1.0,0.23832776552218252,pex,23,5
1.0,0.20200905341285577,pex,24,5
1.0,0.30586864893479454,pex,25,5
1.0,0.22273186411282694,pex,26,5
1.0,0.24555221383756898,pex,27,5
1.0,0.24213931468679806,pex,28,5
1.0,0.25392783702233623,pex,29,5
1.0,0.260899745236704,pex,30,5
1.0,0.22711179569411322,pex,31,5
1.0,0.22259348950063307,pex,32,5
1.0,0.28344134939773985,pex,33,5
1.0,0.2265628801687143,pex,34,5
1.0,0.26205759214183205,pex,35,5
1.0,0.228897181900663,pex,36,5
1.0,0.2302174277985279,pex,37,5
1.0,0.20470602104093807,pex,38,5
1.0,0.2530185732693234,pex,39,5
1.0,0.030935364904238156,adalead,0,5
1.0,0.6123800559353906,adalead,1,5
1.0,0.8589452577865515,adalead,2,5
1.0,0.8817655966516795,adalead,3,5
1.0,0.9129505938044131,adalead,4,5
1.0,0.9172448114502558,adalead,5,5
1.0,0.8995387820367654,adalead,6,5
1.0,0.8872282077928126,adalead,7,5
1.0,0.9309721210064293,adalead,8,5
1.0,0.8723015832879653,adalead,9,5
1.0,0.894028660216006,adalead,10,5
1.0,0.8425814170574442,adalead,11,5
1.0,0.8988875648018982,adalead,12,5
1.0,0.8910335556980624,adalead,13,5
1.0,0.9340504794224884,adalead,14,5
1.0,0.8944255086606152,adalead,15,5
1.0,0.8765094578427736,adalead,16,5
1.0,0.8816559669983783,adalead,17,5
1.0,0.8583188172185428,adalead,18,5
1.0,0.8618564609659558,adalead,19,5
1.0,0.8699386901108099,adalead,20,5
1.0,0.8747769670200003,adalead,21,5
1.0,0.8670958604392438,adalead,22,5
1.0,0.8716232368321054,adalead,23,5
1.0,0.8648765291912619,adalead,24,5
1.0,0.8883152894839863,adalead,25,5
1.0,0.8890259568104711,adalead,26,5
1.0,0.8640418340223751,adalead,27,5
1.0,0.8704819565462085,adalead,28,5
1.0,0.8893986020309737,adalead,29,5
1.0,0.881422554006224,adalead,30,5
1.0,0.8798629778037608,adalead,31,5
1.0,0.8997304055756763,adalead,32,5
1.0,0.8776559797574569,adalead,33,5
1.0,0.8867350448496674,adalead,34,5
1.0,0.9271999291149655,adalead,35,5
1.0,0.8658649059997304,adalead,36,5
1.0,0.8990038248939498,adalead,37,5
1.0,0.8977510792097927,adalead,38,5
1.0,0.8623479941471857,adalead,39,5
1.0,0.04149205782098624,gflownet_al,0,5
1.0,0.04880458229389129,gflownet_al,1,5
1.0,0.057985397119657694,gflownet_al,2,5
1.0,0.04800056342714389,gflownet_al,3,5
1.0,0.07699539704696531,gflownet_al,4,5
1.0,0.07694832916905255,gflownet_al,5,5
1.0,0.05590493735536181,gflownet_al,6,5
1.0,0.045661355943611495,gflownet_al,7,5
1.0,0.0987139566413169,gflownet_al,8,5
1.0,0.06542707002843356,gflownet_al,9,5
1.0,0.06095268998346869,gflownet_al,10,5
1.0,0.044450192383888414,gflownet_al,11,5
1.0,0.07899896173215908,gflownet_al,12,5
1.0,0.05376337310965848,gflownet_al,13,5
1.0,0.0676026147384205,gflownet_al,14,5
1.0,0.06416585147479754,gflownet_al,15,5
1.0,0.06396426802387993,gflownet_al,16,5
1.0,0.0734752835207057,gflownet_al,17,5
1.0,0.07821669643080523,gflownet_al,18,5
1.0,0.06637062587587438,gflownet_al,19,5
1.0,0.06679562251189013,gflownet_al,20,5
1.0,0.06614727369692254,gflownet_al,21,5
1.0,0.07766935808500303,gflownet_al,22,5
1.0,0.08558536128807788,gflownet_al,23,5
1.0,0.07191070205412649,gflownet_al,24,5
1.0,0.09940816068936663,gflownet_al,25,5
1.0,0.0599680411021517,gflownet_al,26,5
1.0,0.06517041586445982,gflownet_al,27,5
1.0,0.06743277138275625,gflownet_al,28,5
1.0,0.07716364946535212,gflownet_al,29,5
1.0,0.07343090826442236,gflownet_al,30,5
1.0,0.1154486740588279,gflownet_al,31,5
1.0,0.05328702151290592,gflownet_al,32,5
1.0,0.08935141680464487,gflownet_al,33,5
1.0,0.07968638672583114,gflownet_al,34,5
1.0,0.06228823324893179,gflownet_al,35,5
1.0,0.08971722323745507,gflownet_al,36,5
1.0,0.06602906744618758,gflownet_al,37,5
1.0,0.0865471803501631,gflownet_al,38,5
1.0,0.05560910010912164,gflownet_al,39,5
1.0,0.04149205782098624,price_rl,0,5
1.0,0.21883355023547757,price_rl,1,5
1.0,0.5486343111293255,price_rl,2,5
1.0,0.7866027413300563,price_rl,3,5
1.0,0.9578348512813929,price_rl,4,5
1.0,0.9806693890238857,price_rl,5,5
1.0,0.9718537198597551,price_rl,6,5
1.0,0.9908524048200624,price_rl,7,5
1.0,0.9993701500213955,price_rl,8,5
1.0,0.994035860352877,price_rl,9,5
1.0,0.9990255909881115,price_rl,10,5
1.0,0.99420127384416,price_rl,11,5
1.0,0.997333019773452,price_rl,12,5
1.0,0.9997706408434146,price_rl,13,5
1.0,1.0,price_rl,14,5
1.0,0.995,price_rl,15,5
1.0,1.0,price_rl,16,5
1.0,0.9950922754515168,price_rl,17,5
1.0,0.9998555958011147,price_rl,18,5
1.0,0.997001059077178,price_rl,19,5
1.0,1.0,price_rl,20,5
1.0,1.0,price_rl,21,5
1.0,1.0,price_rl,22,5
1.0,1.0,price_rl,23,5
1.0,0.9933489166109595,price_rl,24,5
1.0,1.0,price_rl,25,5
1.0,1.0,price_rl,26,5
1.0,1.0,price_rl,27,5
1.0,0.9996628956838444,price_rl,28,5
1.0,1.0,price_rl,29,5
1.0,1.0,price_rl,30,5
1.0,1.0,price_rl,31,5
1.0,1.0,price_rl,32,5
1.0,1.0,price_rl,33,5
1.0,1.0,price_rl,34,5
1.0,0.9987812220224577,price_rl,35,5
1.0,1.0,price_rl,36,5
1.0,1.0,price_rl,37,5
1.0,1.0,price_rl,38,5
1.0,1.0,price_rl,39,5
1.0,0.04149205782098624,price_rl_fixed,0,5
1.0,0.0396065774206381,price_rl_fixed,1,5
1.0,0.08823319062393747,price_rl_fixed,2,5
1.0,0.06733855612908267,price_rl_fixed,3,5
1.0,0.12969170484658102,price_rl_fixed,4,5
1.0,0.12677715237212392,price_rl_fixed,5,5
1.0,0.1330289341555285,price_rl_fixed,6,5
1.0,0.23698122240724664,price_rl_fixed,7,5
1.0,0.2707754453315709,price_rl_fixed,8,5
1.0,0.3640305789210407,price_rl_fixed,9,5
1.0,0.4333537687346418,price_rl_fixed,10,5
1.0,0.514918300183346,price_rl_fixed,11,5
1.0,0.6105737897839748,price_rl_fixed,12,5
1.0,0.6196930933647858,price_rl_fixed,13,5
1.0,0.781040190173885,price_rl_fixed,14,5
1.0,0.7842746271349452,price_rl_fixed,15,5
1.0,0.8230849598705015,price_rl_fixed,16,5
1.0,0.8532412974951258,price_rl_fixed,17,5
1.0,0.8609894659358832,price_rl_fixed,18,5
1.0,0.9318361051509437,price_rl_fixed,19,5
1.0,0.950910091697877,price_rl_fixed,20,5
1.0,0.9473423747588189,price_rl_fixed,21,5
1.0,0.9533125517791068,price_rl_fixed,22,5
1.0,0.9713744300514006,price_rl_fixed,23,5
1.0,0.9581598018164147,price_rl_fixed,24,5
1.0,0.984420647625235,price_rl_fixed,25,5
1.0,0.9876187244669918,price_rl_fixed,26,5
1.0,0.9804300820051068,price_rl_fixed,27,5
1.0,0.9829455840855527,price_rl_fixed,28,5
1.0,0.9741178467664824,price_rl_fixed,29,5
1.0,0.9913273386956746,price_rl_fixed,30,5
1.0,0.9918464449115312,price_rl_fixed,31,5
1.0,0.9929557532420451,price_rl_fixed,32,5
1.0,0.9993494458797333,price_rl_fixed,33,5
1.0,0.9872637402124879,price_rl_fixed,34,5
1.0,0.986096408239624,price_rl_fixed,35,5
1.0,0.9916779283918646,price_rl_fixed,36,5
1.0,1.0,price_rl_fixed,37,5
1.0,0.9970237983848733,price_rl_fixed,38,5
1.0,0.9895064326732884,price_rl_fixed,39,5
1.0,0.0294220615022338,random,0,6
1.0,0.030998370050871662,random,1,6
1.0,0.04286901096887058,random,2,6
1.0,0.012233549255013174,random,3,6
1.0,0.029365113791779973,random,4,6
1.0,0.01916422925252027,random,5,6
1.0,0.025255713485273848,random,6,6
1.0,0.05460184847884912,random,7,6
1.0,0.02756628062462595,random,8,6
1.0,0.044778536753268885,random,9,6
1.0,0.04016033094261132,random,10,6
1.0,0.04069090151587184,random,11,6
1.0,0.040178020286852655,random,12,6
1.0,0.036220426601057544,random,13,6
1.0,0.0349750025939974,random,14,6
1.0,0.025580903301025075,random,15,6
1.0,0.03908929131781414,random,16,6
1.0,0.036041607778247366,random,17,6
1.0,0.05411745414662342,random,18,6
1.0,0.02245588750795248,random,19,6
1.0,0.036275616169827864,random,20,6
1.0,0.029819689596074155,random,21,6
1.0,0.034691743612128845,random,22,6
1.0,0.03497405984143185,random,23,6
1.0,0.037848736382075525,random,24,6
1.0,0.02852320191996322,random,25,6
1.0,0.03229226235015283,random,26,6
1.0,0.033710392737398176,random,27,6
1.0,0.038612549238563776,random,28,6
1.0,0.05647458050823463,random,29,6
1.0,0.027883153870401377,random,30,6
1.0,0.03621429199648251,random,31,6
1.0,0.04141685442135737,random,32,6
1.0,0.04790050556701863,random,33,6
1.0,0.04032223996390266,random,34,6
1.0,0.028158149472303138,random,35,6
1.0,0.024494665083616207,random,36,6
1.0,0.026780527768812547,random,37,6
1.0,0.04824368996484768,random,38,6
1.0,0.04317666857938864,random,39,6
1.0,0.0294220615022338,pex,0,6
1.0,0.0995714980694828,pex,1,6
1.0,0.20510981905974354,pex,2,6
1.0,0.29713459902496636,pex,3,6
1.0,0.28967213383763357,pex,4,6
1.0,0.25248581527040703,pex,5,6
1.0,0.2470861797277374,pex,6,6
1.0,0.2132075254296482,pex,7,6
1.0,0.24394838175864564,pex,8,6
1.0,0.26182356175672816,pex,9,6
1.0,0.27017718014728437,pex,10,6
1.0,0.22476314338343673,pex,11,6
1.0,0.23144574257447792,pex,12,6
1.0,0.21069874749350015,pex,13,6
1.0,0.25601699703212105,pex,14,6
1.0,0.2570366038644944,pex,15,6
1.0,0.21814354755397147,pex,16,6
1.0,0.25406855519754734,pex,17,6
1.0,0.2531942173868845,pex,18,6
1.0,0.29867073331871824,pex,19,6
1.0,0.2933718546661981,pex,20,6
1.0,0.28532126513568223,pex,21,6
1.0,0.2759893786028564,pex,22,6
1.0,0.2987253496211317,pex,23,6
1.0,0.18923658793235035,pex,24,6
1.0,0.24326514934132645,pex,25,6
1.0,0.24191781089278655,pex,26,6
1.0,0.24645578735173662,pex,27,6
1.0,0.2539558448917094,pex,28,6
1.0,0.24121238515737203,pex,29,6
1.0,0.2791120815610519,pex,30,6
1.0,0.24782326996418674,pex,31,6
1.0,0.2251193934807106,pex,32,6
1.0,0.2110272559059338,pex,33,6
1.0,0.2118439366599232,pex,34,6
1.0,0.21297487055538145,pex,35,6
1.0,0.28148588479390185,pex,36,6
1.0,0.26094706265730383,pex,37,6
1.0,0.2787502979875028,pex,38,6
1.0,0.29603706160774484,pex,39,6
1.0,0.0294220615022338,adalead,0,6
1.0,0.4976413841876801,adalead,1,6
1.0,0.8602274123538842,adalead,2,6
1.0,0.8732807192894282,adalead,3,6
1.0,0.8334102368857417,adalead,4,6
1.0,0.8451211335146692,adalead,5,6
1.0,0.8639655746138513,adalead,6,6
1.0,0.8999382547180771,adalead,7,6
1.0,0.9064098061941119,adalead,8,6
1.0,0.8798908580673784,adalead,9,6
1.0,0.8989575486063061,adalead,10,6
1.0,0.8766167202136992,adalead,11,6
1.0,0.8635017077324113,adalead,12,6
1.0,0.9163163916451225,adalead,13,6
1.0,0.8691527778243838,adalead,14,6
1.0,0.8666893340985784,adalead,15,6
1.0,0.8631745036818681,adalead,16,6
1.0,0.9091148759832925,adalead,17,6
1.0,0.89535575874948,adalead,18,6
1.0,0.9040423299072456,adalead,19,6
1.0,0.8633887300160086,adalead,20,6
1.0,0.8950509206629143,adalead,21,6
1.0,0.8966518613216019,adalead,22,6
1.0,0.8938744812154699,adalead,23,6
1.0,0.8283293549752578,adalead,24,6
1.0,0.8924896784274398,adalead,25,6
1.0,0.8974725391553403,adalead,26,6
1.0,0.8848302360814596,adalead,27,6
1.0,0.8619342861312017,adalead,28,6
1.0,0.8409030405671392,adalead,29,6
1.0,0.8636600120697133,adalead,30,6
1.0,0.8930353817059853,adalead,31,6
1.0,0.8647143117140047,adalead,32,6
1.0,0.8338899724624954,adalead,33,6
1.0,0.865898959790157,adalead,34,6
1.0,0.8538845036777627,adalead,35,6
1.0,0.9181464864598508,adalead,36,6
1.0,0.9117529405614875,adalead,37,6
1.0,0.8639891894997405,adalead,38,6
1.0,0.8796250079969792,adalead,39,6
0.5633181716493137,0.014977077395378147,gflownet_al,0,6
0.8360231594757394,0.028658154257582953,gflownet_al,1,6
1.0,0.034267319138362486,gflownet_al,2,6
1.0,0.02264088694194597,gflownet_al,3,6
1.0,0.04308025000731568,gflownet_al,4,6
1.0,0.029516493905274253,gflownet_al,5,6
1.0,0.024529419129911068,gflownet_al,6,6
1.0,0.05963494452902828,gflownet_al,7,6
1.0,0.03694240762746162,gflownet_al,8,6
1.0,0.015364157287684106,gflownet_al,9,6
1.0,0.03606542921121925,gflownet_al,10,6
1.0,0.06042167023928467,gflownet_al,11,6
1.0,0.035785440272252604,gflownet_al,12,6
1.0,0.040021747529620545,gflownet_al,13,6
1.0,0.039018631293665264,gflownet_al,14,6
1.0,0.038385265821675243,gflownet_al,15,6
1.0,0.047735410036230504,gflownet_al,16,6
1.0,0.0410568130941957,gflownet_al,17,6
1.0,0.034754867591712625,gflownet_al,18,6
1.0,0.028054619027683036,gflownet_al,19,6
1.0,0.06790197292497785,gflownet_al,20,6
1.0,0.041789374751998454,gflownet_al,21,6
1.0,0.031195499659339085,gflownet_al,22,6
1.0,0.03578317166249448,gflownet_al,23,6
1.0,0.04311162712248461,gflownet_al,24,6
1.0,0.032823620014847295,gflownet_al,25,6
1.0,0.03442959586468818,gflownet_al,26,6
1.0,0.056043232802435075,gflownet_al,27,6
1.0,0.0587156502194749,gflownet_al,28,6
1.0,0.03829793718964422,gflownet_al,29,6
1.0,0.036725988153127505,gflownet_al,30,6
1.0,0.054791451911140855,gflownet_al,31,6
1.0,0.03717497588943514,gflownet_al,32,6
1.0,0.04976305563115286,gflownet_al,33,6
1.0,0.053920354316955965,gflownet_al,34,6
1.0,0.04774630246658537,gflownet_al,35,6
1.0,0.05714054722601852,gflownet_al,36,6
1.0,0.041036036358410674,gflownet_al,37,6
1.0,0.06528623706572191,gflownet_al,38,6
1.0,0.04974370939662004,gflownet_al,39,6
0.5633181716493137,0.014977077395378147,price_rl,0,6
1.0,0.12268604261318923,price_rl,1,6
1.0,0.6049981270848801,price_rl,2,6
1.0,0.9578538433093449,price_rl,3,6
1.0,0.9909617487496024,price_rl,4,6
1.0,0.9893169327778812,price_rl,5,6
1.0,0.9988615333818658,price_rl,6,6
1.0,0.9739752115645252,price_rl,7,6
1.0,0.993623223559876,price_rl,8,6
1.0,0.9978165908582466,price_rl,9,6
1.0,1.0,price_rl,10,6
1.0,0.9981671073533183,price_rl,11,6
1.0,0.9975875252746614,price_rl,12,6
1.0,1.0,price_rl,13,6
1.0,1.0,price_rl,14,6
1.0,0.9997223725050649,price_rl,15,6
1.0,0.998872812430089,price_rl,16,6
1.0,1.0,price_rl,17,6
1.0,1.0,price_rl,18,6
1.0,0.9985777449444856,price_rl,19,6
1.0,0.9911164279828774,price_rl,20,6
1.0,1.0,price_rl,21,6
1.0,0.9950051485224971,price_rl,22,6
1.0,0.997572968240592,price_rl,23,6
1.0,0.9947668769763244,price_rl,24,6
1.0,1.0,price_rl,25,6
1.0,1.0,price_rl,26,6
1.0,1.0,price_rl,27,6
1.0,1.0,price_rl,28,6
1.0,1.0,price_rl,29,6
1.0,1.0,price_rl,30,6
1.0,1.0,price_rl,31,6
1.0,1.0,price_rl,32,6
1.0,0.9991081174077938,price_rl,33,6
1.0,1.0,price_rl,34,6
1.0,1.0,price_rl,35,6
1.0,1.0,price_rl,36,6
1.0,1.0,price_rl,37,6
1.0,0.9990775933032932,price_rl,38,6
1.0,1.0,price_rl,39,6
0.5633181716493137,0.014977077395378147,price_rl_fixed,0,6
1.0,0.04012299539290865,price_rl_fixed,1,6
1.0,0.042071152000788266,price_rl_fixed,2,6
1.0,0.0498832456466802,price_rl_fixed,3,6
1.0,0.07467599137757543,price_rl_fixed,4,6
1.0,0.10976919946824441,price_rl_fixed,5,6
1.0,0.12930266934552004,price_rl_fixed,6,6
1.0,0.18458081122016146,price_rl_fixed,7,6
1.0,0.28792759116977235,price_rl_fixed,8,6
1.0,0.33723589389802283,price_rl_fixed,9,6
1.0,0.364789980894504,price_rl_fixed,10,6
1.0,0.44614040023520346,price_rl_fixed,11,6
1.0,0.48448479159315183,price_rl_fixed,12,6
1.0,0.626745281696605,price_rl_fixed,13,6
1.0,0.7044039473905224,price_rl_fixed,14,6
1.0,0.7216542553245929,price_rl_fixed,15,6
1.0,0.8058829948909232,price_rl_fixed,16,6
1.0,0.8517318850820831,price_rl_fixed,17,6
1.0,0.8617240983540978,price_rl_fixed,18,6
1.0,0.8994812837774626,price_rl_fixed,19,6
1.0,0.881673300783321,price_rl_fixed,20,6
1.0,0.9332667930064537,price_rl_fixed,21,6
1.0,0.9430519210868092,price_rl_fixed,22,6
1.0,0.9514964633157689,price_rl_fixed,23,6
1.0,0.9744251306421958,price_rl_fixed,24,6
1.0,0.9689296662948833,price_rl_fixed,25,6
1.0,0.991964576701701,price_rl_fixed,26,6
1.0,0.9847999429997549,price_rl_fixed,27,6
1.0,0.9870432241152162,price_rl_fixed,28,6
1.0,0.990959725082266,price_rl_fixed,29,6
1.0,0.9876009071738835,price_rl_fixed,30,6
1.0,0.9806672689920904,price_rl_fixed,31,6
1.0,0.9856961512520995,price_rl_fixed,32,6
1.0,0.9950596906827,price_rl_fixed,33,6
1.0,0.9939590708678435,price_rl_fixed,34,6
1.0,0.9912630550337661,price_rl_fixed,35,6
1.0,1.0,price_rl_fixed,36,6
1.0,0.9979920080952721,price_rl_fixed,37,6
1.0,0.9832787784087188,price_rl_fixed,38,6
1.0,0.9947507661307843,price_rl_fixed,39,6
1.0,0.028058261431120314,random,0,7
1.0,0.032059218871154344,random,1,7
1.0,0.029285955469104966,random,2,7
1.0,0.03448412993280343,random,3,7
1.0,0.024038917888869103,random,4,7
1.0,0.03829998863191812,random,5,7
1.0,0.036989999372963565,random,6,7
1.0,0.02667643416069873,random,7,7
1.0,0.03567261193967888,random,8,7
1.0,0.04015342388006971,random,9,7
1.0,0.0524336415319385,random,10,7
1.0,0.04782609864067228,random,11,7
1.0,0.025270931829200528,random,12,7
1.0,0.0385390208609183,random,13,7
1.0,0.014896066334185006,random,14,7
1.0,0.03432751840094889,random,15,7
1.0,0.008475453794481594,random,16,7
1.0,0.0387795297376368,random,17,7
1.0,0.04367539233664692,random,18,7
1.0,0.02382335924013937,random,19,7
1.0,0.020197556825779762,random,20,7
1.0,0.03613134154074199,random,21,7
1.0,0.03988573170533121,random,22,7
1.0,0.025372183663271444,random,23,7
1.0,0.03161425217592287,random,24,7
1.0,0.01636986017730519,random,25,7
1.0,0.028885284515264963,random,26,7
1.0,0.04379275685951477,random,27,7
1.0,0.025191921379818676,random,28,7
1.0,0.019543007617240253,random,29,7
1.0,0.020106316372925603,random,30,7
1.0,0.04272583260875142,random,31,7
1.0,0.015270267514755888,random,32,7
1.0,0.041878852049373964,random,33,7
1.0,0.030736224889447536,random,34,7
1.0,0.02661213259206895,random,35,7
1.0,0.03960120421327761,random,36,7
1.0,0.043448032560877044,random,37,7
1.0,0.03221449354277959,random,38,7
1.0,0.03786635354192394,random,39,7
1.0,0.028058261431120314,pex,0,7
1.0,0.1580417658934169,pex,1,7
1.0,0.263928339826962,pex,2,7
1.0,0.22739080410322302,pex,3,7
1.0,0.19576854173337183,pex,4,7
1.0,0.2837670358576878,pex,5,7
1.0,0.27525316832725266,pex,6,7
1.0,0.2237429022769361,pex,7,7
1.0,0.20971458712755797,pex,8,7
1.0,0.23218337782866097,pex,9,7
1.0,0.23863957073972075,pex,10,7
1.0,0.21453280254190765,pex,11,7
1.0,0.25032215506399474,pex,12,7
1.0,0.22879445192090447,pex,13,7
1.0,0.25363190482599146,pex,14,7
1.0,0.1796685523746689,pex,15,7
1.0,0.2175817584740586,pex,16,7
1.0,0.22273571008383278,pex,17,7
1.0,0.22113750646010677,pex,18,7
1.0,0.21141968692931598,pex,19,7
1.0,0.21446361904377578,pex,20,7
1.0,0.20348951422081954,pex,21,7
1.0,0.23091720071363891,pex,22,7
1.0,0.2514558113273068,pex,23,7
1.0,0.2345844124954769,pex,24,7
1.0,0.2421439366651388,pex,25,7
1.0,0.22324466488777936,pex,26,7
1.0,0.2660962049799226,pex,27,7
1.0,0.23660934510881745,pex,28,7
1.0,0.21314647544858367,pex,29,7
1.0,0.26981632141790285,pex,30,7
1.0,0.24804943648799496,pex,31,7
1.0,0.2637669331751239,pex,32,7
1.0,0.23778424873236248,pex,33,7
1.0,0.22058597196129612,pex,34,7
1.0,0.23313095476590384,pex,35,7
1.0,0.26653955960950126,pex,36,7
1.0,0.2478895117406202,pex,37,7
1.0,0.22039734917275472,pex,38,7
1.0,0.24725448566398583,pex,39,7
1.0,0.028058261431120314,adalead,0,7
1.0,0.5327992916433837,adalead,1,7
1.0,0.9012120066900863,adalead,2,7
1.0,0.8799549779393645,adalead,3,7
1.0,0.9103136729394785,adalead,4,7
1.0,0.8767546154353255,adalead,5,7
1.0,0.8585934705517907,adalead,6,7
1.0,0.9169298775939688,adalead,7,7
1.0,0.8781172299962654,adalead,8,7
1.0,0.8521335710798036,adalead,9,7
1.0,0.8839098605022043,adalead,10,7
1.0,0.8359246003601174,adalead,11,7
1.0,0.9212785523318574,adalead,12,7
1.0,0.8660964078043627,adalead,13,7
1.0,0.9128224492721171,adalead,14,7
1.0,0.8817342643627087,adalead,15,7
1.0,0.8768090606359897,adalead,16,7
1.0,0.8183148651741544,adalead,17,7
1.0,0.885680290914248,adalead,18,7
1.0,0.9004503442085539,adalead,19,7
1.0,0.9072971373416497,adalead,20,7
1.0,0.9052654706345306,adalead,21,7
1.0,0.9473012254993196,adalead,22,7
1.0,0.8666925874936239,adalead,23,7
1.0,0.8734138372680187,adalead,24,7
1.0,0.8945397877960581,adalead,25,7
1.0,0.9175781146710064,adalead,26,7
1.0,0.9101770046961817,adalead,27,7
1.0,0.8635537047897194,adalead,28,7
1.0,0.8477061099521757,adalead,29,7
1.0,0.8793072172805134,adalead,30,7
1.0,0.8768021479272562,adalead,31,7
1.0,0.8632004948582562,adalead,32,7
1.0,0.8768488233158888,adalead,33,7
1.0,0.880708789279601,adalead,34,7
1.0,0.8640236362157107,adalead,35,7
1.0,0.910583412159953,adalead,36,7
1.0,0.8744847089281674,adalead,37,7
1.0,0.8958971225561448,adalead,38,7
1.0,0.8910874235147074,adalead,39,7
1.0,0.045631451440207596,gflownet_al,0,7
1.0,0.061492869809720595,gflownet_al,1,7
1.0,0.0479831332495192,gflownet_al,2,7
1.0,0.060481752982969546,gflownet_al,3,7
1.0,0.03549659164731809,gflownet_al,4,7
1.0,0.04457131406202002,gflownet_al,5,7
1.0,0.04364843720807406,gflownet_al,6,7
1.0,0.05790194027783323,gflownet_al,7,7
1.0,0.051187865194374994,gflownet_al,8,7
1.0,0.041191442250275906,gflownet_al,9,7
1.0,0.05314470853473602,gflownet_al,10,7
1.0,0.07006143237791637,gflownet_al,11,7
1.0,0.06075980650907624,gflownet_al,12,7
1.0,0.0734224444494926,gflownet_al,13,7
1.0,0.06655566850863369,gflownet_al,14,7
1.0,0.0677057857271162,gflownet_al,15,7
1.0,0.061010360769655464,gflownet_al,16,7
1.0,0.06881071397938791,gflownet_al,17,7
1.0,0.0672401048828408,gflownet_al,18,7
1.0,0.040208812961868554,gflownet_al,19,7
1.0,0.04857281515212497,gflownet_al,20,7
1.0,0.05931810608147847,gflownet_al,21,7
1.0,0.05398867028439418,gflownet_al,22,7
1.0,0.05648051465901432,gflownet_al,23,7
1.0,0.04450029824242062,gflownet_al,24,7
1.0,0.04660765265753204,gflownet_al,25,7
1.0,0.04536241337964359,gflownet_al,26,7
1.0,0.03834372811709807,gflownet_al,27,7
1.0,0.05173802551327847,gflownet_al,28,7
1.0,0.09248608066681963,gflownet_al,29,7
1.0,0.0633627061102544,gflownet_al,30,7
1.0,0.05487669067742057,gflownet_al,31,7
1.0,0.07538998851248052,gflownet_al,32,7
1.0,0.059392842804480324,gflownet_al,33,7
1.0,0.07456229166730013,gflownet_al,34,7
1.0,0.07311418588363074,gflownet_al,35,7
1.0,0.08645736483891792,gflownet_al,36,7
1.0,0.09644272731685617,gflownet_al,37,7
1.0,0.07167740862076206,gflownet_al,38,7
1.0,0.08614285030150799,gflownet_al,39,7
1.0,0.045631451440207596,price_rl,0,7
1.0,0.16820890457975018,price_rl,1,7
1.0,0.6381429962675097,price_rl,2,7
1.0,0.9633435585920788,price_rl,3,7
1.0,0.9771760258453415,price_rl,4,7
1.0,0.9726995900402278,price_rl,5,7
1.0,0.9708727170668183,price_rl,6,7
1.0,0.9978651527695965,price_rl,7,7
1.0,0.9893114546597633,price_rl,8,7
1.0,1.0,price_rl,9,7
1.0,0.99701016202014,price_rl,10,7
1.0,0.9993461737664314,price_rl,11,7
1.0,0.990067598472161,price_rl,12,7
1.0,1.0,price_rl,13,7
1.0,1.0,price_rl,14,7
1.0,0.9952212922870826,price_rl,15,7
1.0,1.0,price_rl,16,7
1.0,0.9896492312537702,price_rl,17,7
1.0,1.0,price_rl,18,7
1.0,0.9991335571096329,price_rl,19,7
1.0,1.0,price_rl,20,7
1.0,1.0,price_rl,21,7
1.0,1.0,price_rl,22,7
1.0,0.999088616697354,price_rl,23,7
1.0,0.995166921511433,price_rl,24,7
1.0,1.0,price_rl,25,7
1.0,0.9958528666800197,price_rl,26,7
1.0,1.0,price_rl,27,7
1.0,0.9989423106601433,price_rl,28,7
1.0,0.9952621708416629,price_rl,29,7
1.0,1.0,price_rl,30,7
1.0,1.0,price_rl,31,7
1.0,0.9900439221493308,price_rl,32,7
1.0,1.0,price_rl,33,7
1.0,1.0,price_rl,34,7
1.0,1.0,price_rl,35,7
1.0,1.0,price_rl,36,7
1.0,1.0,price_rl,37,7
1.0,1.0,price_rl,38,7
1.0,1.0,price_rl,39,7
1.0,0.045631451440207596,price_rl_fixed,0,7
1.0,0.03141005006289005,price_rl_fixed,1,7
1.0,0.03595581814706839,price_rl_fixed,2,7
1.0,0.06625669507865461,price_rl_fixed,3,7
1.0,0.0701398615473735,price_rl_fixed,4,7
1.0,0.12093181425859639,price_rl_fixed,5,7
1.0,0.14198548488158214,price_rl_fixed,6,7
1.0,0.12835536127589642,price_rl_fixed,7,7
1.0,0.15058876917002745,price_rl_fixed,8,7
1.0,0.2217863694919637,price_rl_fixed,9,7
1.0,0.31282982241144,price_rl_fixed,10,7
1.0,0.38051872264968367,price_rl_fixed,11,7
1.0,0.4512829587519602,price_rl_fixed,12,7
1.0,0.48528985360927124,price_rl_fixed,13,7
1.0,0.5682152896358095,price_rl_fixed,14,7
1.0,0.6144949812213839,price_rl_fixed,15,7
1.0,0.7219116360734591,price_rl_fixed,16,7
1.0,0.7626100617670662,price_rl_fixed,17,7
1.0,0.8232347045251629,price_rl_fixed,18,7
1.0,0.8829911032634139,price_rl_fixed,19,7
1.0,0.9299293658884952,price_rl_fixed,20,7
1.0,0.944834416953889,price_rl_fixed,21,7
1.0,0.9458840262857052,price_rl_fixed,22,7
1.0,0.9372409419908649,price_rl_fixed,23,7
1.0,0.9495354545032332,price_rl_fixed,24,7
1.0,0.9558874716643825,price_rl_fixed,25,7
1.0,0.9495714337435188,price_rl_fixed,26,7
1.0,0.9667257169153726,price_rl_fixed,27,7
1.0,0.9798121890758448,price_rl_fixed,28,7
1.0,0.9965448106623469,price_rl_fixed,29,7
1.0,0.9886897561583513,price_rl_fixed,30,7
1.0,0.9837289773124017,price_rl_fixed,31,7
1.0,0.9810252233682387,price_rl_fixed,32,7
1.0,0.988353701826009,price_rl_fixed,33,7
1.0,0.9930998001649667,price_rl_fixed,34,7
1.0,0.998447857846148,price_rl_fixed,35,7
1.0,0.9890594946631228,price_rl_fixed,36,7
1.0,0.9888972998059802,price_rl_fixed,37,7
1.0,0.9947999997490894,price_rl_fixed,38,7
1.0,0.997757217798729,price_rl_fixed,39,7
0.4074883938983681,0.018226431064109695,random,0,8
1.0,0.023824655465429306,random,1,8
1.0,0.03719251613799405,random,2,8
1.0,0.04923076028105808,random,3,8
1.0,0.02893530036540218,random,4,8
1.0,0.023982940791346788,random,5,8
1.0,0.04868029432206043,random,6,8
1.0,0.04311549926742403,random,7,8
1.0,0.038387721545224386,random,8,8
1.0,0.01970710744497368,random,9,8
1.0,0.046549231581318934,random,10,8
1.0,0.03195538618640582,random,11,8
1.0,0.023730570755552315,random,12,8
1.0,0.021440882224932664,random,13,8
1.0,0.029866144232846885,random,14,8
1.0,0.022255394688226893,random,15,8
1.0,0.023293887443767227,random,16,8
1.0,0.03582178187952087,random,17,8
1.0,0.03856848535456529,random,18,8
1.0,0.03189467872941865,random,19,8
1.0,0.03389029958790385,random,20,8
1.0,0.04463762524953043,random,21,8
1.0,0.03722255826678929,random,22,8
1.0,0.033406124767422773,random,23,8
1.0,0.026704706966519946,random,24,8
1.0,0.061554388607992776,random,25,8
1.0,0.03945925175256527,random,26,8
1.0,0.03150849017000963,random,27,8
1.0,0.04097800827412968,random,28,8
1.0,0.03323593911495796,random,29,8
1.0,0.054965059543699984,random,30,8
1.0,0.03065406930449142,random,31,8
1.0,0.02815047789730185,random,32,8
1.0,0.03385374709205614,random,33,8
1.0,0.02608395456904826,random,34,8
1.0,0.04422937446204709,random,35,8
1.0,0.036995342709978764,random,36,8
1.0,0.04550354353317367,random,37,8
1.0,0.04688300867039128,random,38,8
1.0,0.038918226643186095,random,39,8
0.4074883938983681,0.018226431064109695,pex,0,8
1.0,0.13136511685376143,pex,1,8
1.0,0.24546685351280872,pex,2,8
1.0,0.2609340415928391,pex,3,8
1.0,0.171818044899502,pex,4,8
1.0,0.212629831118107,pex,5,8
1.0,0.2466915006999153,pex,6,8
1.0,0.1984938707029164,pex,7,8
1.0,0.21579142649673533,pex,8,8
1.0,0.25917482627104094,pex,9,8
1.0,0.295284933311733,pex,10,8
1.0,0.24492877290968806,pex,11,8
1.0,0.1939889009417996,pex,12,8
1.0,0.21998733272035748,pex,13,8
1.0,0.2107006104408638,pex,14,8
1.0,0.2351284182688471,pex,15,8
1.0,0.2550638958275148,pex,16,8
1.0,0.17209015696891247,pex,17,8
1.0,0.2544476192349618,pex,18,8
1.0,0.24426303080693182,pex,19,8
1.0,0.22037593875548936,pex,20,8
1.0,0.24343290163824938,pex,21,8
1.0,0.26087811220166374,pex,22,8
1.0,0.24395549786254875,pex,23,8
1.0,0.23825446667013586,pex,24,8
1.0,0.28679238519266775,pex,25,8
1.0,0.23378999905553832,pex,26,8
1.0,0.24707847590196919,pex,27,8
1.0,0.28872855737963105,pex,28,8
1.0,0.30304499419704095,pex,29,8
1.0,0.26521776218535426,pex,30,8
1.0,0.22643622267904026,pex,31,8
1.0,0.2501147195202541,pex,32,8
1.0,0.24261923218720746,pex,33,8
1.0,0.2683207055000406,pex,34,8
1.0,0.26322602365842473,pex,35,8
1.0,0.2642993444374848,pex,36,8
1.0,0.268677642143499,pex,37,8
1.0,0.2172720972573606,pex,38,8
1.0,0.24358574491467855,pex,39,8
0.4074883938983681,0.018226431064109695,adalead,0,8
1.0,0.2939498631911745,adalead,1,8
1.0,0.5507883775119233,adalead,2,8
1.0,0.9155756106765147,adalead,3,8
1.0,0.8956534542530109,adalead,4,8
1.0,0.9249111230957544,adalead,5,8
1.0,0.9359797113384403,adalead,6,8
1.0,0.9020844785033065,adalead,7,8
1.0,0.9245678895594739,adalead,8,8
1.0,0.9457209132991804,adalead,9,8
1.0,0.9235831918447865,adalead,10,8
1.0,0.9360513663658595,adalead,11,8
1.0,0.9376080935542075,adalead,12,8
1.0,0.9040999109423596,adalead,13,8
1.0,0.9384933517838602,adalead,14,8
1.0,0.9117324813433266,adalead,15,8
1.0,0.9264900481985573,adalead,16,8
1.0,0.9192474727716095,adalead,17,8
1.0,0.9128275201350479,adalead,18,8
1.0,0.8924200874649841,adalead,19,8
1.0,0.9132128571386033,adalead,20,8
1.0,0.9134357411079205,adalead,21,8
1.0,0.9253044466396366,adalead,22,8
1.0,0.8754968494999497,adalead,23,8
1.0,0.9142720330876792,adalead,24,8
1.0,0.9294168972902159,adalead,25,8
1.0,0.9196100075800748,adalead,26,8
1.0,0.8897860539879858,adalead,27,8
1.0,0.8903478696313851,adalead,28,8
1.0,0.9129556617098729,adalead,29,8
1.0,0.9075889172452744,adalead,30,8
1.0,0.8945368360753918,adalead,31,8
1.0,0.8951281637285671,adalead,32,8
1.0,0.9047441895538819,adalead,33,8
1.0,0.8808134546898089,adalead,34,8
1.0,0.9371633383677894,adalead,35,8
1.0,0.9101687975562192,adalead,36,8
1.0,0.888522267282858,adalead,37,8
1.0,0.9428860116088188,adalead,38,8
1.0,0.9097017992695225,adalead,39,8
1.0,0.03555670869777787,gflownet_al,0,8
1.0,0.024521165771995906,gflownet_al,1,8
1.0,0.04471902282358193,gflownet_al,2,8
1.0,0.03769245735644742,gflownet_al,3,8
1.0,0.015117402787324834,gflownet_al,4,8
1.0,0.031793243014288874,gflownet_al,5,8
1.0,0.036455069069593525,gflownet_al,6,8
1.0,0.034089067215178216,gflownet_al,7,8
1.0,0.04251379051819905,gflownet_al,8,8
1.0,0.031230089293059312,gflownet_al,9,8
1.0,0.025384288393049907,gflownet_al,10,8
1.0,0.031453372125591704,gflownet_al,11,8
1.0,0.0276017098425015,gflownet_al,12,8
1.0,0.04361048088637453,gflownet_al,13,8
1.0,0.021519497655909516,gflownet_al,14,8
1.0,0.028100387464721342,gflownet_al,15,8
1.0,0.029167385564674523,gflownet_al,16,8
1.0,0.0438257360250066,gflownet_al,17,8
1.0,0.04156934176257382,gflownet_al,18,8
1.0,0.03455932835014615,gflownet_al,19,8
1.0,0.02052096678346777,gflownet_al,20,8
1.0,0.05064273226837206,gflownet_al,21,8
1.0,0.017850252604211657,gflownet_al,22,8
1.0,0.04109356112924828,gflownet_al,23,8
1.0,0.05760649036666619,gflownet_al,24,8
1.0,0.039149939920905936,gflownet_al,25,8
1.0,0.0381024245279659,gflownet_al,26,8
1.0,0.04338716209438312,gflownet_al,27,8
1.0,0.044022199443857477,gflownet_al,28,8
1.0,0.041128929265723764,gflownet_al,29,8
1.0,0.04840921797651926,gflownet_al,30,8
1.0,0.050710380262456084,gflownet_al,31,8
1.0,0.04451336561711468,gflownet_al,32,8
1.0,0.04941601203894083,gflownet_al,33,8
1.0,0.04598287457755355,gflownet_al,34,8
1.0,0.05990493796426777,gflownet_al,35,8
1.0,0.052411565089564044,gflownet_al,36,8
1.0,0.04356043355914396,gflownet_al,37,8
1.0,0.03813398756895912,gflownet_al,38,8
1.0,0.04597066900935744,gflownet_al,39,8
1.0,0.03555670869777787,price_rl,0,8
1.0,0.13733311697458692,price_rl,1,8
1.0,0.5480761317034577,price_rl,2,8
1.0,0.9778970588731285,price_rl,3,8
1.0,0.9798538943375604,price_rl,4,8
1.0,0.9924697167116565,price_rl,5,8
1.0,0.9943764393017882,price_rl,6,8
1.0,0.9877175780032077,price_rl,7,8
1.0,0.9961676491231459,price_rl,8,8
1.0,0.9895044508949209,price_rl,9,8
1.0,0.9998168841914321,price_rl,10,8
1.0,0.99536756444714,price_rl,11,8
1.0,1.0,price_rl,12,8
1.0,0.9952508214545766,price_rl,13,8
1.0,0.9948353111704022,price_rl,14,8
1.0,0.9945793739160561,price_rl,15,8
1.0,1.0,price_rl,16,8
1.0,1.0,price_rl,17,8
1.0,1.0,price_rl,18,8
1.0,1.0,price_rl,19,8
1.0,0.9998168841914321,price_rl,20,8
1.0,1.0,price_rl,21,8
1.0,1.0,price_rl,22,8
1.0,1.0,price_rl,23,8
1.0,1.0,price_rl,24,8
1.0,1.0,price_rl,25,8
1.0,0.9955321676785993,price_rl,26,8
1.0,0.9998168841914321,price_rl,27,8
1.0,1.0,price_rl,28,8
1.0,1.0,price_rl,29,8
1.0,0.9998168841914321,price_rl,30,8
1.0,1.0,price_rl,31,8
1.0,1.0,price_rl,32,8
1.0,1.0,price_rl,33,8
1.0,1.0,price_rl,34,8
1.0,1.0,price_rl,35,8
1.0,0.9971942647811816,price_rl,36,8
1.0,1.0,price_rl,37,8
1.0,0.9922107336468133,price_rl,38,8
1.0,1.0,price_rl,39,8
1.0,0.03555670869777787,price_rl_fixed,0,8
1.0,0.041305894417380314,price_rl_fixed,1,8
1.0,0.05005346720668509,price_rl_fixed,2,8
1.0,0.06861188841963735,price_rl_fixed,3,8
1.0,0.07057742328225429,price_rl_fixed,4,8
1.0,0.09789273487657252,price_rl_fixed,5,8
1.0,0.14636819602527912,price_rl_fixed,6,8
1.0,0.16093617758645629,price_rl_fixed,7,8
1.0,0.20383824008486745,price_rl_fixed,8,8
1.0,0.27994707896887305,price_rl_fixed,9,8
1.0,0.3508137308432484,price_rl_fixed,10,8
1.0,0.5572652163084371,price_rl_fixed,11,8
1.0,0.6403050317488771,price_rl_fixed,12,8
1.0,0.7255857514142767,price_rl_fixed,13,8
1.0,0.8606975363289243,price_rl_fixed,14,8
1.0,0.8097970477973792,price_rl_fixed,15,8
1.0,0.8388282913639187,price_rl_fixed,16,8
1.0,0.8902935329483688,price_rl_fixed,17,8
1.0,0.9469695744030184,price_rl_fixed,18,8
1.0,0.9239020277589876,price_rl_fixed,19,8
1.0,0.9691246071276619,price_rl_fixed,20,8
1.0,0.9341346552871985,price_rl_fixed,21,8
1.0,0.9437154986183597,price_rl_fixed,22,8
1.0,0.9615545725442616,price_rl_fixed,23,8
1.0,0.974476430969516,price_rl_fixed,24,8
1.0,0.9751345566662718,price_rl_fixed,25,8
1.0,0.9688737108155473,price_rl_fixed,26,8
1.0,0.9662283251020553,price_rl_fixed,27,8
1.0,0.9815667777262708,price_rl_fixed,28,8
1.0,0.9867500363165044,price_rl_fixed,29,8
1.0,0.9930938956026041,price_rl_fixed,30,8
1.0,0.9899412054835983,price_rl_fixed,31,8
1.0,0.9925932359588555,price_rl_fixed,32,8
1.0,0.9762050521608573,price_rl_fixed,33,8
1.0,0.9946021715556945,price_rl_fixed,34,8
1.0,0.9913315781247638,price_rl_fixed,35,8
1.0,0.9750592615576963,price_rl_fixed,36,8
1.0,0.993553721518216,price_rl_fixed,37,8
1.0,0.9938614901890841,price_rl_fixed,38,8
1.0,0.9977002637790576,price_rl_fixed,39,8
1.0,0.03180001699823002,random,0,9
1.0,0.022850468883587306,random,1,9
1.0,0.0317795568536574,random,2,9
1.0,0.019045906179845654,random,3,9
1.0,0.020494706947761364,random,4,9
1.0,0.04497609442289436,random,5,9
1.0,0.022357845291424466,random,6,9
1.0,0.029425336843108205,random,7,9
1.0,0.05175514404666742,random,8,9
1.0,0.05094889148094261,random,9,9
1.0,0.024116775652980333,random,10,9
1.0,0.014192773963403203,random,11,9
1.0,0.01859578887503916,random,12,9
1.0,0.04305739705183806,random,13,9
1.0,0.04827320953249429,random,14,9
1.0,0.039021104932022294,random,15,9
1.0,0.021647185675742083,random,16,9
1.0,0.03691906593483916,random,17,9
1.0,0.03956661374407467,random,18,9
1.0,0.0579859719204422,random,19,9
1.0,0.04118678608855333,random,20,9
1.0,0.03484003683114087,random,21,9
1.0,0.023375627669101628,random,22,9
1.0,0.024453455497209817,random,23,9
1.0,0.034634355915746255,random,24,9
1.0,0.015179486054926743,random,25,9
1.0,0.037940035451316544,random,26,9
1.0,0.02763679131025258,random,27,9
1.0,0.026835285271841754,random,28,9
1.0,0.03295356531786571,random,29,9
1.0,0.034444861221150945,random,30,9
1.0,0.03422147023698579,random,31,9
1.0,0.03392378276212877,random,32,9
1.0,0.037235089502420646,random,33,9
1.0,0.036721128678148855,random,34,9
1.0,0.03058039730504898,random,35,9
1.0,0.05113660117691493,random,36,9
1.0,0.029341647368118548,random,37,9
1.0,0.03580788608629514,random,38,9
1.0,0.03654340902035422,random,39,9
1.0,0.03180001699823002,pex,0,9
1.0,0.14170734869277987,pex,1,9
1.0,0.16535141055009156,pex,2,9
1.0,0.28689473038079927,pex,3,9
1.0,0.1772093331688568,pex,4,9
1.0,0.24838027405274055,pex,5,9
1.0,0.29074301095495536,pex,6,9
1.0,0.2384378115465611,pex,7,9
1.0,0.21048036249230814,pex,8,9
1.0,0.328060834394022,pex,9,9
1.0,0.2021327914470193,pex,10,9
1.0,0.18840554832191278,pex,11,9
1.0,0.21602694526160948,pex,12,9
1.0,0.2674761447714804,pex,13,9
1.0,0.2628678429293392,pex,14,9
1.0,0.2939271572452206,pex,15,9
1.0,0.3263409322790233,pex,16,9
1.0,0.28773878705744205,pex,17,9
1.0,0.27340367937267573,pex,18,9
1.0,0.22387715432945263,pex,19,9
1.0,0.19359539981097754,pex,20,9
1.0,0.2858911159351106,pex,21,9
1.0,0.23916799168074981,pex,22,9
1.0,0.22344316236624587,pex,23,9
1.0,0.23862822961308616,pex,24,9
1.0,0.2471609271789113,pex,25,9
1.0,0.26188065868514554,pex,26,9
1.0,0.2136718712617695,pex,27,9
1.0,0.2798655081035466,pex,28,9
1.0,0.24040883371333724,pex,29,9
1.0,0.20119031932584078,pex,30,9
1.0,0.258450143203906,pex,31,9
1.0,0.27727165669339404,pex,32,9
1.0,0.26570119204755405,pex,33,9
1.0,0.2334833326319067,pex,34,9
1.0,0.25883825963605694,pex,35,9
1.0,0.19629376094104864,pex,36,9
1.0,0.21311919618684758,pex,37,9
1.0,0.19731049188647026,pex,38,9
1.0,0.2730230183584152,pex,39,9
1.0,0.03180001699823002,adalead,0,9
1.0,0.5164815670556075,adalead,1,9
1.0,0.8854948849187706,adalead,2,9
1.0,0.8649196487702046,adalead,3,9
1.0,0.8790712109134323,adalead,4,9
1.0,0.8772145596440437,adalead,5,9
1.0,0.8559826880684054,adalead,6,9
1.0,0.8717859734583038,adalead,7,9
1.0,0.8896201648407009,adalead,8,9
1.0,0.8851374142973263,adalead,9,9
1.0,0.8450214652771763,adalead,10,9
1.0,0.8795731507527905,adalead,11,9
1.0,0.8288918057409005,adalead,12,9
1.0,0.8655935838820428,adalead,13,9
1.0,0.836851618059875,adalead,14,9
1.0,0.8973630810595772,adalead,15,9
1.0,0.8779861075129642,adalead,16,9
1.0,0.8275109069205285,adalead,17,9
1.0,0.838695028479219,adalead,18,9
1.0,0.8556679713081156,adalead,19,9
1.0,0.9045640318394501,adalead,20,9
1.0,0.9024406103468345,adalead,21,9
1.0,0.8814462963859484,adalead,22,9
1.0,0.885360965509916,adalead,23,9
1.0,0.8753369354587289,adalead,24,9
1.0,0.9237154670358981,adalead,25,9
1.0,0.8102973324506115,adalead,26,9
1.0,0.8445750290530623,adalead,27,9
1.0,0.8912980187749778,adalead,28,9
1.0,0.8523430267454734,adalead,29,9
1.0,0.8761578602102459,adalead,30,9
1.0,0.9315283406381514,adalead,31,9
1.0,0.8536906771184846,adalead,32,9
1.0,0.8352654702799476,adalead,33,9
1.0,0.8835080191076676,adalead,34,9
1.0,0.8734220525889242,adalead,35,9
1.0,0.8850394903424339,adalead,36,9
1.0,0.8878840737374054,adalead,37,9
1.0,0.8609806129411076,adalead,38,9
1.0,0.8758393694010931,adalead,39,9
1.0,0.031367241531105136,gflownet_al,0,9
1.0,0.02998361304322789,gflownet_al,1,9
1.0,0.05784744325700407,gflownet_al,2,9
1.0,0.040128320918862245,gflownet_al,3,9
1.0,0.03125678670193524,gflownet_al,4,9
1.0,0.04827684989206118,gflownet_al,5,9
1.0,0.03268116974934346,gflownet_al,6,9
1.0,0.031602582160186785,gflownet_al,7,9
1.0,0.03791347695332694,gflownet_al,8,9
1.0,0.03555195547084675,gflownet_al,9,9
1.0,0.05146045976411287,gflownet_al,10,9
1.0,0.047539958656320866,gflownet_al,11,9
1.0,0.04382396866795957,gflownet_al,12,9
1.0,0.044652722254800395,gflownet_al,13,9
1.0,0.04319944494707936,gflownet_al,14,9
1.0,0.053149019464294886,gflownet_al,15,9
1.0,0.0666571041148846,gflownet_al,16,9
1.0,0.04090833543558085,gflownet_al,17,9
1.0,0.024381078073339602,gflownet_al,18,9
1.0,0.038532650478434655,gflownet_al,19,9
1.0,0.05478007625281095,gflownet_al,20,9
1.0,0.047471548749504676,gflownet_al,21,9
1.0,0.05420930638838094,gflownet_al,22,9
1.0,0.05763659634403725,gflownet_al,23,9
1.0,0.03819811042904748,gflownet_al,24,9
1.0,0.03285518406233267,gflownet_al,25,9
1.0,0.056371921436040216,gflownet_al,26,9
1.0,0.07879088310415042,gflownet_al,27,9
1.0,0.04525794714285053,gflownet_al,28,9
1.0,0.06535950666333075,gflownet_al,29,9
1.0,0.04015069204766686,gflownet_al,30,9
1.0,0.05863311500895609,gflownet_al,31,9
1.0,0.06566020785767034,gflownet_al,32,9
1.0,0.057205426687892275,gflownet_al,33,9
1.0,0.05400870999851581,gflownet_al,34,9
1.0,0.057238706840369184,gflownet_al,35,9
1.0,0.046684574351703576,gflownet_al,36,9
1.0,0.035280730443914755,gflownet_al,37,9
1.0,0.05469270384598143,gflownet_al,38,9
1.0,0.03997705615257134,gflownet_al,39,9
1.0,0.031367241531105136,price_rl,0,9
1.0,0.1362040300553287,price_rl,1,9
1.0,0.3594521873698733,price_rl,2,9
1.0,0.8600547712940734,price_rl,3,9
1.0,0.9589993791396602,price_rl,4,9
1.0,0.9668370945465594,price_rl,5,9
1.0,0.993245962356651,price_rl,6,9
1.0,0.9791297790536722,price_rl,7,9
1.0,0.9872460332046128,price_rl,8,9
1.0,1.0,price_rl,9,9
1.0,0.9819859630480164,price_rl,10,9
1.0,0.9902446582903596,price_rl,11,9
1.0,0.9984184267458925,price_rl,12,9
1.0,1.0,price_rl,13,9
1.0,0.9996779730782047,price_rl,14,9
1.0,0.9962795213623343,price_rl,15,9
1.0,0.9990775933032932,price_rl,16,9
1.0,0.9975914561930628,price_rl,17,9
1.0,0.9996628956838444,price_rl,18,9
1.0,0.9996449475878287,price_rl,19,9
1.0,1.0,price_rl,20,9
1.0,1.0,price_rl,21,9
1.0,0.9900417304389693,price_rl,22,9
1.0,0.9985773729207169,price_rl,23,9
1.0,1.0,price_rl,24,9
1.0,1.0,price_rl,25,9
1.0,1.0,price_rl,26,9
1.0,1.0,price_rl,27,9
1.0,1.0,price_rl,28,9
1.0,1.0,price_rl,29,9
1.0,0.9972252897338553,price_rl,30,9
1.0,1.0,price_rl,31,9
1.0,1.0,price_rl,32,9
1.0,1.0,price_rl,33,9
1.0,1.0,price_rl,34,9
1.0,1.0,price_rl,35,9
1.0,0.9985773729207169,price_rl,36,9
1.0,1.0,price_rl,37,9
1.0,1.0,price_rl,38,9
1.0,1.0,price_rl,39,9
1.0,0.031367241531105136,price_rl_fixed,0,9
1.0,0.045179364545446854,price_rl_fixed,1,9
1.0,0.029729553128054757,price_rl_fixed,2,9
1.0,0.045252880785478754,price_rl_fixed,3,9
1.0,0.06784197128215182,price_rl_fixed,4,9
1.0,0.0943155826964811,price_rl_fixed,5,9
1.0,0.10367643474032061,price_rl_fixed,6,9
1.0,0.1797815505467365,price_rl_fixed,7,9
1.0,0.19904623545020655,price_rl_fixed,8,9
1.0,0.2747684746638344,price_rl_fixed,9,9
1.0,0.307704366416637,price_rl_fixed,10,9
1.0,0.42809410927326363,price_rl_fixed,11,9
1.0,0.4524505026073018,price_rl_fixed,12,9
1.0,0.5822318874574576,price_rl_fixed,13,9
1.0,0.5917001511688501,price_rl_fixed,14,9
1.0,0.6348537311638176,price_rl_fixed,15,9
1.0,0.7302266415700366,price_rl_fixed,16,9
1.0,0.7590513568138205,price_rl_fixed,17,9
1.0,0.800949107941897,price_rl_fixed,18,9
1.0,0.8597529888583982,price_rl_fixed,19,9
1.0,0.8688146508608543,price_rl_fixed,20,9
1.0,0.8590457842215524,price_rl_fixed,21,9
1.0,0.8907708241539807,price_rl_fixed,22,9
1.0,0.9274214813113979,price_rl_fixed,23,9
1.0,0.9519700031944386,price_rl_fixed,24,9
1.0,0.9210522207039757,price_rl_fixed,25,9
1.0,0.9585062780528734,price_rl_fixed,26,9
1.0,0.9706524325552812,price_rl_fixed,27,9
1.0,0.953328720404462,price_rl_fixed,28,9
1.0,0.9640478843419495,price_rl_fixed,29,9
1.0,0.9812369366371237,price_rl_fixed,30,9
1.0,0.9647624511744644,price_rl_fixed,31,9
1.0,0.9866531313061376,price_rl_fixed,32,9
1.0,0.9921107122686706,price_rl_fixed,33,9
1.0,0.9763920503402145,price_rl_fixed,34,9
1.0,0.9842986293258371,price_rl_fixed,35,9
1.0,0.9750577787147128,price_rl_fixed,36,9
1.0,0.9991900189457621,price_rl_fixed,37,9
1.0,0.989716617429277,price_rl_fixed,38,9
1.0,0.9939104876552562,price_rl_fixed,39,9
