seed,round,rho,proxy_R,true_R,reward_gap,proxy_unc_mean,proxy_unc_max
0,0,1.0,0.5095282811671495,0.504500391581706,0.005027889585443535,0.034276668208853445,0.07160431419753957
0,1,0.7407676872075667,0.5329288919456303,0.5140093514306802,0.01891954051495015,0.036210291286529785,0.0935522170458856
0,2,0.6460480633072185,0.5477156136184931,0.5143041720333115,0.03341144158518161,0.03577367745323309,0.08908532439804223
0,3,0.663170955888184,0.5782726025208831,0.493529505685734,0.08474309683514908,0.03574853243192583,0.07431920290470598
0,4,0.5962701140101928,0.5982001628726721,0.5077163276658446,0.09048383520682746,0.0348846494140993,0.09058767020667755
0,5,0.7854054268239519,0.6054470334202051,0.4989544633507541,0.10649257006945101,0.03240539196814285,0.0744965956483668
0,6,0.8465506082167139,0.6229685684666038,0.5015038587088614,0.12146470975774237,0.03511372570871575,0.08495175058089292
0,7,0.6472171126614013,0.6489930916577578,0.4923635793925757,0.15662951226518207,0.04067821386324656,0.08195292761008018
0,8,0.6448733784351468,0.6743977647274733,0.5060944768620487,0.1683032878654246,0.03755097096035721,0.07395279629701587
0,9,0.9067144847306265,0.6885867891833186,0.49013387557726834,0.19845291360605027,0.036598673270290635,0.0740586630145057
0,10,0.7940450364667508,0.7081558899953961,0.5091712514135727,0.19898463858182347,0.03950325883288337,0.08241966297532163
0,11,0.8897762580768854,0.7323426539078355,0.4987688487728036,0.2335738051350319,0.043203056960873384,0.08354224529470611
0,12,0.4592226143765143,0.749182146973908,0.4812008356235807,0.26798131135032727,0.04232243277622369,0.07105460682957951
0,13,0.6338850166776586,0.7586609600111842,0.5032123227887775,0.25544863722240674,0.044652749153552884,0.07582062010830909
0,14,0.6685888929815113,0.7727171527221799,0.4863638781684093,0.2863532745537706,0.04634899392662642,0.0745331269484656
0,15,0.7070397524726271,0.7690665610134602,0.5123735090425616,0.25669305197089853,0.04844311919205664,0.08604765911926972
0,16,0.5853527178577483,0.7845120076090097,0.4994531824368615,0.28505882517214826,0.048459646559413094,0.07614887229222977
0,17,0.4292007909886526,0.7892597373574972,0.4879444103951044,0.3013153269623928,0.052667576953743585,0.08080176260585142
0,18,0.6728974658792071,0.8008013581857085,0.5004107318800093,0.30039062630569924,0.055004839869739405,0.07981670581182429
0,19,0.6070047739823643,0.7984108086675406,0.5018040453952752,0.2966067632722653,0.056554630481149795,0.0786997896340985
0,20,0.3875539732806831,0.8066779067739844,0.5086032336246716,0.2980746731493128,0.057426168617927,0.07981670581182429
0,21,0.2854866119595443,0.8057870157063007,0.5086881269779416,0.2970988887283591,0.05878795355527218,0.08355244611476133
0,22,0.7090753517859939,0.8120831670239568,0.5127029630053214,0.2993802040186354,0.06021552737092778,0.08607904951436819
0,23,1.0,0.8111698525026441,0.5188625442577113,0.2923073082449328,0.06094009794104737,0.08208615073063473
0,24,0.5839260722090708,0.813950034789741,0.5189448526926065,0.29500518209713456,0.05831705053610874,0.07981670581182429
0,25,0.3196326701187349,0.8142508948221803,0.5215237314378538,0.29272716338432647,0.05999925226235115,0.07981670581182429
0,26,0.3845308080057216,0.8176942244172096,0.5178792028580772,0.2998150215591324,0.06049546487975346,0.07981670581182429
0,27,0.4438638892165754,0.8157032299786806,0.5226925189253068,0.29301071105337384,0.060126615674566605,0.07981670581182429
0,28,0.6191553528126638,0.8150189919397235,0.515053664727517,0.2999653272122065,0.060411406893112876,0.07981670581182429
0,29,0.4707587720241443,0.8146634045988321,0.5117019958969982,0.30296140870183397,0.0580593623829769,0.07981670581182429
1,0,1.0,0.48910659831017256,0.48154793980773947,0.007558658502433091,0.03488725874667844,0.10080071664298906
1,1,0.7656167397577781,0.5200628098100424,0.5001109746306701,0.019951835179372268,0.035061647241709015,0.07112045725824968
1,2,0.8510253318106243,0.5472228564321995,0.5100539404384901,0.03716891599370942,0.032360223606391125,0.09918308300214987
1,3,0.7533542409057804,0.5684386752545834,0.49455035147772414,0.07388832377685922,0.0343280379347131,0.06322743715043877
1,4,0.5718931852975175,0.5903837466612458,0.49937643033327955,0.09100731632796627,0.036336984634244715,0.06815912261126496
1,5,0.7944356891765233,0.6111417748034,0.5000419922896044,0.1110997825137956,0.03707538731106862,0.06220310253374995
1,6,0.6473300433022319,0.6362395426258445,0.4999762178219923,0.13626332480385217,0.04188279993855521,0.08220073292232451
1,7,0.5293473344472609,0.6683418862521648,0.5056996089333607,0.1626422773188041,0.04412462961754711,0.08110514764563842
1,8,0.5531841065226537,0.6846880903467536,0.4962821826596512,0.18840590768710241,0.04686430879042159,0.0777266354022458
1,9,0.655867366923892,0.6980908131226897,0.5056137695964449,0.19247704352624484,0.049843702479971885,0.08459710719288914
1,10,0.7106275379195032,0.7377157239243388,0.497663049867144,0.24005267405719483,0.0551287068339506,0.08735482207426318
1,11,0.7052325301376695,0.7408755663782358,0.49889261584723177,0.24198295053100405,0.056788920054931476,0.09229626684291706
1,12,0.4361774975477713,0.7553638154640794,0.5115210938443272,0.24384272161975218,0.058064699120778135,0.08699881497378713
1,13,0.7242558233033756,0.7722737602889538,0.5124142661475468,0.25985949414140697,0.06188671004975251,0.08802974406392498
1,14,0.5256039515416805,0.7855951981619,0.499249091887186,0.286346106274714,0.06538135357865373,0.09344683083073273
1,15,0.7551316053307018,0.7770121665671468,0.4997276889524272,0.2772844776147196,0.06383136995377489,0.08900640884250656
1,16,0.6641441013862127,0.7922568954527378,0.4995001162313283,0.2927567792214095,0.06206452225177898,0.08593700316183538
1,17,0.6642694108093206,0.8154767761006951,0.5018108087167028,0.31366596738399233,0.06845375397151267,0.0938549833078925
1,18,0.9198839690140704,0.8350239265710115,0.5146644540806835,0.32035947249032803,0.07044483136948186,0.08593700316183538
1,19,0.5577098118758577,0.8352006990462542,0.5048167459351836,0.3303839531110706,0.07140371749594247,0.08391104122165233
1,20,0.5217448757106927,0.8508551698178053,0.5026605553110074,0.3481946145067979,0.07271047230080961,0.08391104122165233
1,21,1.0,0.8487964952364564,0.5107735595316347,0.33802293570482167,0.07291338985939073,0.08886504063878066
1,22,0.7604598979890069,0.8508711513131857,0.5122058556836674,0.3386652956295183,0.07387628515445457,0.08391104122165233
1,23,0.3737076973063966,0.8639354985207319,0.5124430756022916,0.3514924229184403,0.07504486277472441,0.08213746632729187
1,24,0.47695748563726503,0.856683106161654,0.5070354287376961,0.34964767742395786,0.07365435442820153,0.08213746632729187
1,25,0.4575004757588388,0.8567464360967278,0.49730354271299243,0.3594428933837354,0.07413035908940167,0.08391104122165233
1,26,0.3425203030811865,0.8565449807792902,0.5126946480198795,0.3438503327594107,0.07333889667567714,0.08434002231517615
1,27,0.4798597700578166,0.8580415472388268,0.5069125503553601,0.35112899688346666,0.07382310785436844,0.08391104122165233
1,28,0.43895815013582373,0.8575620055198669,0.4991478282308731,0.35841417728899383,0.0737970515131901,0.08391104122165233
1,29,0.38390210849107864,0.8611248079687357,0.5065074719374133,0.3546173360313224,0.07512706901374892,0.08391104122165233
2,0,1.0,0.5010687983594835,0.4941729867857805,0.0068958115737030035,0.035754253561077455,0.09724136046450305
2,1,0.8862114046053386,0.5314606474712491,0.5115189907299279,0.0199416567413212,0.03861557304389589,0.09138379729032338
2,2,0.7128468624942379,0.5647981781512499,0.5006224740617586,0.06417570408949125,0.03916415754342367,0.07571107870010146
2,3,0.7197170141564462,0.5848772269673645,0.5035441486401293,0.08133307832723524,0.042081277953077874,0.08301866028370221
2,4,0.9094614603201778,0.6270692166872323,0.5073401789551903,0.11972903773204191,0.045811004846132625,0.0890043881175222
2,5,0.8920993504300911,0.6533232694491744,0.5092523179491835,0.14407095149999094,0.048851628068434995,0.0926390638378059
2,6,0.5527920300289364,0.6771110538393259,0.5100337543378461,0.16707729950147976,0.052671875512478,0.08654251448130212
2,7,0.7119892980226729,0.7009564628824592,0.4936259808281251,0.20733048205433408,0.05923714448412145,0.09115007073343086
2,8,0.5464004021789035,0.7174043394625187,0.4939505443157838,0.2234537951467349,0.06108228829021414,0.0939294815681432
2,9,0.6555658334113474,0.7402549758553505,0.4926354759528721,0.2476194999024784,0.062345418543988,0.09522169343872428
2,10,0.564121403736319,0.7503721099346876,0.5017829504120506,0.24858915952263705,0.06637423620149772,0.0957401601660806
2,11,0.498974678172356,0.7653288831934333,0.5023534723453581,0.2629754108480752,0.07002383002046049,0.10685588755373779
2,12,0.6192314772519091,0.7977138813585043,0.4839467384888932,0.3137671428696111,0.07878855032542105,0.10428441573436646
2,13,0.6488248288795199,0.8117637671530247,0.5021389593687975,0.3096248077842272,0.08053382913750533,0.1129207413083268
2,14,0.6185244226038733,0.8263743882998824,0.5076341417716899,0.31874024652819255,0.08353448188250254,0.11477906149317377
2,15,0.47605000595230584,0.8387921676039696,0.49851869311221464,0.34027347449175493,0.08810378147074974,0.1099128650732025
2,16,1.0,0.8577064424753189,0.5004837846672655,0.3572226578080534,0.08965494624346794,0.10933411545985328
2,17,0.724743842284351,0.859371367841959,0.4938327533643017,0.3655386144776573,0.08645148595456853,0.10865519145688102
2,18,0.5230684831975324,0.8622599206864834,0.4997385345940385,0.3625213860924449,0.08805507842381413,0.10745955062047331
2,19,0.6803851355923387,0.8686527656391263,0.4791884745454098,0.3894642910937165,0.08927540103915046,0.10833793380014156
2,20,0.5484756661692783,0.8711593067273498,0.504813130833968,0.3663461758933818,0.08980906846530262,0.10369870337519141
2,21,0.3552549457196511,0.8742987811565399,0.48624622970467546,0.38805255145186446,0.09082340801559693,0.10537278001294971
2,22,0.38673728703928184,0.8764631319791079,0.48504163798086597,0.3914214939982419,0.09001162351114032,0.10266043764615432
2,23,0.7454895041589241,0.874916635453701,0.48847639878073923,0.3864402366729618,0.08996508030890552,0.10266043764615432
2,24,0.3449049327740236,0.8749836105853319,0.49264736718036445,0.38233624340496747,0.09104347475199429,0.10615547189122539
2,25,0.5077090190129031,0.8783958600834012,0.4882900091076854,0.3901058509757158,0.09091768297041505,0.10266043764615432
2,26,0.21680894565503986,0.8778561037033796,0.49094388336597694,0.3869122203374027,0.0911044513663006,0.10745955062047331
2,27,0.48823683710472776,0.8795934319496155,0.49534677100497054,0.38424666094464494,0.09094661516766038,0.10200449223535164
2,28,0.33634929156969706,0.8809731751680374,0.4893617634379914,0.391611411730046,0.09135428324621714,0.10745955062047331
2,29,0.7418045487849976,0.883079731836915,0.4919102202144827,0.3911695116224323,0.0908838466921609,0.09464698234864109
3,0,1.0,0.5206159926019609,0.5042791605488448,0.01633683205311609,0.03574928802949971,0.07152356932341886
3,1,0.7950246312140355,0.5259763891808689,0.47416704371886054,0.05180934546200833,0.03182924714768802,0.06251806590771126
3,2,0.6755823696206645,0.5494194468483329,0.5003245867868868,0.04909486006144603,0.03334479446733039,0.07291350051393349
3,3,0.8815198572797527,0.5783844250254333,0.49892308800749746,0.07946133701793584,0.03586434917357876,0.07440771945557585
3,4,0.750851872202066,0.6032371404580772,0.5045004035211433,0.09873673693693386,0.0330419111160173,0.07085753060268063
3,5,0.6795175444813419,0.6200284692458808,0.5041267691594007,0.11590170008648015,0.03482023194532676,0.07950041952431157
3,6,0.9695394292438847,0.6565846549347043,0.48813181988442256,0.16845283505028175,0.039921016105201663,0.06788380183746069
3,7,0.5105749932146878,0.6590628982521594,0.48398182711766413,0.17508107113449523,0.03566796433071675,0.09544501242639333
3,8,0.5650451606296889,0.6785332085564733,0.49036438953084727,0.188168819025626,0.04025870975387626,0.0860500070099401
3,9,1.0,0.6968832099810243,0.49712211504412435,0.19976109493689992,0.038835170495065775,0.07969201133742469
3,10,0.6877981817642246,0.7224434111267328,0.48052507508883346,0.24191833603789936,0.043726364036040924,0.09007429312234073
3,11,0.9157249075296651,0.7385615650564432,0.4817196142325189,0.2568419508239243,0.046195857147163524,0.09531597152234975
3,12,0.6824735800981034,0.7503455188125372,0.4827935151977677,0.2675520036147695,0.050293212834341905,0.08143156435135658
3,13,0.6995336665731581,0.7596401758491993,0.48252551936418,0.2771146564850193,0.05199430315044547,0.08765731264491279
3,14,0.537469825673279,0.7672021733596921,0.4645156659563515,0.3026865074033406,0.05548255297295651,0.08207536813890329
3,15,0.5699992871231844,0.7772806687280536,0.4500721574907425,0.3272085112373111,0.055372763632665786,0.08201327941894022
3,16,0.6460446713172184,0.7833867007866502,0.4609750930913633,0.3224116076952869,0.056922846748812504,0.08747688250098584
3,17,0.5723056109662684,0.7831354355439544,0.4622557207363239,0.32087971480763045,0.05717404423542807,0.09547373505004778
3,18,0.3859745703107573,0.7842488931491971,0.45362431926046803,0.33062457388872907,0.06155140015860799,0.08747688250098584
3,19,0.696313309022121,0.7946892138570547,0.45665829231741895,0.33803092153963576,0.06153550088305084,0.08747688250098584
3,20,0.7707759690877666,0.7900841115042567,0.4398775043971891,0.35020660710706764,0.06447575544958156,0.08747688250098584
3,21,0.4974364789046439,0.8037084005773067,0.45520823197516247,0.3485001686021443,0.06643850860870848,0.08747688250098584
3,22,0.3765118350244501,0.8035684116184711,0.45815970046914467,0.3454087111493265,0.06890648150381981,0.08787606162312182
3,23,0.6818282168846421,0.8058226676657796,0.4645391090400347,0.3412835586257449,0.0679677539051538,0.08604261967557492
3,24,0.3973190749560981,0.8083757255226374,0.4765838912207813,0.33179183430185605,0.06949660735330966,0.08747688250098584
3,25,0.34878590420975863,0.8056540777906775,0.4817128130661448,0.3239412647245328,0.069339162273404,0.08747688250098584
3,26,0.6293191464967127,0.808510952629149,0.46835925017359986,0.3401517024555491,0.07080048168585645,0.08747688250098584
3,27,1.0,0.814042454585433,0.47662197141702234,0.33742048316841067,0.07131025473256782,0.08747688250098584
3,28,0.4088477788427104,0.8123313914984465,0.4797425845193506,0.3325888069790959,0.07066611398394465,0.08469403597055515
3,29,0.7620835157024081,0.817078429274261,0.47485311029580135,0.34222531897845965,0.07172168534749587,0.08469403597055515
4,0,1.0,0.5026866435073316,0.5042083170352322,-0.0015216735279005578,0.040357656673292476,0.09232173076128512
4,1,0.8414016756236007,0.5176921244710684,0.4915895670931124,0.02610255737795597,0.03940523981307235,0.08400709143977934
4,2,0.5238152345915248,0.5433102888055146,0.5017363975289649,0.041573891276549646,0.039251165814680966,0.09103942207214072
4,3,0.6151988191782903,0.5583886192180216,0.4907190580013754,0.06766956121664625,0.038729392213890476,0.08693102669507301
4,4,0.7815729257028853,0.5816330243833363,0.5118567038603634,0.06977632052297289,0.03634781605146758,0.07491520704030802
4,5,0.664823651431801,0.614021462853998,0.49952635124525785,0.1144951116087401,0.04113379475905786,0.0858348311740115
4,6,0.7972990115579558,0.6522741625085473,0.5195131854974971,0.13276097701105016,0.0472717409508653,0.09978989125341813
4,7,0.7180658984003094,0.6808723006397486,0.4979673205975085,0.1829049800422401,0.05319799943856776,0.10551988469966951
4,8,1.0,0.722542961128056,0.4985912209246892,0.22395174020336683,0.06336988037183075,0.11310171261995072
4,9,0.6742879080861481,0.7552948957309127,0.5014784633874396,0.25381643234347306,0.07234437659970835,0.12273062886104374
4,10,0.7686130386491564,0.8074505059048533,0.5101062178519569,0.2973442880528965,0.08186863317393217,0.12106597489362582
4,11,0.5846085190773367,0.8226566575467587,0.4856581642799942,0.33699849326676445,0.08617451802364842,0.12996758334100827
4,12,0.6606543516296843,0.8639340763911605,0.5057824882945462,0.3581515880966143,0.09739085279497955,0.12434288037270652
4,13,0.7418209821941824,0.8739993711933494,0.5041651697739234,0.3698342014194259,0.10080055726210277,0.13010226367500463
4,14,0.6342160176501063,0.8976586433127522,0.5084677182702642,0.3891909250424881,0.10614839280410421,0.131314463679654
4,15,0.4879196491152758,0.8945225197821856,0.5024882371086484,0.3920342826735371,0.10581516743375774,0.1335625086973256
4,16,1.0,0.9132546605542302,0.5126353002702697,0.4006193602839605,0.11404633597924983,0.1335625086973256
4,17,0.537297013804988,0.9161934433504939,0.49981353162710596,0.41637991172338795,0.11541220094927851,0.14022613817730611
4,18,0.6173151120082062,0.9337802128866315,0.5019161629507715,0.43186404993586003,0.12151667819962052,0.13618103915292218
4,19,0.47014412862542937,0.9342814162373543,0.4970184318294457,0.43726298440790856,0.12239917581274917,0.14123156293928868
4,20,0.6925100465538719,0.9405007837340236,0.49296697299614467,0.4475338107378789,0.12601240752551368,0.1335625086973256
4,21,0.5211661516718846,0.9437437718734145,0.4811018713405645,0.46264190053285004,0.12855138928000864,0.14022613817730611
4,22,0.45552017994886457,0.9501958591863513,0.4842252048427857,0.4659706543435656,0.12814743624915778,0.14022613817730611
4,23,0.554206276718207,0.9467954207211733,0.4874022772860859,0.45939314343508736,0.1289547183961371,0.1335625086973256
4,24,0.2588314498974054,0.9459714228287339,0.4913215973621733,0.45464982546656063,0.1272070514370797,0.14123156293928868
4,25,0.46140285311005,0.9441100088879466,0.4830305345386886,0.461079474349258,0.1264937516317039,0.13774056847875196
4,26,0.5827202538232816,0.9506959822028875,0.4946648713540075,0.45603111084888004,0.12906681920947066,0.14022613817730611
4,27,0.6837623055194125,0.9531686017289758,0.4810737938298737,0.4720948078991021,0.1294710596055315,0.13774056847875196
4,28,0.49937197269501427,0.9532608473673463,0.4887281212056884,0.46453272616165786,0.13041195279409545,0.14123156293928868
4,29,0.650184514891035,0.9470529742538929,0.4783664866630413,0.4686864875908516,0.1283214459455001,0.1335625086973256
5,0,1.0,0.5063905939459801,0.5050794636446114,0.001311130301368646,0.036613770334138145,0.07435001626614078
5,1,0.606396912250231,0.5247084409929812,0.49057765114331875,0.034130789849662446,0.034342171386427506,0.06460835363250307
5,2,0.7691409483925442,0.5360874175094068,0.4936070978878774,0.04248031962152943,0.034566014327947904,0.10179676980410325
5,3,0.7145495412883166,0.551350618712604,0.4984758339228291,0.05287478478977492,0.035341198817809644,0.0766824543646264
5,4,0.6601438607962588,0.5722552216611803,0.5000038942003644,0.07225132746081586,0.03593308442513305,0.08251869105471005
5,5,0.8538282221301879,0.6034083743579686,0.4842767047245591,0.11913166963340949,0.0386297057301928,0.0720375711344134
5,6,0.735661173961914,0.6364862928166986,0.5009607922107304,0.13552550060596813,0.03770945931135094,0.08222548637634704
5,7,0.8669008397998698,0.6763420645147562,0.5039768516539225,0.17236521286083373,0.04147708180093859,0.08807652215249409
5,8,0.8384725607288581,0.7267210204154253,0.492965644318201,0.2337553760972243,0.05480276326162645,0.1057132604069252
5,9,0.6029492367905038,0.7560796868056059,0.5009151955325837,0.2551644912730222,0.06107112180582274,0.10809467184044028
5,10,0.7479655201962424,0.7780049396678805,0.487232416102895,0.2907725235649855,0.066956351972107,0.10368293109201716
5,11,0.6968797507823248,0.8074973030015826,0.4904123582904243,0.31708494471115833,0.07204681139613886,0.1087313262070009
5,12,0.6417976523322837,0.8318116394802928,0.4833367021963771,0.3484749372839157,0.0797428292132493,0.12524635269928766
5,13,0.473819395076163,0.8351494381204247,0.49146094975781984,0.3436884883626049,0.07913839746103171,0.11268747428783166
5,14,0.3833758324783532,0.8453674465417862,0.4913090888652758,0.3540583576765104,0.08120549776666537,0.10191670884566663
5,15,0.40199159093752485,0.8526523234322667,0.4839262637968842,0.3687260596353825,0.08451757981423653,0.10636543151708876
5,16,0.7382896314099668,0.8510453421622515,0.49218313576255357,0.3588622063996979,0.08302527515601882,0.1087313262070009
5,17,0.35770724580936375,0.8614268526434898,0.49303711679906137,0.36838973584442847,0.08704857232911184,0.12000541131402906
5,18,0.430702837877909,0.8656476521864533,0.48511492254866273,0.3805327296377906,0.08737605808803431,0.1057132604069252
5,19,0.592070990779888,0.8724473137408495,0.48629016494084143,0.38615714880000807,0.08889448706921935,0.1057132604069252
5,20,0.48343309471704354,0.8730436135083437,0.4907193215848574,0.38232429192348627,0.08981666758051214,0.1132282496308361
5,21,0.45498121756409204,0.8717330247163773,0.4774834814221734,0.39424954329420386,0.08863469247176578,0.1057132604069252
5,22,0.3689179810741386,0.8719284627586603,0.48897514346300985,0.38295331929565046,0.08955487526948845,0.1131522422018458
5,23,0.2535589867743384,0.867779110558331,0.49085754750266963,0.3769215630556614,0.08786335943361429,0.10456514270740179
5,24,0.4460807070862557,0.8783464757725596,0.47668596007779585,0.4016605156947638,0.09082730158603687,0.11842829059698985
5,25,0.3345508865772138,0.8764398405328393,0.486992211621321,0.3894476289115183,0.0922247354269912,0.1156472176145102
5,26,0.5812160823844863,0.8775588665157557,0.4734280833398655,0.40413078317589013,0.09009816086918132,0.10191670884566663
5,27,0.6873857230030285,0.8763516629114747,0.48144509764022997,0.39490656527124474,0.0921235370895098,0.1087313262070009
5,28,0.4332770520453805,0.8783000912517309,0.4744857072274355,0.4038143840242954,0.09220486440744304,0.1131522422018458
5,29,0.5533786135765375,0.8834289545193315,0.4782209880742949,0.40520796644503654,0.09426245247881145,0.10456514270740179
6,0,1.0,0.4754408812150359,0.49744386571374427,-0.022002984498708356,0.03665296298679858,0.09992269744631624
6,1,0.8300522420972137,0.5201803832314909,0.4996281104222258,0.020552272809265026,0.03322195625048067,0.07919263135760464
6,2,0.7566357926934776,0.5226273513399065,0.5027393093150584,0.019888042024848063,0.037063525199221035,0.0760588107175779
6,3,0.8057038369373788,0.5404472793452442,0.5029507888274891,0.037496490517755054,0.03402168118504117,0.08015658397241511
6,4,0.9698277020805455,0.5598511812277138,0.5001228410610874,0.059728340166626426,0.037285504469064125,0.07669415377467464
6,5,0.7491725515503365,0.5966067560948431,0.4977527553373833,0.09885400075745987,0.04338391591634057,0.0820838255117267
6,6,0.7994257995531645,0.623563636559993,0.5037283313180256,0.1198353052419674,0.0495782330097114,0.08737420624795124
6,7,0.7774030059120351,0.6593393310904503,0.5043378774258678,0.1550014536645825,0.050325144283147785,0.08193998662955794
6,8,0.6671131953496041,0.6890954882837832,0.5063489574794102,0.18274653080437298,0.058250500675301756,0.08422898147873858
6,9,0.6100199967604358,0.7172202859073877,0.5140821830457549,0.2031381028616328,0.061474874802960086,0.09479704532081314
6,10,0.522594555286094,0.7434011455625296,0.4949921518438438,0.24840899371868574,0.0645704015374722,0.09167993117704884
6,11,0.625732696435705,0.7523602219298482,0.4972410684545119,0.2551191534753363,0.0672799509478897,0.09011477622841618
6,12,0.6930294755327633,0.7606898872181773,0.48318575131296837,0.27750413590520895,0.06740496637925633,0.0919922841495838
6,13,0.6392472826669086,0.7616330673918128,0.5071387006031278,0.254494366788685,0.06975884617478645,0.0897003467096163
6,14,1.0,0.7837739735841751,0.49846682042691415,0.28530715315726096,0.07320277290804403,0.0901490790264188
6,15,0.6082825181435516,0.7872924441471696,0.5063764886873823,0.2809159554597873,0.07153334576787743,0.0951855008903308
6,16,0.4542974635350128,0.7928215246647596,0.5186663406012266,0.274155184063533,0.07243107965391432,0.08942304239414199
6,17,0.6407408034833632,0.7953682215884328,0.49939172928308745,0.29597649230534534,0.07591825292436312,0.09185659739183667
6,18,0.7541793591625324,0.8011814188212156,0.49214066046930394,0.3090407583519117,0.07585987325860943,0.08825293856969502
6,19,0.6032688478956283,0.8000463163480163,0.502938925361264,0.2971073909867522,0.07820068469731783,0.1036036715455161
6,20,0.3739412113714364,0.8076589591801167,0.48255333186062827,0.3251056273194884,0.07980249846316695,0.08644592454844967
6,21,0.551898824293292,0.8075672993436456,0.47706453206207516,0.3305027672815704,0.07815479578182,0.09181221837319936
6,22,0.4267547336874967,0.8088762555271387,0.46822347478075854,0.34065278074638017,0.07730450396483225,0.08769216589491799
6,23,0.32045147357380405,0.8068296890705824,0.4726950459328658,0.33413464313771657,0.07807804680110061,0.08818634447196483
6,24,1.0,0.8120283847674727,0.45570352270830367,0.3563248620591691,0.08015768005023606,0.09185659739183667
6,25,0.6320816395058936,0.8138055307790637,0.46120594979771345,0.35259958098135025,0.0788773992147894,0.10585664484913326
6,26,0.4295759213621389,0.8158522518351674,0.45211263587926465,0.36373961595590276,0.0785048889863869,0.08470033656658045
6,27,0.5583982064122017,0.8135888688266277,0.45794987550041766,0.3556389933262101,0.07802457179399667,0.08484785020300192
6,28,0.5680250891588075,0.8174272878095508,0.45390065970676846,0.3635266281027823,0.07812638458154711,0.0850046486157426
6,29,0.5273947416148939,0.815379380248487,0.4558557405623892,0.3595236396860978,0.07733199162278878,0.08470033656658045
7,0,1.0,0.5074771018698812,0.504501388005788,0.0029757138640931213,0.03649908631492098,0.07940084060735651
7,1,1.0,0.5266245324164629,0.5012183737876621,0.0254061586288008,0.03709490837141223,0.07962357770333704
7,2,0.7206421447769112,0.5690196333453059,0.4899993705437786,0.0790202628015273,0.044313592930755194,0.08752602149700733
7,3,0.7506132008670516,0.5690833157859743,0.4998137415551509,0.06926957423082336,0.03765226996761532,0.09097466140009144
7,4,1.0,0.621384534984827,0.5066413991299464,0.1147431358548806,0.03790167538870928,0.09647515453230385
7,5,0.6331730121687084,0.6581836706027389,0.4930449882220549,0.16513868238068397,0.042120355773295114,0.07679362615910466
7,6,0.6791895966469959,0.6943494528532028,0.5210894631984033,0.1732599896547995,0.04530606923171232,0.08248838742262773
7,7,0.841632001323875,0.709620825946331,0.49394627147876324,0.21567455446756778,0.044750783172690406,0.0744456930175181
7,8,0.5618211493373674,0.7349767200648785,0.5126724573862641,0.22230426267861436,0.051974519343336925,0.08436428745266013
7,9,1.0,0.7544894646853209,0.4951480830415349,0.25934138164378595,0.05636363894179542,0.08676108007723402
7,10,0.5464998811716143,0.7694917861372232,0.505835102336417,0.2636566838008062,0.05652788566557175,0.0745228500566173
7,11,0.6686969996149423,0.7959874691441655,0.5057722642453597,0.2902152048988058,0.05925127342044856,0.09529995979690045
7,12,1.0,0.8062312984839082,0.5129055175513063,0.29332578093260187,0.06022888823052827,0.0903087873003923
7,13,1.0,0.8232095390558243,0.4912546257957957,0.3319549132600286,0.0609841541195037,0.08519092606033023
7,14,0.606605995968956,0.8300508884713054,0.4863370546022817,0.34371383386902365,0.06065603359755317,0.07939160757850494
7,15,0.488767265929844,0.8315897136926651,0.4963267385563694,0.3352629751362957,0.06046407251494764,0.07381949385952297
7,16,0.6997569432657087,0.8340708464384079,0.4855269829927559,0.348543863445652,0.06128941809328485,0.0745228500566173
7,17,0.7635463368813855,0.8378323027864099,0.47288211135992203,0.3649501914264878,0.05942235824087018,0.07330220698762917
7,18,0.6230143505272087,0.8425622060894966,0.43727275155484724,0.4052894545346494,0.05973839667353842,0.08089796623579086
7,19,0.6991691395041864,0.8459588019177318,0.42684977631124765,0.4191090256064841,0.05877499800235432,0.0789298012589983
7,20,0.6039113815709305,0.8458001986145973,0.42966359511470065,0.4161366034998967,0.05807736155840692,0.07868845191755236
7,21,0.4523238706052827,0.8517355648800731,0.426867339973526,0.4248682249065471,0.05843235860525357,0.07660625225713555
7,22,0.3426435271386856,0.8522663777694106,0.4299908640419027,0.42227551372750793,0.05794578029266763,0.07840291159741519
7,23,0.5806290830096199,0.8533513303846121,0.42102836514475495,0.43232296523985714,0.059106355534129136,0.06869335220216354
7,24,0.5257579452009241,0.8512460701167583,0.41711581455493746,0.4341302555618209,0.057962603125170147,0.0747892634944134
7,25,0.40961003817975356,0.8517111614346504,0.40928467413344766,0.44242648730120276,0.05762289660432146,0.08599482135145992
7,26,0.6756536125561068,0.8535864483565092,0.42404721016033375,0.42953923819617545,0.05853954011782156,0.0690302152020524
7,27,0.2750833967186237,0.8553446792066097,0.4352310311137493,0.42011364809286045,0.06119191149448887,0.07992271201854315
7,28,0.2653003618484578,0.8534802757203579,0.4488232038825153,0.4046570718378426,0.06103028050278587,0.06869335220216354
7,29,0.20413706563740017,0.8545344732701778,0.44399304755257,0.4105414257176078,0.06162024570177008,0.0747892634944134
8,0,1.0,0.4952094107866287,0.5003788563347102,-0.005169445548081519,0.035607262138691136,0.08180891907125266
8,1,0.7746573525664924,0.5327356276102364,0.5082452119691238,0.02449041564111265,0.03560163556908918,0.09203592229074914
8,2,0.7208393438310895,0.5351879922673106,0.48758593613071916,0.047602056136591464,0.03218533325131932,0.07388250171232764
8,3,0.6796501620196798,0.5651685548946261,0.49823479700710605,0.0669337578875201,0.035639711712521255,0.06969572719929022
8,4,0.7880688204812519,0.5918927285820246,0.4997941591347134,0.09209856944731115,0.03447604334241803,0.07657639977038401
8,5,0.7818205360393777,0.596127818338573,0.5018146143799203,0.09431320395865272,0.03239223641106431,0.09204968701451036
8,6,0.623967394431958,0.6214396236464381,0.504164860108858,0.11727476353758015,0.03636108970323057,0.08636428908527156
8,7,0.7725264538373832,0.6395539874210954,0.5085691649759027,0.13098482244519272,0.03759589998918509,0.08082746150416578
8,8,0.6318933577034925,0.660640767775476,0.5018024334970765,0.15883833427839944,0.040525035242756496,0.08530601885096721
8,9,0.5859926761673655,0.6832128716632724,0.4959034304057746,0.18730944125749777,0.04810925956987487,0.10010230471894793
8,10,1.0,0.7216664394363761,0.48277952061613316,0.23888691882024293,0.056479172217755155,0.11026508726387647
8,11,0.8607106402557272,0.7693405654281378,0.5049946270512479,0.2643459383768899,0.07291332248080384,0.13132897631850662
8,12,0.8676217758072879,0.8326101433485746,0.4966192355392709,0.33599090780930374,0.09063735809311793,0.14575233661208278
8,13,0.5558625695912099,0.8544650375843048,0.5222798992935327,0.3321851382907721,0.09846047167124564,0.1462164321467022
8,14,0.7132933398424212,0.8867176426574588,0.5138824937100277,0.3728351489474311,0.10719461349048835,0.14097899514377157
8,15,0.5665530665616213,0.9103441294282675,0.5358396720864891,0.3745044573417784,0.11680276493892691,0.1474434950964228
8,16,0.6738078389963775,0.9385084873065352,0.5253864353382585,0.4131220519682768,0.1224726186161969,0.1592700940334634
8,17,0.6760244164903104,0.934164997190237,0.5025547280224472,0.4316102691677899,0.12424374367767904,0.16708391724023777
8,18,0.7651835337226092,0.95981455873698,0.5265717258391152,0.4332428328978648,0.13355569275778162,0.1668067892141087
8,19,0.4635287466775504,0.9796403143554926,0.4975735634488357,0.4820667509066569,0.14443632925139382,0.1774168833585518
8,20,0.35731815098051595,0.9872221201658249,0.5010433956595048,0.48617872450632005,0.1460737924992468,0.17069698764517532
8,21,0.42149953206480184,0.9963251342996955,0.49782702482327323,0.49849810947642226,0.1498933976613683,0.16095223558124705
8,22,0.20033712312337396,0.9992095222696662,0.49491081862640834,0.5042987036432578,0.15018305718187097,0.1655300581156611
8,23,0.31555479270152287,0.9882613476365805,0.49071820310223035,0.4975431445343501,0.14661390849802639,0.16708391724023777
8,24,0.32716309753941325,0.9984741378575563,0.5086692601768468,0.48980487768070957,0.15005099438382263,0.16708391724023777
8,25,0.43744138924038517,0.9993466958403587,0.5032534650836542,0.49609323075670453,0.14966102855656271,0.16708391724023777
8,26,0.41811356944727274,1.0046424390748143,0.48925737623614585,0.5153850628386685,0.15108952301608414,0.16708391724023777
8,27,0.24771364450432268,1.0010698921978474,0.4965543125811517,0.5045155796166957,0.1517357993023074,0.17137487409186355
8,28,0.5640591028643583,1.0052922647446394,0.49590210794273726,0.5093901568019021,0.15121238338388523,0.16651403905231774
8,29,0.5689691988496144,1.0044617326930165,0.4955472605067561,0.5089144721862604,0.15144812203292513,0.16708391724023777
9,0,1.0,0.5024761594831944,0.49549512721850264,0.006981032264691711,0.038356198357204,0.12539742071457963
9,1,1.0,0.5384095376357436,0.49490163606205806,0.04350790157368556,0.04021754741591147,0.12236891998208672
9,2,0.7224981221663411,0.5622023013420403,0.4839539551326217,0.07824834620941862,0.03696392363573555,0.09606111418965392
9,3,0.7827321931332669,0.5778805953450501,0.4824248826784452,0.09545571266660491,0.04041400330239838,0.09054447656040127
9,4,0.7906976011029798,0.6056635370478034,0.49340503161077265,0.11225850543703075,0.041885222888850535,0.07539537415130802
9,5,0.8114615569854084,0.6372416242957115,0.4955516776612867,0.1416899466344248,0.04502244233129941,0.08691057121599531
9,6,0.6329034597907836,0.6439106748439372,0.4917059393261761,0.15220473551776104,0.04925859750525825,0.09735154534604364
9,7,0.5865765306836934,0.6791525781154633,0.5108948532455206,0.16825772486994262,0.052375564756196966,0.08933767844226741
9,8,0.6512904960915752,0.7010881109163165,0.4986628322889066,0.2024252786274099,0.053691651499150936,0.09049492242369758
9,9,0.7059568032623024,0.7380070267245173,0.49105565609364155,0.2469513706308758,0.06278670203592591,0.10533485333263108
9,10,0.6292912289872133,0.7604179717600346,0.5079546544492037,0.2524633173108308,0.06951721756212227,0.11470954830287268
9,11,0.6179658973738303,0.7623959789052606,0.49003777336171983,0.27235820554354073,0.07159516957948943,0.10340574748028661
9,12,0.6220645079734557,0.7919527105987072,0.486771630800389,0.3051810797983182,0.0805541157921689,0.11237809645191255
9,13,0.6472979357110014,0.8143487367779016,0.46859548961139075,0.3457532471665109,0.08943256834763354,0.1161865160134031
9,14,0.5106274205237326,0.8179366458207369,0.4735797907468053,0.3443568550739316,0.08982016495857631,0.11237809645191255
9,15,0.5749300226626252,0.8240773994475603,0.4588332548585682,0.3652441445889921,0.09271189323876997,0.1152801677638938
9,16,0.6523899155886397,0.8335941731929779,0.4377149698808217,0.3958792033121562,0.09323783069045194,0.11237809645191255
9,17,0.6734011250223878,0.8413890022784472,0.4207653687882592,0.42062363349018794,0.09513910326165703,0.10710318796204382
9,18,0.3529264369362967,0.8399505242705345,0.42142934066473803,0.4185211836057965,0.09543340935322037,0.11237809645191255
9,19,0.42834156331328654,0.8418428543955088,0.4318286249023802,0.41001422949312855,0.09524768662470551,0.11644819115536553
9,20,0.643931373218813,0.8464193549007177,0.42620156968896145,0.4202177852117563,0.09658811588227395,0.11237809645191255
9,21,0.5491005318470619,0.8512483332306147,0.4205127329647806,0.4307356002658341,0.0989585366574087,0.11237809645191255
9,22,1.0,0.8515207227319479,0.41568557751641305,0.43583514521553485,0.09964408098467877,0.11237809645191255
9,23,1.0,0.8532334733754396,0.4061449694485851,0.44708850392685456,0.09821213625749953,0.11237809645191255
9,24,0.37322591021218343,0.8568928949534893,0.4152398868790102,0.4416530080744791,0.10120033283613555,0.11237809645191255
9,25,1.0,0.8582951761782169,0.4131289516421256,0.44516622453609134,0.10069608248232667,0.11237809645191255
9,26,0.6190835585984991,0.8595927860587835,0.42209456635973364,0.4374982196990499,0.10000257320494635,0.11237809645191255
9,27,1.0,0.8595661036670208,0.42439852799981104,0.43516757566720976,0.09846307716141246,0.10266554517354581
9,28,0.14883199692922322,0.8594822995364666,0.4376671123450345,0.4218151871914321,0.09930697614690145,0.11237809645191255
9,29,0.270580415125534,0.8592106010764837,0.44869499109382155,0.4105156099826622,0.09954543492775231,0.11237809645191255
10,0,1.0,0.49455600744113326,0.5035623207955621,-0.009006313354428808,0.04039561234918117,0.08917764247315235
10,1,0.9105539798942535,0.5368169760331511,0.5071642342632899,0.029652741769861213,0.03739708740471351,0.07125153547063676
10,2,0.6669691770094663,0.574996997602284,0.5034699972644309,0.07152700033785309,0.035774719912789875,0.09055308059343764
10,3,0.6215441348879841,0.6043836418539286,0.5063481941040442,0.09803544774988437,0.03754477090067738,0.06848878195406494
10,4,0.7525350388327128,0.6470933058299124,0.5003040153210457,0.1467892905088667,0.04122347126906829,0.07987344621731479
10,5,0.4977408503991674,0.6701397523283958,0.49807298578473264,0.1720667665436632,0.041458176313705956,0.08714843031121364
10,6,0.6928427796172367,0.7140451846644282,0.512531760360101,0.20151342430432728,0.041509410497966165,0.07759323802699693
10,7,0.7912558442645384,0.7259501712396741,0.5000701245332138,0.22588004670646034,0.04446782782013154,0.08537935591213001
10,8,0.7697369853305629,0.7727608121931553,0.4972566030388803,0.275504209154275,0.04859847041128612,0.10313018786372956
10,9,0.569569399549098,0.8027947945520282,0.5057823404294948,0.2970124541225334,0.05605842455659519,0.10223762181436351
10,10,0.6729804347769303,0.8404092192649841,0.4853956802010345,0.3550135390639496,0.06101540030457505,0.10602833605741697
10,11,0.711556090547049,0.8601164137944579,0.48191134208736264,0.3782050717070953,0.062331000627899626,0.09536392554012053
10,12,0.5032628454181134,0.8930192748084664,0.49561441748007273,0.3974048573283937,0.06820582147183071,0.1192759183027577
10,13,0.5629764005310425,0.9206861397251487,0.4963932808430302,0.4242928588821185,0.07564114906517734,0.11743574563943938
10,14,0.6654939142657235,0.9279432566836476,0.47905619718171777,0.44888705950192986,0.07578222763920173,0.1163392615079952
10,15,0.45838644197699224,0.9358094539493322,0.48117601172955654,0.4546334422197757,0.07672044246492948,0.10179871310239941
10,16,0.618270714053964,0.9437606995925307,0.479521781801707,0.4642389177908237,0.08168051397028844,0.11372313643700628
10,17,0.36853203798541107,0.9292757268995047,0.4921348505790779,0.43714087632042675,0.07695608086232444,0.11160912530771937
10,18,0.7544935997407978,0.9472273392602801,0.49101254274974837,0.45621479651053176,0.08085237594942582,0.10724485949951892
10,19,0.5424436254449415,0.9535362320020795,0.49384433351486745,0.45969189848721204,0.07864731091754915,0.11160912530771937
10,20,0.5032081610527516,0.9570213938131928,0.48274536814323715,0.4742760256699557,0.08281193690985766,0.10309993383720688
10,21,0.6558826772552155,0.9586079753935337,0.4633770864440761,0.4952308889494576,0.08213603601426603,0.10654315539727621
10,22,0.3457195125359197,0.9595060935243964,0.4547282847063999,0.5047778088179965,0.08419158953874763,0.11008114691494751
10,23,0.5241620916569999,0.96351667214185,0.45891210468485455,0.5046045674569954,0.08297100056847004,0.10724485949951892
10,24,1.0,0.9673402011394501,0.45721792826591756,0.5101222728735325,0.0852800373536661,0.10027971450616582
10,25,0.25878199290396553,0.9656411372125149,0.4503235608248941,0.5153175763876208,0.08576292903534784,0.10724485949951892
10,26,0.42986499968967684,0.9660256514325738,0.4523935696245489,0.5136320818080249,0.08398176527159425,0.11782621993599944
10,27,0.2646310435446886,0.9619988277554512,0.44974296148425597,0.5122558662711952,0.08252268305550994,0.10027971450616582
10,28,0.4398574229301431,0.972355879843235,0.4476367194397663,0.5247191604034687,0.08542187356362604,0.0986728133742071
10,29,0.3573693247912917,0.967439129948616,0.45353529709478274,0.5139038328538332,0.08092159128322754,0.10148553865274447
11,0,1.0,0.48129452066496015,0.504761794576884,-0.023467273911923825,0.0452201187804384,0.09669508630030302
11,1,0.83365945231363,0.5187118169851601,0.48209452413113885,0.036617292854021266,0.039342925732771435,0.11753001317207978
11,2,0.6916928490159429,0.5443985289894044,0.509424700762577,0.034973828226827486,0.03796810656906433,0.11512799881371051
11,3,0.835114001858077,0.5789444143883884,0.48210121550953233,0.09684319887885606,0.04079210233840323,0.09609373175844049
11,4,0.4934524006438155,0.5964538855478168,0.5015593280125357,0.09489455753528109,0.05029864884772969,0.13480009049724156
11,5,0.8695160640699938,0.6306039346382022,0.5055823106152202,0.125021624022982,0.048869937629751656,0.12003531921473655
11,6,0.669706405778529,0.6479891091585159,0.5056351695607327,0.1423539395977832,0.05411011370286577,0.13917726449710904
11,7,0.693602039675431,0.6756814140826464,0.5098147657509222,0.16586664833172415,0.05365784608075601,0.12076644417028866
11,8,0.7299808523012089,0.7229080386459827,0.5010865117783292,0.22182152686765355,0.06275767504771393,0.1208799425668796
11,9,0.5787822338382577,0.7468890408053994,0.5053859164538126,0.24150312435158683,0.06621157118449006,0.132515083978846
11,10,0.5417524462456732,0.7556562768295407,0.5056077301992499,0.25004854663029086,0.07170231700321675,0.13329432923114096
11,11,0.6177657699563505,0.7682163892313838,0.49380442785782086,0.27441196137356294,0.07122243179393561,0.12128705534650638
11,12,0.7431733524213027,0.78736178483814,0.5037474958666355,0.28361428897150454,0.07748089406798084,0.1301443198370317
11,13,0.574283177837331,0.792549786157906,0.510673106320842,0.2818766798370641,0.07477355302711995,0.1096429309809938
11,14,0.5731551724781488,0.8032909287139773,0.4934390920125554,0.3098518367014219,0.08150314704531063,0.13542245126829824
11,15,0.3759958492924187,0.8051630593836308,0.5007431073283671,0.3044199520552636,0.07170062014743911,0.12998616592723528
11,16,0.8534449443661817,0.8117357129231095,0.496544308436239,0.31519140448687055,0.07910579248213875,0.11393357987703942
11,17,0.412761162096131,0.8193383989855647,0.5034755236656121,0.3158628753199526,0.08455497791856362,0.12221972717673206
11,18,0.5055998371799724,0.8271590089425445,0.49551997159030226,0.3316390373522422,0.09088438742829921,0.12867393062557203
11,19,0.7123183857038817,0.8276198143139482,0.4973913158287856,0.33022849848516256,0.08837784912185573,0.13704041178843557
11,20,0.8315645050496314,0.8336685206741095,0.5111773455498562,0.3224911751242533,0.08813928393887702,0.13046491063800136
11,21,0.6044935208339572,0.8430270869284868,0.5148444873993391,0.32818259952914774,0.08954528932532743,0.12029076125199935
11,22,0.8849661595875742,0.8457711162045598,0.5104273622297066,0.33534375397485316,0.09148539223955895,0.11908321818061217
11,23,0.30057397600915475,0.846085618250072,0.5323238131131388,0.3137618051369332,0.08897641265327101,0.12437902715216519
11,24,1.0,0.8500234978273511,0.5220820797721084,0.3279414180552427,0.08783356008309626,0.11908321818061217
11,25,0.5320393478218389,0.847474436275661,0.5201822279915997,0.32729220828406125,0.08633632412532866,0.11016477533738803
11,26,0.6531595623296179,0.852973754517734,0.5253615231160823,0.32761223140165174,0.09363546846537878,0.12264637871597074
11,27,0.3934610879126189,0.8526510819792747,0.5284401556248458,0.32421092635442894,0.09019478603717511,0.11908321818061217
11,28,0.6357538512061208,0.8515352560207248,0.5307833943913334,0.3207518616293914,0.09119085079144479,0.10852016758346784
11,29,0.25925152958216235,0.8534590816125274,0.5425222023780969,0.3109368792344305,0.0922951471712169,0.11923868211254748
12,0,1.0,0.4893467267975211,0.5004374178406645,-0.01109069104314342,0.03187779032762508,0.06966814429550748
12,1,0.947328976435421,0.5191655121743679,0.4963892115683219,0.022776300606046018,0.0361577893351864,0.10052562968806018
12,2,0.7318041167612563,0.5473398803733289,0.5049408204356747,0.04239905993765425,0.03722109660900265,0.12393761342050323
12,3,0.6734564961781618,0.5859839068725705,0.5028071711296446,0.08317673574292594,0.038470267237166164,0.10000419464476157
12,4,0.556999363410181,0.6003177263773978,0.4992857881010833,0.10103193827631446,0.03669791121534323,0.10137176421059355
12,5,0.6715519256535366,0.6355089489370584,0.4997240771854085,0.13578487175164994,0.039401512301060815,0.08054723175057223
12,6,0.5204922456512302,0.6539185815490782,0.49515543804627576,0.15876314350280246,0.046596859677849684,0.1143533225535296
12,7,0.5854612666861156,0.6752415494993329,0.49037290357070407,0.18486864592862884,0.04643070590421511,0.09139954777764757
12,8,0.5906129182941252,0.6958244480192661,0.5094015905570796,0.18642285746218656,0.04944394157181061,0.10146940038636516
12,9,0.5803730479811612,0.7304991474375129,0.5222690558565978,0.2082300915809151,0.05232121154313308,0.08254916212197104
12,10,0.5861650951697759,0.7298862114548683,0.509547037830075,0.22033917362479327,0.051073619473332485,0.09145845896407952
12,11,0.5392717220315,0.7592063490301371,0.4990111256566035,0.26019522337353357,0.05603934370833069,0.0827739442281797
12,12,0.5068348287989601,0.7588499505072832,0.4988360485339096,0.2600139019733736,0.05298476539069258,0.08414424698891976
12,13,0.6226729941720196,0.7586140334606171,0.508646158298935,0.24996787516168206,0.05465707607680782,0.08737059481320995
12,14,0.5271381817172969,0.7732207477092743,0.505230410541573,0.26799033716770126,0.054833625670362304,0.09048254735923464
12,15,0.7014662888914942,0.7835134826600552,0.49875053905948613,0.28476294360056903,0.0625291330315795,0.09937494018557669
12,16,0.6648164856120738,0.7919057924300432,0.48574831684643227,0.30615747558361095,0.06236950397088979,0.08608456550628235
12,17,0.769215597126899,0.8017917834222317,0.4914707146286175,0.31032106879361415,0.06350924689041815,0.09397654954117987
12,18,0.672284533096559,0.8128002993762493,0.4942806984141424,0.3185196009621069,0.0671982768588775,0.09554150702180733
12,19,0.6505305990393686,0.8150680363178253,0.5092898617955021,0.30577817452232325,0.06915609505467513,0.09075373445637515
12,20,0.5374730858611056,0.8223006762564182,0.4850155760918165,0.3372851001646017,0.07096987455474114,0.0932686554524945
12,21,0.6513318773970282,0.8226783070713282,0.49419272621762383,0.32848558085370433,0.06620474983347766,0.08711652028414454
12,22,0.40323753602675977,0.8301461730152369,0.48115983663045875,0.3489863363847781,0.07262254476072089,0.10374157149093635
12,23,0.5189263235051444,0.8340981733053923,0.4711280400098547,0.36297013329553757,0.07414857835559308,0.09155460119287984
12,24,0.4814974770049369,0.8349046129733324,0.4665904661019751,0.36831414687135733,0.07296755256042739,0.09200819066006671
12,25,0.6826804874187792,0.8440881874412298,0.4524619289259094,0.3916262585153204,0.07463075147494261,0.09162701111633986
12,26,0.458042024950935,0.8420968893915415,0.45773236729341005,0.38436452209813143,0.07263334510936431,0.08593850263041701
12,27,0.41097657171295265,0.8471553307026625,0.44904481307863797,0.3981105176240245,0.07597225747572262,0.09963498323114199
12,28,0.4952237508783303,0.8470509629696608,0.45896419918370374,0.388086763785957,0.07474786254579233,0.08593850263041701
12,29,0.23733327441225502,0.8452205415815115,0.4504918607026225,0.394728680878889,0.0734170484770211,0.08536086251277784
13,0,1.0,0.5042790276929736,0.5085498490627655,-0.004270821369791844,0.03565085674284696,0.08591895306025665
13,1,0.6575718042589205,0.5260822791606188,0.49552406237155,0.03055821678906878,0.03088526368440106,0.06613150662517508
13,2,0.700669777821148,0.5415162136778235,0.4936228192459421,0.04789339443188145,0.03264365779621248,0.06643961835595455
13,3,0.7802180521152329,0.548379392363131,0.5051063214242495,0.04327307093888155,0.033472212822743964,0.09129188747185565
13,4,0.6302301124794979,0.5623480090871453,0.5034676826173068,0.05888032646983854,0.03339651322711533,0.06535581926701103
13,5,0.8445564182916535,0.5824930341914296,0.5042260432623025,0.07826699092912714,0.032307455264912396,0.056969933251305345
13,6,0.7051665624107893,0.5974714523181319,0.4988739765115501,0.09859747580658185,0.03569324495546192,0.08604557451527409
13,7,0.7171302259469913,0.6169997463002801,0.49932756826489594,0.11767217803538416,0.03633527882860714,0.07278433379082326
13,8,0.5883373179683649,0.6301499446853995,0.4986678447637741,0.1314820999216254,0.039251707446374844,0.08241718454521545
13,9,0.751489503025192,0.6594598274677992,0.5001415085029015,0.15931831896489768,0.04205377027265875,0.07208927295077028
13,10,0.6378902567972149,0.6819139579311013,0.5094013942111482,0.17251256371995316,0.046916023346438226,0.07856290093413287
13,11,0.6549398329982581,0.6888446612283587,0.49803388357350176,0.190810777654857,0.04840905995366242,0.0832230646503893
13,12,0.6222075038709519,0.6993811214342713,0.48638645408340464,0.2129946673508667,0.04909635301513668,0.07802750906273449
13,13,0.6196767350248885,0.7106202812865376,0.5032620678243938,0.2073582134621439,0.05107773855958035,0.08664511591151222
13,14,0.6998642049458378,0.7222955198958516,0.46822278814459667,0.25407273175125494,0.05632006773995156,0.08212473350581503
13,15,0.5512053164643138,0.7261075908318162,0.48567391377303487,0.24043367705878133,0.05834126101669394,0.08382047628080212
13,16,0.5163150481407777,0.7342470604926348,0.475492896784894,0.2587541637077408,0.05688370844354186,0.08424038684761243
13,17,0.5022803307465998,0.7420154232531786,0.49460706433817275,0.24740835891500584,0.05942744168213805,0.08212473350581503
13,18,0.7483221699701914,0.7500072931870818,0.47989777613619927,0.27010951705088254,0.06393252527678721,0.08829811807702109
13,19,0.5214359285402772,0.755495835095644,0.4706538892859952,0.2848419458096488,0.06324784907463699,0.07998200100001628
13,20,0.7224655242714519,0.7624408910050988,0.4597299698616114,0.3027109211434874,0.06326774744512417,0.08678632502768022
13,21,0.5966239228700279,0.7664378378540277,0.49492372202020074,0.271514115833827,0.06678198826368101,0.08678632502768022
13,22,0.437366845770138,0.7677294919267297,0.4730083075367968,0.2947211843899329,0.06836242887130856,0.09091059699561077
13,23,0.6257043135677267,0.7726543825119734,0.4844046482065766,0.2882497343053968,0.06814099160527992,0.08044888917095809
13,24,0.3822671323068632,0.777162654325366,0.46650596567488256,0.31065668865048346,0.06951980290958375,0.09041717335391407
13,25,0.5199333072163751,0.7772563472390175,0.463820263038911,0.3134360842001065,0.06879528894695144,0.08285427704989948
13,26,0.49627641318569454,0.7800991404801607,0.4600714403966296,0.3200277000835311,0.06778152037246266,0.07897198033814004
13,27,0.37957199690642335,0.7868650993332267,0.46504536620596204,0.32181973312726464,0.06967064318392575,0.08285427704989948
13,28,0.41496052835626057,0.7873776638880372,0.4558868915300009,0.3314907723580363,0.0674121347661687,0.08044888917095809
13,29,0.6046804342264985,0.7930610897019506,0.45685295627970957,0.336208133422241,0.06838487277626887,0.08044888917095809
14,0,1.0,0.48911465518176556,0.508489822627201,-0.019375167445435437,0.04030990669934456,0.09120231121873136
14,1,0.7348034686343662,0.5090402457863092,0.4895955703026192,0.019444675483690055,0.03803262676455341,0.06967946109774903
14,2,0.6518444772266453,0.5297319716773927,0.49325390756208404,0.036478064115308684,0.03913141279998848,0.08427930717120755
14,3,0.7902841411760054,0.5416658334434032,0.492547034860224,0.049118798583179246,0.04176542663832176,0.09931882312032896
14,4,0.7758140877939622,0.5610792944207788,0.508300918084538,0.05277837633624072,0.04544566976605938,0.10297142357482172
14,5,0.6273485746575151,0.5767182651907206,0.49307121141898647,0.08364705377173409,0.041332828439173554,0.09324518532186135
14,6,0.7722877638773931,0.6126126917079091,0.5160960997634478,0.09651659194446127,0.049632423223541444,0.13157223683754468
14,7,0.9098000796129498,0.6484208358451724,0.49621686309127067,0.15220397275390174,0.04662816280274249,0.10204087335602678
14,8,0.5209883704673142,0.6846198448911309,0.49193055761754445,0.19268928727358647,0.05706885183738489,0.09694241797122005
14,9,0.9070127710519525,0.7147293798625469,0.5062343837262293,0.2084949961363176,0.05942070692099053,0.10152172689853729
14,10,0.5731672695627005,0.7562364377081394,0.48958705363398636,0.26664938407415306,0.07331987011523258,0.12242487819313469
14,11,0.5953370177181441,0.773922624066472,0.49271030119588943,0.2812123228705826,0.07585282174570963,0.11209778211005851
14,12,0.8582689597669853,0.7841258235275745,0.4975387207724613,0.28658710275511323,0.07373034416957708,0.12695210863731
14,13,0.41629582159187223,0.8113600043579936,0.4917418227807183,0.3196181815772753,0.08527655734284892,0.11444774072696909
14,14,0.4236131658674498,0.8139611911028624,0.4922254543502307,0.3217357367526317,0.08856709809705415,0.1271697049150767
14,15,1.0,0.8253513621166348,0.48224304056793854,0.3431083215486963,0.08993431115606394,0.1296292517494817
14,16,0.5181261283279058,0.8438342716544867,0.48474291381492174,0.3590913578395649,0.09599117307311442,0.11734987927324408
14,17,0.6790454042065728,0.8369897333905101,0.47613395272053527,0.3608557806699748,0.09535144845811089,0.12695210863731
14,18,0.49663495379868744,0.8469963856041431,0.4928551446455843,0.35414124095855887,0.09671272570402986,0.11702148042536084
14,19,0.37601685117385747,0.8405702402815223,0.4912027129010734,0.34936752738044885,0.09721844572068096,0.12120830392014906
14,20,0.4328925977645315,0.8547152988612652,0.5018313594921433,0.3528839393691219,0.10154641779106585,0.12695210863731
14,21,0.37453654104390177,0.8531457465142012,0.49875748379196877,0.3543882627222324,0.09896960913660918,0.11444774072696909
14,22,0.7301105673811474,0.8535315087065101,0.4923096509738438,0.36122185773266624,0.09878998478575282,0.11137915791485475
14,23,0.36862449064580405,0.8563857665285468,0.5047379673007832,0.35164779922776357,0.10156122813790577,0.12695210863731
14,24,0.6935780088761793,0.8617253610864282,0.5067271554324001,0.35499820565402807,0.10181825795436664,0.11444774072696909
14,25,0.4261510653378936,0.8610447943210602,0.5075546124253543,0.3534901818957059,0.1028098571368572,0.12033068908082714
14,26,0.5023793717734456,0.8655183333903551,0.5168262608042165,0.34869207258613866,0.10420682041911927,0.11137915791485475
14,27,0.6103039963831685,0.8653522245585918,0.5147338562900787,0.3506183682685131,0.10176011861096008,0.11444774072696909
14,28,0.7629184915736031,0.8755760816857219,0.5779956842101563,0.29758039747556553,0.10606085843415415,0.13009036736761412
14,29,0.36997327147396725,0.8806422865018249,0.5728434428576101,0.3077988436442147,0.10569032158475605,0.1144023572124856
15,0,1.0,0.4907208844088018,0.49768506056231065,-0.006964176153508861,0.037647482234716485,0.06611706927145246
15,1,0.7065468280867578,0.5171670820564032,0.5003189853459837,0.016848096710419425,0.036022800177861185,0.09093492162326804
15,2,0.605218636990968,0.5282115871086717,0.5097861173238767,0.01842546978479498,0.03871077822612029,0.07656254223327597
15,3,0.5399784217191538,0.5463080322369933,0.5119576212735342,0.034350410963459144,0.040401167777047935,0.09826635033286005
15,4,0.8857470982356788,0.5731016835197806,0.49696739338779594,0.0761342901319847,0.04052641011741678,0.07120428433524238
15,5,0.7106898520086241,0.5834596687927842,0.5001779675277414,0.08328170126504286,0.04142707544425934,0.08733674465305309
15,6,0.7152943459151603,0.6139245117083192,0.4984937726477148,0.11543073906060441,0.0509399752212734,0.09997657414952323
15,7,0.7525262345935491,0.6271600807085633,0.5023806767050479,0.12477940400351539,0.05095907799890358,0.11132135063914272
15,8,0.8432090203652048,0.6514541646465659,0.48761352893893417,0.16384063570763174,0.052928043746581346,0.08294593216347432
15,9,0.7841803538989168,0.6709950650110841,0.5101475234805672,0.16084754153051684,0.06120617828884184,0.12290545430373087
15,10,0.6477334804093323,0.6827640924602747,0.4934561861390046,0.1893079063212701,0.06284183261410697,0.10873273064996869
15,11,0.6357638149103148,0.6961278589442372,0.48520924091922357,0.21091861802501366,0.06318382750832216,0.08827837358928477
15,12,0.6119723905867652,0.7135891476646066,0.5006251045317064,0.21296404313290018,0.06608890516707165,0.09158249549901726
15,13,0.5406226862448231,0.7227387996390462,0.4908912691319508,0.2318475305070954,0.06660813671353671,0.09352291274018477
15,14,0.441969769560971,0.7242217976599932,0.4975720129652202,0.22664978469477298,0.0644173842318212,0.08752178007351097
15,15,0.7817630253789689,0.7443749876692891,0.5093594038466839,0.23501558382260523,0.06535617686928678,0.08554229699809501
15,16,0.4557867703247086,0.7611870663240552,0.5107066101973807,0.25048045612667447,0.061407461295326884,0.08961559195437896
15,17,0.5884036980853091,0.7706519179046154,0.5170660949761692,0.2535858229284462,0.05931140181094385,0.08388160845939563
15,18,1.0,0.7772445464506745,0.5006433797567701,0.27660116669390444,0.06240725865978604,0.08506588077370829
15,19,0.7346893490104843,0.7830201284959912,0.48276511524521964,0.3002550132507716,0.06016835297721656,0.0806859521452782
15,20,0.5720178765659443,0.7928991671651602,0.4807731248597502,0.31212604230540997,0.06297334594390239,0.08512578442326874
15,21,0.5159879918896855,0.7894710469990969,0.4616268797876006,0.3278441672114963,0.05982889669684178,0.07826352252440415
15,22,0.46291260221000236,0.7992387255653739,0.45714950780148444,0.34208921776388945,0.061096075224670685,0.08883043556905154
15,23,0.6235460927554071,0.7971438271924853,0.47094561575426375,0.3261982114382216,0.06104066692707266,0.08283563709845637
15,24,0.3845971726431302,0.8039816906675696,0.48269448634264545,0.3212872043249242,0.06597498004450257,0.07949522532014475
15,25,0.4423999483466668,0.8063974743708968,0.4858138530396213,0.3205836213312755,0.06957593470999594,0.08512578442326874
15,26,0.5266860630324238,0.8096073530614376,0.4809080233055018,0.3286993297559358,0.07043614896044273,0.08900049076901223
15,27,0.31337803565380074,0.8128641964867711,0.500367242049968,0.31249695443680314,0.07484198158373892,0.10197773949959603
15,28,0.770267166055264,0.8159781759604812,0.5054013118145693,0.3105768641459119,0.07297516647967847,0.08512578442326874
15,29,0.6073666015582747,0.8138596890494227,0.5125636561479919,0.3012960329014308,0.0729888008890936,0.08283563709845637
