K,seed,round,best,mean_R,rho,rho_star,L_hat,L_analytic,alpha_S,alpha_T,cos_T1,in_supp_frac
0,0,0,0.6698382018001041,0.5150944133621708,1.0,0.7997254500749449,2.504291315304355,20.0,2.419130076419076,1.6534869451588197,1.0000001192092896,1.0
0,0,1,0.6786594649102502,0.5877815356689422,1.0,0.7393379258987354,3.525614809823331,20.0,2.6666714878161755,1.4999972881083043,1.0,1.0
0,0,2,0.7385583379737876,0.6477802333948103,0.8141904275014462,0.8074800832047541,2.384206382294488,20.0,2.2071659840569873,1.8122787451841789,1.0,0.96875
0,0,3,0.7385583379737876,0.6698519858077971,0.8696275315295398,0.7967379114787696,2.5511788204476153,20.0,2.3535426726690454,1.6995655300627213,1.0000001192092896,0.96875
0,0,4,0.7514238390706278,0.695622173247898,0.6781090896700791,0.8015617017413335,2.4756459524896717,20.0,1.9817385535082392,2.018429723193741,1.0000001192092896,0.953125
0,0,5,0.7619903343522908,0.702512576397502,0.5262555633245306,0.673110817937161,4.85639471765786,20.0,1.8908973106380267,2.115397794209311,1.0,0.875
0,0,6,0.79032940536369,0.7352716290460272,0.6385855831082793,0.787485203219328,2.6986513005182524,20.0,1.832604695573367,2.1826856657422895,1.0,0.921875
0,0,7,0.7960055529855857,0.7448715242314824,0.5290910667001976,0.8156126702212942,2.2607217434309503,20.0,1.5608296042926153,2.5627397052177536,1.0,0.90625
0,1,0,0.655297285617111,0.5273581923587749,1.0,0.16807546906054183,49.49708220893281,20.0,4.408239859478501,0.9073916409968681,1.0,1.0
0,1,1,0.7726476775420708,0.6388234900788838,0.7009342415803653,0.727684039570931,3.7422280223383275,20.0,2.3027861943806767,1.7370262205674638,1.0000001192092896,0.9375
0,1,2,0.7834455033563279,0.6913660645541743,0.7039467240275757,0.7377434018616944,3.5548484402097187,20.0,2.2752166603962123,1.7580743274372075,1.0,0.953125
0,1,3,0.8279909791693523,0.7339469531280762,0.8834408756402474,0.7789954172876192,2.8370459929263205,20.0,2.577051657378686,1.5521613579406097,1.0,0.984375
0,1,4,0.8279909791693523,0.7585187619612628,0.6571650449908036,0.7777849890630548,2.8570236512873897,20.0,2.1248961623049514,1.8824449264669272,1.0000001192092896,0.9375
0,1,5,0.8300034597751587,0.773787363827662,0.5932964148436168,0.4901090878532848,10.403620842455226,20.0,2.5656602555758297,1.5590528758852567,1.0,0.921875
0,1,6,0.8300034597751587,0.7871361021272827,0.5348057930249096,0.7756243647616717,2.8928389234816367,20.0,1.8890002421088865,2.1175222272784815,0.9999999403953552,0.875
0,1,7,0.8300034597751587,0.8040257085523341,1.0,0.29115616673214445,24.34582929235952,20.0,4.437376338771578,0.9014335712411854,1.0,1.0
0,2,0,0.6637034759858299,0.5167808407531628,1.0,0.7257474197279604,3.778898454435298,20.0,2.595261109580954,1.5412707358165836,1.0000001192092896,1.0
0,2,1,0.7196965205231922,0.6053286564885347,0.7381248308126113,0.7757632368750274,2.8905309309094824,20.0,2.038554974148779,1.9621742119906498,0.9999999403953552,0.953125
0,2,2,0.7204049199089344,0.6281437482020602,0.7231019392765135,0.7952979956393954,2.5739031845041986,20.0,1.9579221079015487,2.0429821921195317,1.0000001192092896,0.96875
0,2,3,0.7507000289828879,0.6519969208942018,0.7565222652060318,0.40596068703823385,14.632927077143773,20.0,2.883671484869867,1.3871205582838817,1.0000001192092896,0.953125
0,2,4,0.7732127154609876,0.6909856345672702,0.7909214913896763,0.8453219668852504,1.8298120618430183,20.0,2.1053098807175377,1.8999578335882357,0.9999999403953552,0.984375
0,2,5,0.7989141919872678,0.7183949188259171,0.7056657484994969,0.41808863843404526,13.918372997302892,20.0,2.8819330854880536,1.387957277752895,1.0000001192092896,0.9375
0,2,6,0.7989141919872678,0.7405932552291475,0.5549456189343785,0.44987420963163605,12.228435829180238,20.0,2.5666364965061117,1.5584598775265157,1.0000001192092896,0.78125
0,2,7,0.8087396718317604,0.7632722185577332,0.5060163896858867,0.7890696249721513,2.6731528923736354,20.0,1.812835429208751,2.206488209327353,1.0,0.921875
0,3,0,0.5928969560909324,0.46468281998314387,1.0,0.7200131262954801,3.888635685644687,20.0,2.609437577534725,1.532897370083485,1.0,1.0
0,3,1,0.6756284348635313,0.5241690079491292,1.0,0.7909777421404635,2.642580779756226,20.0,2.5798098644478724,1.550501862607644,0.9999998807907104,1.0
0,3,2,0.7207487077585834,0.6157143886305012,0.7053962088648854,0.8081850117919264,2.373404423608117,20.0,2.000304950310555,1.9996950961797026,1.000000238418579,0.921875
0,3,3,0.7795229553347147,0.657984361007319,0.6218898677546384,0.7837343798408117,2.7594249495998247,20.0,1.8526905980005415,2.15902212939218,1.0,0.875
0,3,4,0.7795229553347147,0.6872401924636977,1.0,0.7807709393001068,2.80785374640625,20.0,2.576134324624557,1.552714065320703,0.9999998807907104,1.0
0,3,5,0.7827348545744612,0.7161784372333189,0.6498062798807576,0.6473523037237312,5.447539064088469,20.0,2.190652475250527,1.8259400088289004,1.0000001192092896,0.953125
0,3,6,0.7882099461478325,0.738933462437968,0.7502670324961815,0.7925050460442842,2.6182161866527878,20.0,2.1006206283383357,1.9041991428809968,0.9999999403953552,0.96875
0,3,7,0.7993160486921145,0.7512298529786339,0.8105151700248575,0.3533842725319093,18.29780716711731,20.0,3.347405945164346,1.1949551579719184,1.0000001192092896,0.96875
0,4,0,0.5928310764009252,0.43606279838474166,1.0,0.7705071655377633,2.9784646363679914,20.0,2.487219384159924,1.608221625110496,1.0,1.0
0,4,1,0.600960403888544,0.5012083596988128,0.829525248387018,0.7880520176200714,2.689517666866898,20.0,2.1780834019435567,1.8364769670576906,0.9999997615814209,0.9375
0,4,2,0.6488149274657935,0.5471761997303299,0.7910908568991025,0.8516582763422733,1.7417986506845105,20.0,1.9933195112896647,2.0067028779606066,1.0000001192092896,0.96875
0,4,3,0.6793111544413215,0.597615886222189,0.6575775904825518,0.7515729989831847,3.305427434898755,20.0,1.907762847697767,2.096696664801437,1.0,0.9375
0,4,4,0.6992374349261641,0.6196629464318684,0.735989658123311,0.7910513969938278,2.64140362813622,20.0,1.9427785216887279,2.0589068467377674,1.0000001192092896,0.96875
0,4,5,0.7279199386679767,0.6473614923102706,0.6601829486083756,0.7023615177566813,4.237682087053486,20.0,1.9451631193664485,2.0563828093259473,0.9999998807907104,0.921875
0,4,6,0.7279199386679767,0.662879286818776,0.5155526232589106,0.5790883919750118,7.268520900400829,20.0,1.8900830806720417,2.116309087628969,1.0,0.921875
0,4,7,0.7319406038041953,0.6879311845661367,0.6319066094678701,0.6585660499590524,5.184505791972981,20.0,1.932754416309739,2.069585233512134,0.9999999403953552,0.96875
1,0,0,0.6786211712785195,0.4814580025271276,1.0,0.7160048920317418,3.9663850223479784,10.0,2.619392794607938,1.5270714679501538,1.0,1.0
1,0,1,0.6786211712785195,0.5124674480305145,0.913183271937773,0.641676764307402,5.584170342826059,10.0,2.739779340252415,1.459971590132321,1.0,0.96875
1,0,2,0.6786211712785195,0.5589993413361627,0.6715852866651354,0.8184647576811299,2.2179970562592684,10.0,1.9439306007813666,2.0576866264629983,1.0000001192092896,0.953125
1,0,3,0.7140964287386407,0.5862764134168477,0.6458572801455786,0.7021417423924746,4.242138582910689,10.0,2.0573142506452564,1.9442824540516548,0.9999999403953552,0.890625
1,0,4,0.7140964287386407,0.5941744163576066,0.7421664206310639,0.7668492713860771,3.040372304097047,10.0,2.0962834871370704,1.9081388679270987,1.0000001192092896,0.953125
1,0,5,0.7140964287386407,0.5929051428585878,0.5812087081060425,0.7423515775853077,3.4707062016728107,10.0,1.8323374023278782,2.1830040662370545,1.0,0.875
1,0,6,0.7169808064454963,0.6048511949247193,0.8240474929243351,0.7316782047288634,3.6672104421993574,10.0,2.257369950202615,1.7719736189635074,0.9999999403953552,0.96875
1,0,7,0.7169808064454963,0.6150013141518436,0.6508899754574713,0.744796307004547,3.4264897743900193,10.0,1.926514507689128,2.076288542876346,0.9999999403953552,0.90625
1,1,0,0.6587779672487482,0.47568217712367145,1.0,0.5421682817965019,8.444457810893136,10.0,3.089741136649454,1.294606836978466,1.0,1.0
1,1,1,0.6836440523116163,0.5348718874458552,0.9249856966488259,0.8858636804946659,1.288418545860244,10.0,2.2747711172674827,1.7584186688658636,1.0000001192092896,0.96875
1,1,2,0.7111698538311331,0.5709789721311244,0.8797406753300083,0.6452423801762481,5.498052061100661,10.0,2.7602225425233033,1.4491585147128512,0.9999999403953552,0.9375
1,1,3,0.7111698538311331,0.5870858166336772,0.6735418947394044,0.7547802387555659,3.2488895264234396,10.0,2.1431166748581436,1.866440612835401,1.0,0.890625
1,1,4,0.7430848137706301,0.6156026140849403,0.7417324543464663,0.7278386476569384,3.739308886924386,10.0,2.308017737897955,1.7330889335551773,0.9999998807907104,0.921875
1,1,5,0.7443035580445054,0.6436863742858352,0.6138824994483111,0.2306646607127908,33.35297816795341,10.0,3.2871654425337042,1.2168538730185885,0.9999998807907104,0.875
1,1,6,0.7633805659237248,0.6716551879905355,0.9035228282163981,0.7760224124221473,2.886225758335592,10.0,2.783579367365166,1.4369987243389626,1.0,0.984375
1,1,7,0.7740184021717065,0.6989872883890751,0.6746234669238821,0.7187561594387714,3.912924249314721,10.0,2.4258604155950136,1.6488994891401787,1.0,0.953125
1,2,0,0.6940541490127115,0.5223086688215646,1.0,0.5004671604752174,9.981331023806884,10.0,3.2146014303545423,1.2443222236601927,1.0000001192092896,1.0
1,2,1,0.7267354862967028,0.5816749528515694,1.0,0.8329413207266912,2.005647638270127,10.0,2.5902632041563476,1.5442446132816088,0.9999998807907104,1.0
1,2,2,0.7267354862967028,0.5905910720087592,0.8150334786172726,0.7057517114917082,4.169289053318136,10.0,2.535226958685063,1.5777680125627356,1.0,0.953125
1,2,3,0.765665599854257,0.6254898000456126,0.7090927216409998,0.8022648369169604,2.464711825622573,10.0,2.13786641258982,1.8710242962067887,1.0,0.921875
1,2,4,0.7695232460530916,0.6481916972272223,0.7421395080878214,0.563737147068197,7.738763627705856,10.0,2.716025660785138,1.4727401356155434,1.0000001192092896,0.953125
1,2,5,0.8028059665840346,0.6924178662791267,0.6489920830751617,0.3333333333333333,20.0,10.0,3.2067042590849244,1.2473866240291998,1.0000001192092896,0.9375
1,2,6,0.8028059665840346,0.7067025750603326,0.4939906161937994,0.35767686557234557,17.958196245089127,10.0,2.8805973906077806,1.3886008551705433,0.9999999403953552,0.84375
1,2,7,0.8138298251459114,0.7380766790844814,0.6989223078705649,0.4668150473142008,11.421760197179903,10.0,3.242239466792755,1.2337151653874678,1.0,0.96875
1,3,0,0.6274541161123166,0.5122545818966014,1.0,0.3333333333333333,20.0,10.0,3.7677594479299255,1.061638901124028,1.0,1.0
1,3,1,0.7406568506620521,0.56688143221714,0.860338427979778,0.8629480655805005,1.5881828801285438,10.0,2.2796031212165166,1.754691403416481,1.0,0.96875
1,3,2,0.7406568506620521,0.60686071220837,0.6879867088656797,0.8837605160983779,1.3152826108909643,10.0,1.89643056539034,2.109225654236745,1.0,0.921875
1,3,3,0.7729846071682642,0.6473965170245415,0.837030133788443,0.5192228284453295,9.259553802636642,10.0,2.9704717096538236,1.346587475315884,1.0,0.984375
1,3,4,0.8294463127374924,0.6908126890206616,0.7463860204416742,0.8262586269160274,2.102748067302539,10.0,2.169477401712543,1.8437620031637476,0.9999998807907104,0.890625
1,3,5,0.8334343761269644,0.7318692175803911,0.6796929443531016,0.8263821917643744,2.1009384031490477,10.0,2.00378116800862,1.996225967117579,1.0,0.953125
1,3,6,0.8541672055696001,0.756502936486215,0.5930879349426473,0.6396788069752986,5.632845563986543,10.0,2.13996952180913,1.8691854997160897,1.0000001192092896,0.953125
1,3,7,0.8541672055696001,0.767333339498575,0.8219491107198489,0.7518209952038385,3.3010384969213806,10.0,2.3687359313324183,1.6886643830112344,1.0000001192092896,0.96875
1,4,0,0.6377435933547567,0.5123796526741583,1.0,0.6940736458820107,4.407692986660316,10.0,2.6745395026109047,1.4955845655280737,1.0000001192092896,1.0
1,4,1,0.638679408973147,0.5340365520518078,0.7494859242701507,0.3333333333333333,20.0,10.0,3.157174281305427,1.266955715332282,1.0,0.9375
1,4,2,0.6922455478051328,0.5561052002248204,0.8659616495573234,0.08301628631019373,110.45829131207573,10.0,4.861568218933409,0.82277977390546,1.0,0.984375
1,4,3,0.7401332216490892,0.6191308995979635,1.0,0.8515636711104088,1.7431031163651625,10.0,3.111691766528788,1.2854743657538272,1.0000001192092896,1.0
1,4,4,0.7401332216490892,0.6409483527242605,0.7364369599353608,0.5175231557047495,9.322806892345255,10.0,3.427418733440616,1.1670590351195862,1.0,0.9375
1,4,5,0.773275187556898,0.6799792800845021,0.686155398435477,0.6639676047845866,5.0609757583645,10.0,2.9704114328895725,1.3466148008018064,0.9999998807907104,0.90625
1,4,6,0.8036709973629573,0.7139220778674921,0.5926814475610807,0.6112431522569716,6.360101480197721,10.0,2.8703271364842076,1.3935693772172255,0.9999998211860657,0.859375
1,4,7,0.8174232094147067,0.7351868176760505,0.9402959935685885,0.819077127170812,2.20886247250142,10.0,3.265801482762328,1.2248141906704817,1.000000238418579,0.984375
3,0,0,0.6025401776761312,0.48451203089002326,1.0,0.7222166163550551,3.8462613204177725,5.0,2.6039809145110797,1.5361095688948379,1.0,1.0
3,0,1,0.6891283144381246,0.4843768787377191,0.9944826042645191,0.7082641140925672,4.119026788208899,5.0,2.7748908773626435,1.4414981261539712,1.0,0.984375
3,0,2,0.6891283144381246,0.49995348854662847,0.7493117105783135,0.7126190544461978,4.032742932717908,5.0,2.318233744373555,1.7254515467683782,1.0,0.96875
3,0,3,0.702434918388321,0.4986565719638856,0.7624812319538438,0.5837562333574158,7.1304380639946165,5.0,2.672661614433824,1.4966354058433091,1.0,0.953125
3,0,4,0.702434918388321,0.519171991948128,0.7013734201632794,0.6194933623765378,6.142222995961406,5.0,2.5264550171205213,1.583246079148056,1.0,0.859375
3,0,5,0.702434918388321,0.5234726022636293,0.6579151434536554,0.6223253671033311,6.068764875431467,5.0,2.457678942790954,1.6275518866014198,1.0000001192092896,0.875
3,0,6,0.7249392240471992,0.539150133994241,0.8675272369658164,0.5475713987474513,8.262458599690595,5.0,3.242948994752369,1.233445239648439,0.9999998807907104,0.953125
3,0,7,0.7249392240471992,0.5531421113176505,0.6128033119405213,0.6641524002173416,5.05678515462345,5.0,2.4296193205663728,1.6463484489691798,1.0000001192092896,0.9375
3,1,0,0.661920645544402,0.48601240233693793,1.0,0.7919322540536466,2.6273427415201422,5.0,2.437106656581,1.6412904987964592,1.0,1.0
3,1,1,0.661920645544402,0.49333745585278477,0.6458196841001363,0.6174917469751096,6.194548427548606,5.0,2.1418549872086783,1.867540064051164,1.0000001192092896,0.84375
3,1,2,0.661920645544402,0.5058368636600166,0.8060892219623655,0.36961089795440005,17.055479303626292,5.0,3.174279650852253,1.2601284196639866,0.9999999403953552,0.921875
3,1,3,0.6696526857953498,0.5141897075127657,0.8690408920694213,0.5563141949758217,7.97545360214045,5.0,3.0796388826375125,1.2988535839547064,1.0000001192092896,0.984375
3,1,4,0.6696526857953498,0.5072294193068108,0.8212364817961978,0.6143949350886615,6.276175842102165,5.0,2.9646731514264193,1.349221244869926,1.0,0.921875
3,1,5,0.6711622160481673,0.5290839263479326,0.8594119877215224,0.7446902850120485,3.4284013116113203,5.0,2.8309752067209386,1.4129406681145467,1.0,0.953125
3,1,6,0.6711622160481673,0.5300230465042555,0.7191260995189772,0.6983086597846595,4.320315035307945,5.0,2.649461837075186,1.509740560904138,1.0,0.8125
3,1,7,0.6711622160481673,0.5441344179805241,0.7858427088409439,0.4161101626066989,14.032097503592697,5.0,3.70613434598814,1.0792916895551743,1.0,0.9375
3,2,0,0.6780292982652144,0.48361240747528,1.0,0.7014386312698604,4.256414680064518,5.0,2.655891768185101,1.5060854692634533,1.0000001192092896,1.0
3,2,1,0.6780292982652144,0.5011140930135374,0.7581340679865652,0.7802553617821292,2.8163169262427976,5.0,2.078911054640962,1.9240842416371773,1.0,0.890625
3,2,2,0.6780292982652144,0.48945067926770236,0.9441027707934457,0.690438158590907,4.483556384555394,5.0,2.6896648025696557,1.4871741624378154,1.0,0.984375
3,2,3,0.7073693493381408,0.4948980525983745,0.7375026853928432,0.3333333333333333,20.0,5.0,3.264573095582814,1.2252750613586405,0.9999999403953552,0.90625
3,2,4,0.7073693493381408,0.4944673436570516,0.5620982245024132,0.5250222724802467,9.046811010053364,5.0,2.497334948875262,1.6017074528995408,1.0,0.765625
3,2,5,0.7073693493381408,0.5067163797418124,0.8945487247626508,0.5828659065011703,7.156604784157027,5.0,3.265836252103193,1.2248011508305128,1.0000001192092896,0.953125
3,2,6,0.7073693493381408,0.5120213723821565,0.6991428405605795,0.6023123775856201,6.602680556035024,5.0,2.834151739294991,1.4113570365837291,1.0,0.84375
3,2,7,0.7098204346884708,0.5423578709949521,0.7200835651663319,0.06836090329196813,136.282443888873,5.0,4.8952060243571855,0.8171259759236099,0.9999998807907104,0.84375
3,3,0,0.6229607296238604,0.4940848373301018,1.0,0.3333333333333333,20.0,5.0,3.7677594479299255,1.061638901124028,0.9999999403953552,1.0
3,3,1,0.6539191836707919,0.5035762160325093,1.0,0.3848992753052475,15.98082314410548,5.0,4.0993408904208195,0.9757666188110984,1.0,1.0
3,3,2,0.6721553015101883,0.5291674417468557,0.7443087390094955,0.605075530396053,6.526862346349531,5.0,2.9499027597593397,1.355976900176306,1.0,0.9375
3,3,3,0.6721553015101883,0.5048419293311964,1.0,0.3333333333333333,20.0,5.0,5.006217469762119,0.79900644032351,1.0000001192092896,1.0
3,3,4,0.6721553015101883,0.5104436360329861,0.7722781079176302,0.6410500355943638,5.599406356366984,5.0,3.4395728858802324,1.1629350889525771,1.0000001192092896,0.953125
3,3,5,0.6819381988486448,0.5498617750352102,0.9671812350858886,0.6216778126618097,6.085502484290786,5.0,4.328211895893968,0.9241691710599168,1.0,0.984375
3,3,6,0.7226088786606654,0.558628663889479,0.8094950128678572,0.3333333333333333,20.0,5.0,5.25080043292009,0.7617886170119608,1.0000001192092896,0.90625
3,3,7,0.7277199439443724,0.5876914843878607,0.7883681364655093,0.5682718307373009,7.597212212728475,5.0,4.52831886522377,0.8833300213725868,1.0,0.90625
3,4,0,0.6058070856299068,0.4999224790187748,1.0,0.3333333333333333,20.0,5.0,3.7677594479299255,1.061638901124028,1.0,1.0
3,4,1,0.6603299785541997,0.5032285370075333,0.7059497063848087,0.7970268418739509,2.546628889546848,5.0,2.0958458841029355,1.908537278594834,1.0,0.9375
3,4,2,0.6603299785541997,0.5013453647232377,0.7543283049035403,0.5264341087619888,8.995729633698936,5.0,2.7864393806374195,1.4355237827154774,1.0,0.875
3,4,3,0.6603299785541997,0.5068559742567709,0.843711492932056,0.6958029607802423,4.371884805989397,5.0,2.7029858478687867,1.479844965948995,0.9999999403953552,0.953125
3,4,4,0.6603299785541997,0.5044253987676415,0.6745289572478309,0.6035315918942203,6.569140927013275,5.0,2.587968304702909,1.5456139832667648,1.0000001192092896,0.859375
3,4,5,0.6675978547358058,0.5277777383251795,0.8327381256182622,0.6979603713948658,4.327460998989263,5.0,2.788946628510184,1.434233254630887,1.0,0.953125
3,4,6,0.6989439293915756,0.5261841456389086,0.7323547937288986,0.028379354566936677,342.36883123658083,5.0,4.920240067757099,0.8129684618871469,0.9999999403953552,0.9375
3,4,7,0.6989439293915756,0.5283642969503459,0.8345111408368203,0.3333333333333333,20.0,5.0,4.671567466660892,0.8562436545220421,1.0000001192092896,0.921875
5,0,0,0.614368371771724,0.49460778572933317,1.0,0.3333333333333333,20.0,3.3333333333333335,3.7677594479299255,1.061638901124028,1.0000001192092896,1.0
5,0,1,0.6964790817673456,0.5078428389700169,0.7017088429955913,0.19419783457868392,41.49388005121272,3.3333333333333335,3.7010478116230026,1.080775013886108,0.9999998807907104,0.921875
5,0,2,0.6964790817673456,0.49044284657786774,0.6965144651285379,0.04579042983239658,208.38624438779632,3.3333333333333335,4.693462340976546,0.8522493011348503,0.9999999403953552,0.875
5,0,3,0.6964790817673456,0.5041984159780024,0.8069221939693342,0.7702954785626327,2.982031283190118,3.3333333333333335,2.98298030253939,1.3409408022556597,1.0,0.921875
5,0,4,0.6964790817673456,0.4979331475650017,0.8756847412649503,0.3333333333333333,20.0,3.3333333333333335,4.858290870149456,0.8233348119555773,1.0,0.96875
5,0,5,0.6964790817673456,0.4887640385078038,0.9397908226864855,0.7216352005218725,3.85741714479587,3.3333333333333335,3.9795589173163357,1.0051365196767708,1.0,0.96875
5,0,6,0.6964790817673456,0.5156121564702068,0.6854377971338823,0.6103131959054768,6.3850299601727185,3.3333333333333335,3.6288748549044465,1.1022700313277476,0.9999999403953552,0.875
5,0,7,0.7075921525408779,0.5218670447674503,0.870291921426544,0.7585745366411356,3.182620186908242,3.3333333333333335,3.814122814112472,1.0487339278115986,1.0,0.9375
5,1,0,0.6557157993030023,0.5031483503441787,1.0,0.5767670007466839,7.338023824272152,3.3333333333333335,2.989835980418419,1.3378660321828795,1.0000001192092896,1.0
5,1,1,0.6557157993030023,0.4899257987431067,0.9419377177680731,0.23546403853516906,32.46933018821213,3.3333333333333335,4.258614087096092,0.9392727113077207,1.0,0.96875
5,1,2,0.6557157993030023,0.5149842021380575,0.711247849413239,0.794311740823516,2.5895155340802756,3.3333333333333335,2.316778908431086,1.7265350549607623,1.0,0.890625
5,1,3,0.6771685755228091,0.5072042623867044,0.8510039945230768,0.5223932645424546,9.142666413891535,3.3333333333333335,3.369134651622645,1.1872484817647515,0.9999999403953552,0.9375
5,1,4,0.6771685755228091,0.500026873146497,1.0,0.3333333333333333,20.0,3.3333333333333335,4.960622402823737,0.806350428471048,0.9999999403953552,1.0
5,1,5,0.6823687122900157,0.5073648376134755,0.7308683939132448,0.7613625996917999,3.1343462419194306,3.3333333333333335,2.9228574653850856,1.3685237981568839,1.0000001192092896,0.875
5,1,6,0.7113708984886931,0.5387619811248578,0.5583997576169014,0.3333333333333333,20.0,3.3333333333333335,3.7033783818236863,1.080094872193493,1.0,0.796875
5,1,7,0.7113708984886931,0.5447659298847985,0.7380252466292017,0.3333333333333333,20.0,3.3333333333333335,4.594697763839571,0.8705686871245671,1.0,0.9375
5,2,0,0.622416846171278,0.49541724358471784,1.0,0.859017048545769,1.6412124962234609,3.3333333333333335,2.286634267966328,1.7492959219742183,1.0,1.0
5,2,1,0.6642574389176692,0.5054857509645183,0.755524557905911,0.3333333333333333,20.0,3.3333333333333335,3.0722968276287643,1.3019575335392473,1.0000001192092896,0.890625
5,2,2,0.6642574389176692,0.47687810507891604,0.8365863371265514,0.3333333333333333,20.0,3.3333333333333335,3.6105942441609784,1.1078508770318807,1.0000001192092896,0.953125
5,2,3,0.6642574389176692,0.5016557883327059,0.8421320200872712,0.1736905512657174,47.573655717757944,3.3333333333333335,4.671368231239507,0.8562801736010082,1.0000001192092896,0.953125
5,2,4,0.6642574389176692,0.5024562544130329,0.9003124851729336,0.7516920392263957,3.303320346842446,3.3333333333333335,3.258641314913258,1.227505458085827,0.9999998211860657,0.984375
5,2,5,0.6683855834202007,0.5007959513880929,0.7840526305271351,0.31415378811226674,21.83154358917479,3.3333333333333335,4.555106447311045,0.8781353512301049,1.0,0.90625
5,2,6,0.6683855834202007,0.5026782530005639,0.7769787933454181,0.5676519526017573,7.616428436767158,3.3333333333333335,3.9066696794354985,1.0238899953727307,1.0,0.921875
5,2,7,0.6683855834202007,0.5354497891878742,0.7979346995244877,0.5385702411246536,8.567680195470498,3.3333333333333335,4.2720182411851315,0.9363255899605736,1.0,0.953125
5,3,0,0.6407931804616022,0.4977328206239061,1.0,0.5873182882399639,7.026542847775658,3.3333333333333335,2.9600163936975887,1.3513438670531437,0.9999999403953552,1.0
5,3,1,0.6407931804616022,0.5016479391564075,0.6816568173608298,0.3333333333333333,20.0,3.3333333333333335,3.024031372411197,1.3227376000436857,1.0000001192092896,0.890625
5,3,2,0.6700248385208433,0.4866056399387154,0.8011023161003851,0.2776105531497523,26.02168536657059,3.3333333333333335,3.829236340928885,1.0445947034519398,0.9999999403953552,0.9375
5,3,3,0.684352327588179,0.4949553512852948,0.7215584585657997,0.38752026606260614,15.805102018546924,3.3333333333333335,3.5515454798408865,1.1262702456450606,1.0,0.8125
5,3,4,0.684352327588179,0.5089368271392317,0.7975997783734173,0.5114470568794247,9.55236591058834,3.3333333333333335,3.6280644482723483,1.1025162471699652,0.9999998211860657,0.953125
5,3,5,0.684352327588179,0.4952321818583972,0.8291678654654372,0.703000510324731,4.224740740772416,3.3333333333333335,3.3000702050070005,1.2120954257067131,1.0000001192092896,0.921875
5,3,6,0.6943032558264204,0.5230334312029201,0.7700655729077145,0.3333333333333333,20.0,3.3333333333333335,4.545846021861691,0.8799242166943994,1.0000001192092896,0.890625
5,3,7,0.6979785818188285,0.5156937627626975,0.9651401721759204,0.13250000257316147,65.47169664754067,3.3333333333333335,7.225907525475233,0.5535636853776271,1.0000001192092896,0.96875
5,4,0,0.6309002582409764,0.4991406731257662,1.0,0.3333333333333333,20.0,3.3333333333333335,3.7677594479299255,1.061638901124028,1.0,1.0
5,4,1,0.66892824905888,0.49865892903459924,0.7931367098042701,0.6369800536188597,5.699078712413735,3.3333333333333335,2.6507147941535965,1.5090269269339653,0.9999998807907104,0.875
5,4,2,0.66892824905888,0.5005951899735712,0.9421995815498624,0.5064787723079058,9.744164112608965,3.3333333333333335,3.566720741703923,1.1214783241171518,1.0000001192092896,0.984375
5,4,3,0.66892824905888,0.5067735753208029,0.8904491953792139,0.692739134253176,4.43544836077543,3.3333333333333335,3.1039657404952745,1.2886740171822104,1.000000238418579,0.921875
5,4,4,0.66892824905888,0.5098406097064347,0.8610304614846873,0.3744785543406919,16.70379888003475,3.3333333333333335,4.248739416217886,0.9414557138363387,0.9999997615814209,0.96875
5,4,5,0.66892824905888,0.5099968410146567,0.7596509279117099,0.7915220460346806,2.633886889313313,3.3333333333333335,2.8617428816904376,1.3977496111171217,1.0,0.9375
5,4,6,0.679737517406606,0.525715613847574,0.7695263502460277,0.2190772686397025,35.64599541564551,3.3333333333333335,4.944425619488039,0.808991844115186,0.9999998807907104,0.9375
5,4,7,0.6862937089455963,0.551216211321937,0.6023983059586592,0.5519508529306362,8.117555117279078,3.3333333333333335,3.432706694368602,1.1652612227435712,0.9999999403953552,0.890625
10,0,0,0.6448915796530075,0.5030150270178897,1.0,0.7006225841059806,4.273019778202493,1.8181818181818181,2.657951532790595,1.5049183367916354,0.9999998807907104,1.0
10,0,1,0.646374918041092,0.49399810605568895,0.7829832935605184,0.19922795877858096,40.193758252142985,1.8181818181818181,3.697253444791723,1.0818841769245635,0.9999998211860657,0.953125
10,0,2,0.6593213192105182,0.4874080697286161,0.9467694172372476,0.3333333333333333,20.0,1.8181818181818181,4.273948086203775,0.9359028044612723,0.9999999403953552,0.96875
10,0,3,0.6794537814309998,0.49859907027538136,0.8341871785910153,0.7553848041432919,3.238285897664234,1.8181818181818181,2.907586056849635,1.3757116459466014,0.9999998807907104,0.96875
10,0,4,0.6794537814309998,0.5057725751898754,0.7270944574603483,0.6311719644580862,5.843542747634291,1.8181818181818181,3.0022073177923843,1.3323530244877704,0.9999998807907104,0.921875
10,0,5,0.6794537814309998,0.5119073436815234,0.6362480247548157,0.21342370615935885,36.855151098037894,1.8181818181818181,4.1748942290875055,0.9581081053816944,1.0000001192092896,0.890625
10,0,6,0.7210423576815239,0.5206662387923835,0.7624241235041728,0.7547387473261558,3.2496178782756484,1.8181818181818181,3.0626234708002107,1.306069792169022,1.0,0.9375
10,0,7,0.7210423576815239,0.5058426383685606,0.7589382794366023,0.3333333333333333,20.0,1.8181818181818181,4.562325897455528,0.8767457849144128,0.9999998211860657,0.953125
10,1,0,0.6538047841793038,0.4925270231236326,1.0,0.8539338729308927,1.7105086435765275,1.8181818181818181,2.2977031677816098,1.7408689059962112,1.0,1.0
10,1,1,0.6538047841793038,0.5050621922663592,1.0,0.14111745473630485,60.86295610054912,1.8181818181818181,4.656661727685294,0.858984447210061,1.0,1.0
10,1,2,0.7264439334262657,0.5061807335714683,0.8014642681876878,0.6208401060705648,6.107206835093539,1.8181818181818181,2.90295698945692,1.3779053615080643,0.9999998807907104,0.953125
10,1,3,0.7264439334262657,0.5106678885951879,0.8022535672033779,0.1044893640007332,85.70352059880305,1.8181818181818181,4.91915978489429,0.8131469956074945,1.0,0.859375
10,1,4,0.7264439334262657,0.5022846128308862,0.681379779197265,0.56790459151226,7.608591565303655,1.8181818181818181,3.2466250687076665,1.2320486398487083,0.9999999403953552,0.921875
10,1,5,0.7264439334262657,0.5091150379583101,0.7503369669371474,0.46898078465331755,11.322835235972944,1.8181818181818181,3.895406345547246,1.0268505119041849,1.0000001192092896,0.953125
10,1,6,0.7264439334262657,0.47296196721904504,0.7207639376970307,0.3333333333333333,20.0,1.8181818181818181,4.557799477052666,0.8776164945691356,1.000000238418579,0.90625
10,1,7,0.7264439334262657,0.4858991491244591,0.7868598919171582,0.2610450391263408,28.307565749832893,1.8181818181818181,5.616962813100084,0.7121286241509478,0.9999998807907104,0.953125
10,2,0,0.6161088553876699,0.49186400555014503,1.0,0.3255479099734054,20.717444940183825,1.8181818181818181,3.7957296787667913,1.0538158242342417,1.0,1.0
10,2,1,0.663920019484724,0.4956675570250554,0.6631404332020189,0.7912187510521066,2.638729790848243,1.8181818181818181,2.0266074671746694,1.9737418640702402,1.0,0.875
10,2,2,0.6772615892021712,0.5053688430207491,0.831881090662389,0.3333333333333333,20.0,1.8181818181818181,3.5824334511582823,1.1165594712462024,1.0,0.9375
10,2,3,0.6772615892021712,0.49502207824492583,0.80198859881317,0.6284821343920991,5.9113512584928545,1.8181818181818181,2.9065378414283396,1.376207783358605,0.9999999403953552,0.9375
10,2,4,0.6772615892021712,0.5027191954246849,0.9857946152804712,0.3333333333333333,20.0,1.8181818181818181,4.74300545587418,0.8433471218225201,1.0,0.984375
10,2,5,0.6772615892021712,0.5051843905523963,0.9742171235703778,0.3333333333333333,20.0,1.8181818181818181,5.345016526674062,0.748360642111803,0.9999998807907104,0.984375
10,2,6,0.7204542516403764,0.5120885283131282,0.7871429959608103,0.6751123264255414,4.812349898788148,1.8181818181818181,3.6763886669218198,1.0880242440060437,1.0000001192092896,0.9375
10,2,7,0.7204542516403764,0.4924414554156344,0.7709503838057095,0.3333333333333333,20.0,1.8181818181818181,5.12250780929307,0.780867526008129,1.0,0.921875
10,3,0,0.600431254431727,0.4981019169853164,1.0,0.3333333333333333,20.0,1.8181818181818181,3.7677594479299255,1.061638901124028,1.0000001192092896,1.0
10,3,1,0.6187295970804414,0.4909001366891119,0.7267442773364461,0.3333333333333333,20.0,1.8181818181818181,3.3208504530969014,1.2045107289519013,0.9999999403953552,0.921875
10,3,2,0.7020429903050457,0.4882373534829876,0.9445134753295471,0.3333333333333333,20.0,1.8181818181818181,4.418427385263838,0.9052994767642079,1.0,0.984375
10,3,3,0.7020429903050457,0.5063681934816029,0.7089445977959661,0.3333333333333333,20.0,1.8181818181818181,3.9917488068460303,1.0020670622209038,1.0,0.953125
10,3,4,0.7205886749033259,0.4966001922447131,0.5619499080833276,0.3039855535135336,22.896300118271228,1.8181818181818181,3.84812924888508,1.0394661253020339,0.9999999403953552,0.875
10,3,5,0.7205886749033259,0.49162107345835726,0.744013373744951,0.12239108981699859,71.70529419218494,1.8181818181818181,5.723926521122899,0.69882099031825,1.0,0.859375
10,3,6,0.7205886749033259,0.4948602262136974,1.0,0.3333333333333333,20.0,1.8181818181818181,6.765063478970424,0.5912730918836494,0.9999998807907104,1.0
10,3,7,0.7205886749033259,0.5175328802844585,0.9315791391150847,0.004330134316169577,2299.3971848997903,1.8181818181818181,9.901222155557463,0.4039905313865559,0.9999999403953552,0.9375
10,4,0,0.6598949479217707,0.5103929097329821,1.0,0.3333333333333333,20.0,1.8181818181818181,3.7677594479299255,1.061638901124028,1.0000001192092896,1.0
10,4,1,0.6722629361450291,0.5011468414798885,0.7761081419355358,0.3333333333333333,20.0,1.8181818181818181,3.48029333557308,1.1493284083599644,1.0000001192092896,0.90625
10,4,2,0.6722629361450291,0.49204160102941014,0.8797552275316577,0.3750943500185681,16.659959019657254,1.8181818181818181,4.032809620114203,0.9918643270561147,1.0,0.953125
10,4,3,0.6722629361450291,0.49835924877993554,0.844609946536529,0.6495116714145379,5.396182147460902,1.8181818181818181,3.324472491943667,1.2031984050682831,0.9999999403953552,0.96875
10,4,4,0.6722629361450291,0.5002509918137565,0.8832039355194414,0.3333333333333333,20.0,1.8181818181818181,4.842176831624392,0.826074746770066,0.9999999403953552,0.984375
10,4,5,0.6722629361450291,0.492517548346713,0.907525170675244,0.5678743089151707,7.609530565140964,1.8181818181818181,4.426590926471826,0.9036299189245759,0.9999999403953552,0.96875
10,4,6,0.6722629361450291,0.49944520062972664,0.8167906908625326,0.3333333333333333,20.0,1.8181818181818181,5.431286816130691,0.7364737189205641,1.0,0.875
10,4,7,0.6768984037854748,0.514355842177005,0.8392554363351077,0.3333333333333333,20.0,1.8181818181818181,6.111725066562864,0.6544797019558236,1.0,0.921875
15,0,0,0.6658359034200803,0.5074477234026327,1.0,0.4320709114558534,13.14434907525994,1.25,3.4304100930152326,1.1660413453611647,1.0000001192092896,1.0
15,0,1,0.6658359034200803,0.5125750601088375,0.6355669450542917,0.24016578898392574,31.637903726035262,1.25,3.2620769591104612,1.2262126400263604,0.9999999403953552,0.859375
15,0,2,0.6658359034200803,0.5042314645022734,0.8440951371410753,0.3333333333333333,20.0,1.25,3.939433546697382,1.0153744066462025,0.9999999403953552,0.90625
15,0,3,0.666313523484706,0.49683931663686093,0.9445623755127646,0.7610183892510508,3.1402869381926592,1.25,3.197382087078285,1.2510234595250185,0.9999998807907104,0.984375
15,0,4,0.666313523484706,0.510727631707667,1.0,0.4268079200172951,13.429743289662431,1.25,4.802837377004133,0.8328410241728986,1.0000001192092896,1.0
15,0,5,0.666313523484706,0.4937365153764596,0.8394191523937162,0.7600321653917248,3.15733788035924,1.25,3.3693856941483067,1.1871600235458042,1.0,0.9375
15,0,6,0.666313523484706,0.48952068298332757,0.6731569560134808,0.348159334828132,18.72248134589433,1.25,4.32294957394413,0.9252941612156071,1.0,0.921875
15,0,7,0.666313523484706,0.4859885474315849,0.7665801104837536,0.4146653686191276,14.115831117753782,1.25,4.7327608900431155,0.8451726366348418,1.0000001192092896,0.953125
15,1,0,0.6040042216804223,0.4776961306793819,1.0,0.15207349143157456,55.75768009179627,1.25,4.475765344019391,0.8937019018087894,0.9999997615814209,1.0
15,1,1,0.6707926829273083,0.4929022278771315,0.9073465172807943,0.3333333333333333,20.0,1.25,4.087955662292464,0.9784841936756378,1.0,0.96875
15,1,2,0.6860288061995092,0.5010750313075731,0.8436829136696864,0.5739803715209941,7.422198556199648,1.25,3.4340919350049366,1.1647911808145142,1.0,0.9375
15,1,3,0.6860288061995092,0.49730185337916255,0.7369574223594566,0.3333333333333333,20.0,1.25,4.116151035669663,0.971781639045039,1.0,0.921875
15,1,4,0.6860288061995092,0.5040654147345387,0.8669475454401703,0.3767688933419334,16.541469257985117,1.25,4.84462655912156,0.8256570348995672,1.0,0.984375
15,1,5,0.6860288061995092,0.501831798398196,0.7802887071398629,0.328395660190251,20.45107232600654,1.25,5.152770701619689,0.776281389494523,1.0,0.9375
15,1,6,0.6860288061995092,0.5111506767145909,0.7072200226082822,0.015625535537751544,629.9780651255018,1.25,7.082518379834649,0.5647708605160563,0.9999998807907104,0.90625
15,1,7,0.6860288061995092,0.5041724823144649,1.0,0.5242123935039155,9.076237273137473,1.25,6.625540203460448,0.6037243571340558,1.0,1.0
15,2,0,0.6217273659001898,0.4875109394174547,1.0,0.3333333333333333,20.0,1.25,3.7677594479299255,1.061638901124028,1.0,1.0
15,2,1,0.6390061144814589,0.4945230022174208,0.7822697692665687,0.8673769052500273,1.5290134421061539,1.25,2.1077662442565055,1.8977436472852152,0.9999998807907104,0.90625
15,2,2,0.6390061144814589,0.49905494417005686,0.7691107916295559,0.6081212762394571,6.444088359872392,1.25,2.6179697853899153,1.5279015144952284,0.9999998807907104,0.984375
15,2,3,0.6594071561686476,0.492993603644722,0.8924263029688069,0.5543283920291201,8.039848118540315,1.25,3.199037569916184,1.2503760623557796,0.9999998211860657,0.984375
15,2,4,0.6894625703056245,0.4998193504534827,0.9854583816141643,0.3333333333333333,20.0,1.25,4.612616967392198,0.8671866812867948,1.0000001192092896,0.984375
15,2,5,0.6894625703056245,0.5043419243086192,0.9134792313073332,0.3333333333333333,20.0,1.25,4.907870714407792,0.8150173940518438,1.0,0.96875
15,2,6,0.6894625703056245,0.5102406892727152,0.5675081608719909,0.7542420851292374,3.258342642450833,1.25,2.660019711671914,1.5037482551156969,1.0000001192092896,0.796875
15,2,7,0.6894625703056245,0.49880970086410026,0.8649196495503758,0.1334204750941911,64.95101477445857,1.25,6.130695439808397,0.6524545280828715,1.0,0.96875
15,3,0,0.6881278132297596,0.4985959495677179,1.0,0.3333333333333333,20.0,1.25,3.7677594479299255,1.061638901124028,1.0000001192092896,1.0
15,3,1,0.6881278132297596,0.5000497464654696,0.8276838026965828,0.31685651351213817,21.560026616328084,1.25,3.7127262261853664,1.0773754261190953,1.0000001192092896,0.96875
15,3,2,0.6946729343476934,0.5078616831980932,0.8693162575816601,0.6508991542575834,5.363363025730178,1.25,3.114729217495514,1.2842207847577558,1.0,0.90625
15,3,3,0.6946729343476934,0.4973417697678478,0.8195213846457481,0.3371639092612068,19.65916495010391,1.25,4.1810775232982715,0.956691182526693,0.9999999403953552,0.96875
15,3,4,0.6946729343476934,0.5060258017808325,0.7627169804778301,0.3333333333333333,20.0,1.25,4.378540073437075,0.9135465093185895,0.9999999403953552,0.96875
15,3,5,0.6946729343476934,0.499258048178596,1.0,0.3333333333333333,20.0,1.25,5.977550987597762,0.6691703689854274,0.9999998807907104,1.0
15,3,6,0.6946729343476934,0.49312272139172864,0.7817850372346126,0.43600520742706345,12.935505883087043,1.25,5.0354444206997035,0.7943688115306766,0.9999998807907104,0.9375
15,3,7,0.6946729343476934,0.5018676493890543,0.6792421819326607,0.596007582235207,6.778310038434415,1.25,4.204854898395853,0.9512813394645308,1.0000001192092896,0.921875
15,4,0,0.6680298766804864,0.5019984921574777,1.0,0.3333333333333333,20.0,1.25,3.7677594479299255,1.061638901124028,1.0000001192092896,1.0
15,4,1,0.6680298766804864,0.5008696547972322,0.8398304186436325,0.7080468082633551,4.12336004243457,1.25,2.5900442066088774,1.544375184714382,1.0,0.984375
15,4,2,0.6680298766804864,0.508525209032676,0.6645664672838897,0.3333333333333333,20.0,1.25,3.2139757212369346,1.2445644730821286,1.0,0.90625
15,4,3,0.6756068889520355,0.5048182990483908,0.819754439625303,0.3333333333333333,20.0,1.25,3.9796103549475914,1.0051235279923973,0.9999999403953552,0.890625
15,4,4,0.6756068889520355,0.4922118584648011,0.7893797213896787,0.5178731783212154,9.309746900615526,1.25,3.57619469211461,1.1185073365328422,0.9999998807907104,0.921875
15,4,5,0.6756068889520355,0.49274088821864204,0.9698725839392408,0.6555507479039188,5.254349159045818,1.25,3.9324991384475143,1.017164876374044,1.0,0.984375
15,4,6,0.6756068889520355,0.503549418758602,0.744902947988993,0.359110592218291,17.846574890003087,1.25,4.481852645207516,0.8924880661298035,1.0000001192092896,0.890625
15,4,7,0.7113372343845898,0.5101539498409191,0.7756875476327743,0.7533002092695428,3.27491998136674,1.25,3.4279424159190515,1.1668807449694503,1.0,0.90625
19,0,0,0.6335782652752944,0.4968378315305783,1.0,0.3786344238936181,16.410699526912587,1.0,3.609049632032361,1.108325018447442,0.9999999403953552,1.0
19,0,1,0.6460145885344165,0.4925875840705783,0.829643409414467,0.6317063685874938,5.8301395984975874,1.0,2.7331655636526366,1.4635044628084475,1.0,0.84375
19,0,2,0.6460145885344165,0.500891245721,0.8933197864351045,0.5681251982672703,7.601754033264291,1.0,3.20894609110871,1.2465151755223085,1.0000001192092896,0.984375
19,0,3,0.6460145885344165,0.49575337666050767,0.769409710700557,0.3333333333333333,20.0,1.0,3.8050121332716786,1.051245005245401,1.0,0.921875
19,0,4,0.6498568309213425,0.4975102999062485,0.8831911175638123,0.1947695142900242,41.342737267955414,1.0,5.276496945090578,0.7580787104826675,1.0000001192092896,0.984375
19,0,5,0.6498568309213425,0.5003269047531204,0.6989067956229555,0.3333333333333333,20.0,1.0,4.455953231221508,0.8976754899430313,1.0000001192092896,0.890625
19,0,6,0.6498568309213425,0.4996830259935813,0.7326221557551249,0.3333333333333333,20.0,1.0,4.949988688700668,0.8080826546393518,1.0000001192092896,0.859375
19,0,7,0.6730727324631955,0.4892974610281014,0.8817239440228312,0.649694037520344,5.391860510474314,1.0,4.573812425146546,0.8745439533130481,0.9999998807907104,0.984375
19,1,0,0.6609166852578349,0.5070983985187791,1.0,0.783917546508488,2.7564436394353935,1.0,2.455733541137426,1.6288412130199246,1.0,1.0
19,1,1,0.6874072856073863,0.497167874240911,0.8095934422472305,0.6086569811244353,6.429615218617816,1.0,2.5275572167074922,1.582555668199898,1.0,0.953125
19,1,2,0.6874072856073863,0.48933118881063364,0.9829427458174229,0.6940456487504463,4.408274179088813,1.0,2.860519368425223,1.398347462405782,1.0000001192092896,0.984375
19,1,3,0.6945295353639638,0.501929792809723,0.8662734110603804,0.5698210020813255,7.54937070321039,1.0,3.052497693603854,1.3104023005100134,1.0,0.984375
19,1,4,0.6945295353639638,0.5115842632639593,0.7310908112959588,0.00614268194269299,1617.9534075332472,1.0,4.866240110014293,0.8219898545014975,0.9999998807907104,0.90625
19,1,5,0.6945295353639638,0.4887935974036657,0.9191280179971186,0.3333333333333333,20.0,1.0,4.92889803616259,0.8115404235698521,0.9999998807907104,0.953125
19,1,6,0.6945295353639638,0.5032735197126962,0.7797158522894687,0.6353117059804491,5.740304965052442,1.0,3.6435313646975453,1.0978360276396428,1.000000238418579,0.921875
19,1,7,0.6945295353639638,0.5043125085117964,0.9035167509743036,0.3333333333333333,20.0,1.0,5.61995975875536,0.7117488686228371,1.0,0.96875
19,2,0,0.6288126101618866,0.5056252290138301,1.0,0.3333333333333333,20.0,1.0,3.7677594479299255,1.061638901124028,1.0000001192092896,1.0
19,2,1,0.6989088792614329,0.5047839747877165,0.7167547568683739,0.5653294081512605,7.6888020609116845,1.0,2.6388272505215435,1.51582487986261,0.9999999403953552,0.90625
19,2,2,0.6989088792614329,0.48697777961188815,0.8278451382754962,0.3333333333333333,20.0,1.0,3.768028040119597,1.0615632254883751,1.0,0.9375
19,2,3,0.6989088792614329,0.48921729239575784,0.7004156933692647,0.5671195623322391,7.632966069581,1.0,2.951457951494161,1.3552624044584543,1.0,0.890625
19,2,4,0.6989088792614329,0.5059507749768726,0.9337155666093544,0.16025569775282036,52.40027743303129,1.0,5.568435007048117,0.7183346837912435,0.9999999403953552,0.96875
19,2,5,0.6989088792614329,0.5079923151660605,0.5559389215209999,0.45018108076356006,12.213283559226486,1.0,3.4469476259514904,1.160446990805625,1.0,0.796875
19,2,6,0.6989088792614329,0.5040199361780856,0.6643585862455248,0.26632772491638596,27.547724342779247,1.0,4.647363320915011,0.8607030963123509,0.9999998807907104,0.859375
19,2,7,0.6989088792614329,0.4913870247264335,0.7644909246522731,0.41058030753412267,14.355771128085376,1.0,4.825874545323466,0.8288653097864337,1.0,0.9375
19,3,0,0.6601323536930972,0.5078037629563195,1.0,0.5310242154834589,8.831532929050566,1.0,3.1226255670959286,1.2809733072543943,0.9999998807907104,1.0
19,3,1,0.669166935524075,0.4922709883518954,0.7647202797142146,0.13204640037974175,65.73095496160285,1.0,4.006758349833111,0.9983132624323618,1.0,0.953125
19,3,2,0.669166935524075,0.4974475475737387,0.8528736471950741,0.7677487091752688,3.025095165242546,1.0,2.7029555012953144,1.479861580437826,1.0,0.984375
19,3,3,0.669166935524075,0.49391270229885037,0.7713187129383133,0.3333333333333333,20.0,1.0,3.844287236143926,1.0405049764211334,1.0,0.96875
19,3,4,0.6733099295326098,0.4965852899540815,0.6928056660284857,0.7681630060442985,3.0180702810665134,1.0,2.5767004982872703,1.5523728903141032,0.9999999403953552,0.90625
19,3,5,0.6733099295326098,0.5024199810949818,0.8908252230610321,0.7224920863814175,3.8409820515609168,1.0,3.199338880757013,1.2502583030696448,1.0000001192092896,0.9375
19,3,6,0.6733099295326098,0.4946839439385832,0.9649870295769468,0.3333333333333333,20.0,1.0,5.138521271051342,0.7784340647833107,1.0,0.984375
19,3,7,0.6862105379723917,0.5089823427914572,0.8193287181228383,0.1516589989807637,55.93739947649523,1.0,6.03340367648466,0.6629756957238082,0.9999999403953552,0.96875
19,4,0,0.6464223005372383,0.500487310727292,1.0,0.7545184697093471,3.2534860330883135,1.0,2.5252867845970606,1.5839785106380493,1.0,1.0
19,4,1,0.6464223005372383,0.48214880355745504,0.945789078558998,0.401708898132321,14.893648227593024,1.0,3.5223192765484663,1.1356153959784174,1.0,0.984375
19,4,2,0.687015733002966,0.4941431566564263,0.9518804408896328,0.3333333333333333,20.0,1.0,4.215125117506293,0.9489635274139708,1.0,0.984375
19,4,3,0.687015733002966,0.4968213608914203,0.7172860113715909,0.6282440627538805,5.917380828344699,1.0,2.884520828145951,1.386712122502174,1.0000001192092896,0.875
19,4,4,0.687015733002966,0.48880074613847946,1.0,0.6847509185747779,4.603850434861383,1.0,3.6402922296323195,1.0988128830536257,1.0,1.0
19,4,5,0.687015733002966,0.4963271884961154,0.8196118235775297,0.6605819916655372,5.138166232456352,1.0,3.342454744680334,1.1967252530093875,0.9999999403953552,0.875
19,4,6,0.687015733002966,0.49636440839567747,0.8872679805113397,0.03545070938409443,272.08180241624933,1.0,6.663597635242804,0.6002763400425888,1.0,0.921875
19,4,7,0.687015733002966,0.5055546230320946,0.9039322073530327,0.6578231878411837,5.201653247915412,1.0,4.444201173723154,0.900049265017627,0.9999999403953552,0.984375
