mutant,DMS_score,DMS_score_bin
H24S,1.1215,1
H24C,0.5646,1
H24D,1.0992,1
H24E,0.9899,1
H24F,0.7883,1
H24G,1.1275,1
H24I,0.7909,1
H24A,1.2943,1
H24K,1.2413,1
H24N,1.4825,1
H24P,0.2836,0
H24Q,0.9294,1
H24R,1.0547,1
H24Y,0.7054,1
H24W,0.6021,1
H24L,0.8055,1
H24V,1.2224,1
H24T,1.2289,1
P25W,0.7412,1
P25A,0.2545,0
P25C,0.6226,1
P25D,0.6841,1
P25E,1.0126,1
P25F,0.5521,1
P25Y,0.5862,1
P25H,1.0986,1
P25I,0.6532,1
P25G,0.4454,1
P25L,0.7878,1
P25M,0.8515,1
P25N,0.5809,1
P25Q,1.0366,1
P25R,0.5507,1
P25S,0.8671,1
P25T,0.8888,1
P25K,0.7542,1
P25V,0.9196,1
E26L,1.1766,1
E26A,1.0728,1
E26D,0.6566,1
E26G,1.0004,1
E26I,1.1235,1
E26K,1.0126,1
E26Q,0.7712,1
E26T,1.1551,1
E26V,0.7693,1
E26R,0.4257,1
T27Y,0.0153,0
T27W,0.0087,0
T27V,1.1766,1
T27S,0.43,1
T27Q,0.2821,0
T27P,0.2672,0
T27N,0.2044,0
T27M,0.3379,0
T27L,0.5544,1
T27I,0.6379,1
T27A,0.2986,0
T27C,0.4598,1
T27D,0.0957,0
T27E,0.0341,0
T27F,0.0559,0
T27G,0.0477,0
T27H,0.2306,0
T27K,0.1166,0
T27R,0.0428,0
L28A,0.7412,1
L28C,0.4598,1
L28E,0.3129,0
L28G,0.4257,1
L28H,1.0126,1
L28I,0.0399,0
L28K,0.6233,1
L28N,0.4112,0
L28P,0.1554,0
L28M,0.9674,1
L28R,0.5302,1
L28S,0.5122,1
L28T,0.6522,1
L28V,0.9068,1
L28Q,0.5015,1
V29D,1.1366,1
V29M,0.9068,1
V29E,1.1366,1
V29G,1.2751,1
V29I,1.1587,1
V29L,0.9535,1
V29N,1.5657,1
V29T,0.9852,1
V29Q,1.2041,1
V29R,0.6084,1
V29S,0.7586,1
V29C,0.9957,1
V29W,1.5171,1
V29Y,0.0821,0
V29P,0.0958,0
V29A,1.1783,1
K30A,1.0023,1
K30Y,0.2129,0
K30W,0.2197,0
K30D,0.138,0
K30C,1.3912,1
K30V,0.8721,1
K30T,1.2691,1
K30S,0.7944,1
K30Q,0.6867,1
K30P,0.0197,0
K30N,0.3989,0
K30R,0.9325,1
K30L,0.9379,1
K30I,0.7256,1
K30H,0.3856,0
K30G,0.1879,0
K30F,0.4101,0
K30E,0.3782,0
K30M,0.9781,1
V31M,0.4779,1
V31S,0.0411,0
V31T,0.3037,0
V31W,0.0194,0
V31Y,0.002,0
V31P,0.0019,0
V31N,0.0124,0
V31L,0.9086,1
V31C,1.0728,1
V31I,0.9331,1
V31H,0.0034,0
V31G,0.0153,0
V31F,0.0227,0
V31E,0.0016,0
V31D,0.0018,0
V31A,0.574,1
V31R,0.0016,0
V31K,0.0015,0
V31Q,0.0017,0
K32N,0.7866,1
K32M,1.2427,1
K32R,1.1235,1
K32Q,1.3659,1
K32P,0.0034,0
K32V,0.8515,1
K32L,0.9139,1
K32I,0.8815,1
K32H,0.9557,1
K32G,0.7219,1
K32F,0.5287,1
K32E,0.7944,1
K32S,0.9499,1
K32C,0.6453,1
K32D,0.1999,0
K32Y,0.6566,1
K32A,1.1235,1
K32T,0.6233,1
D33N,1.1235,1
D33L,1.0322,1
D33K,1.1587,1
D33P,0.0017,0
D33R,1.2514,1
D33S,0.8515,1
D33I,1.1416,1
D33H,1.4467,1
D33G,1.0728,1
D33F,0.0376,0
D33E,1.0004,1
D33C,1.2041,1
D33A,1.3738,1
D33Q,1.4175,1
D33Y,1.2289,1
D33V,1.1861,1
D33T,1.4825,1
A34E,0.0303,0
A34F,0.6379,1
A34I,0.7712,1
A34K,0.0564,0
A34L,0.5198,1
A34N,0.0344,0
A34Q,0.6121,1
A34G,0.3927,0
A34R,0.0091,0
A34S,1.0635,1
A34T,0.737,1
A34V,1.039,1
A34Y,0.3379,0
A34P,0.016,0
A34H,0.0402,0
A34C,0.8017,1
A34D,0.0083,0
E35I,0.0345,0
E35A,0.356,0
E35D,0.1728,0
E35F,0.0064,0
E35G,0.1656,0
E35H,0.0227,0
E35K,0.0348,0
E35L,0.0108,0
E35C,0.1458,0
E35M,0.1064,0
E35P,0.0017,0
E35Q,0.4926,1
E35R,0.0477,0
E35S,0.1997,0
E35T,0.0468,0
E35V,0.1037,0
E35W,0.0026,0
E35Y,0.0065,0
E35N,0.045,0
D36R,1.3554,1
D36T,1.2161,1
D36S,1.0728,1
D36W,1.2177,1
D36Y,1.0547,1
D36Q,0.0502,0
D36V,1.1766,1
D36P,0.2005,0
D36N,1.0527,1
D36L,1.2481,1
D36K,1.4598,1
D36I,1.1935,1
D36H,0.7983,1
D36G,1.3597,1
D36F,1.2041,1
D36E,1.1246,1
D36C,1.1668,1
D36A,1.2628,1
Q37F,1.146,1
Q37N,1.2653,1
Q37I,0.9781,1
Q37L,1.1587,1
Q37K,1.2691,1
Q37E,1.1284,1
Q37M,1.1235,1
Q37D,1.2041,1
Q37S,1.0875,1
Q37P,0.0697,0
Q37R,1.0967,1
Q37H,1.0456,1
Q37T,1.0126,1
Q37V,1.2598,1
Q37W,1.0286,1
Q37Y,1.3295,1
Q37A,1.2191,1
Q37C,0.8981,1
Q37G,0.8382,1
L38N,0.3446,0
L38Q,0.3359,0
L38R,0.2391,0
L38S,0.508,1
L38T,0.6359,1
L38V,0.4081,0
L38P,0.3856,0
L38M,0.9082,1
L38C,0.379,0
L38I,0.7772,1
L38H,0.4003,0
L38G,0.4212,0
L38F,0.5592,1
L38D,0.292,0
L38W,0.3332,0
L38A,0.4033,0
L38K,0.2696,0
L38Y,0.61,1
L38E,0.3163,0
G39T,0.6758,1
G39D,0.9426,1
G39E,1.4,1
G39I,0.6021,1
G39K,1.2427,1
G39L,0.8685,1
G39M,0.7412,1
G39N,1.1116,1
G39P,0.1369,0
G39Q,0.8869,1
G39R,1.1042,1
G39S,1.0286,1
G39V,0.8322,1
G39W,0.4848,1
G39Y,0.7412,1
G39C,0.88,1
G39A,1.146,1
A40V,0.2602,0
A40C,0.4996,1
A40D,0.132,0
A40E,0.1464,0
A40F,0.0936,0
A40G,1.1174,1
A40H,0.0875,0
A40I,0.1001,0
A40K,0.0382,0
A40L,0.1929,0
A40M,0.6326,1
A40N,0.4643,1
A40P,0.0343,0
A40Q,0.7278,1
A40R,0.0263,0
A40Y,0.0353,0
A40S,0.7898,1
A40T,0.5383,1
A40W,0.2572,0
R41M,0.8963,1
R41N,0.8251,1
R41C,0.2402,0
R41H,1.2775,1
R41I,0.6804,1
R41K,1.3022,1
R41L,0.7042,1
R41Y,0.8515,1
R41W,0.3666,0
R41V,0.6717,1
R41T,0.6959,1
R41S,0.6562,1
R41Q,0.7685,1
R41P,0.8515,1
R41E,0.3914,0
R41D,0.4036,0
R41G,0.2213,0
R41A,0.737,1
R41F,0.5478,1
V42Y,0.346,0
V42W,0.6271,1
V42T,0.2884,0
V42C,0.535,1
V42D,0.0009,0
V42E,0.0014,0
V42F,1.1725,1
V42G,0.0037,0
V42P,0.0009,0
V42H,0.0133,0
V42K,0.001,0
V42L,1.0787,1
V42S,0.0237,0
V42R,0.0009,0
V42Q,0.0037,0
V42M,0.7678,1
V42N,0.094,0
V42I,1.0603,1
V42A,0.2808,0
G43Y,0.0011,0
G43E,0.0009,0
G43A,0.4628,1
G43C,0.0542,0
G43D,0.0009,0
G43F,0.0015,0
G43I,0.0008,0
G43K,0.0008,0
G43L,0.001,0
G43M,0.0008,0
G43R,0.0009,0
G43N,0.0008,0
G43T,0.0037,0
G43V,0.001,0
G43W,0.0009,0
G43S,0.3098,0
Y44L,0.8881,1
Y44P,0.0008,0
Y44Q,0.0016,0
Y44N,0.0009,0
Y44R,0.0009,0
Y44S,0.0019,0
Y44T,0.0076,0
Y44M,0.6021,1
Y44K,0.0008,0
Y44A,0.0166,0
Y44H,0.0487,0
Y44V,0.3728,0
Y44G,0.0074,0
Y44F,0.9439,1
Y44E,0.0034,0
Y44D,0.0018,0
Y44C,0.0277,0
Y44I,0.4745,1
Y44W,0.0376,0
I45C,1.0814,1
I45A,0.9499,1
I45E,0.1064,0
I45D,0.0074,0
I45F,1.1088,1
I45G,0.0421,0
I45H,0.1247,0
I45K,0.0021,0
I45M,1.0243,1
I45N,0.0301,0
I45L,1.0073,1
I45Q,0.1825,0
I45R,0.0364,0
I45S,0.3287,0
I45T,0.9821,1
I45V,1.1963,1
I45W,0.0048,0
I45Y,0.7267,1
I45P,0.0008,0
E46Q,0.9781,1
E46H,0.573,1
E46I,0.3856,0
E46K,0.7452,1
E46L,0.6326,1
E46N,0.8154,1
E46R,0.1028,0
E46D,0.4291,1
E46T,1.0728,1
E46V,0.6077,1
E46W,0.064,0
E46C,0.3524,0
E46A,0.8515,1
E46G,0.2089,0
E46S,1.2041,1
E46F,0.6213,1
L47W,0.0454,0
L47R,0.0335,0
L47T,0.6969,1
L47S,0.2374,0
L47Q,0.4284,1
L47P,0.0009,0
L47N,0.022,0
L47M,0.9914,1
L47K,0.0901,0
L47I,1.2041,1
L47V,1.16,1
L47G,0.0409,0
L47F,0.3309,0
L47E,0.2585,0
L47D,0.0037,0
L47C,0.5809,1
L47A,0.5579999999999999,1
L47H,0.0469,0
D48V,0.1457,0
D48T,0.2027,0
D48R,0.0517,0
D48Q,0.445,1
D48P,0.0081,0
D48N,0.4055,0
D48M,0.2492,0
D48H,0.4036,0
D48K,0.069,0
D48I,0.0627,0
D48G,0.2611,0
D48F,0.0277,0
D48C,0.3832,0
D48A,0.4736,1
D48W,0.0219,0
D48L,0.1046,0
D48E,0.9452,1
D48S,0.518,1
D48Y,0.0653,0
L49Y,1.0126,1
L49V,1.0728,1
L49S,0.4158,0
L49R,0.0445,0
L49Q,0.1348,0
L49P,0.1863,0
L49N,0.1454,0
L49M,1.3681,1
L49T,0.5558,1
L49I,1.0229,1
L49H,0.144,0
L49G,0.1822,0
L49F,1.1798,1
L49E,0.0461,0
L49D,0.0188,0
L49C,0.4829,1
L49A,0.6758,1
L49K,0.0883,0
N50I,0.9328,1
N50K,1.0252,1
N50L,0.9489,1
N50Y,1.092,1
N50W,0.7712,1
N50V,0.9328,1
N50P,1.1766,1
N50S,1.0585,1
N50R,0.9933,1
N50M,1.2906,1
N50F,0.9933,1
N50H,0.9957,1
N50T,1.1336,1
N50G,1.2323,1
N50E,1.1725,1
N50D,1.3397,1
N50C,0.5328,1
N50A,0.9948,1
S51Q,0.8515,1
S51R,0.4257,1
S51P,0.0266,0
S51N,0.9781,1
S51L,0.2233,0
S51K,0.6758,1
S51G,0.5954,1
S51T,1.1824,1
S51E,1.0286,1
S51D,1.7029,1
S51C,0.2097,0
S51A,0.5364,1
S51I,0.0895,0
S51Y,0.4619,1
S51V,0.32,0
G52W,0.1244,0
G52V,0.0738,0
G52L,0.1909,0
G52M,0.2701,0
G52N,0.451,1
G52P,0.1031,0
G52Q,0.2434,0
G52R,0.1602,0
G52S,0.3604,0
G52T,0.2129,0
G52C,0.0659,0
G52E,0.3912,0
G52F,0.2167,0
G52D,0.4951,1
G52A,0.3818,0
G52Y,0.1762,0
G52H,0.2463,0
G52I,0.0339,0
G52K,0.3208,0
K53R,1.0433,1
K53Q,0.9627,1
K53G,0.8701,1
K53F,0.8256,1
K53L,1.0413,1
K53M,1.0422,1
K53P,0.0252,0
K53N,1.1975,1
K53C,0.4803,1
K53A,1.1545,1
K53Y,1.0255,1
K53E,0.9812,1
K53D,0.7674,1
K53I,1.1477,1
K53T,1.2106,1
K53V,1.0274,1
K53W,0.7339,1
K53H,1.044,1
K53S,1.07,1
I54Y,0.6271,1
I54W,0.5618,1
I54V,1.3065,1
I54T,0.9424,1
I54S,0.4593,1
I54R,0.6841,1
I54F,0.9781,1
I54G,0.111,0
I54K,0.4059,0
I54L,1.146,1
I54M,0.9159,1
I54N,0.3129,0
I54C,0.7219,1
I54A,0.8515,1
I54P,1.3117,1
I54E,0.9159,1
I54H,0.8831,1
I54D,0.2547,0
L55Q,0.4796,1
L55C,0.489,1
L55P,0.0065,0
L55A,0.2817,0
L55M,1.2514,1
L55S,0.2955,0
L55T,0.4996,1
L55V,0.8576,1
L55W,0.358,0
L55Y,0.9379,1
L55N,0.4453,1
L55D,0.1064,0
L55R,0.6369,1
L55F,0.8025,1
L55G,0.3426,0
L55H,0.5109,1
L55E,0.4534,1
L55K,0.5105,1
L55I,1.106,1
E56W,0.1728,0
E56P,0.0015,0
E56Y,0.2276,0
E56V,0.4868,1
E56T,0.9602,1
E56S,0.8718,1
E56R,0.7041,1
E56Q,0.8911,1
E56N,0.8911,1
E56A,0.9949,1
E56L,0.4811,1
E56K,0.9409,1
E56C,0.4803,1
E56H,0.5364,1
E56G,1.0315,1
E56F,0.1102,0
E56D,0.9933,1
E56M,0.5021,1
E56I,0.1699,0
S57L,0.6072,1
S57K,0.9933,1
S57M,1.0494,1
S57I,0.4364,1
S57N,0.7041,1
S57P,0.0108,0
S57Q,1.0102,1
S57T,0.9275,1
S57V,0.7653,1
S57W,0.8754,1
S57Y,0.928,1
S57R,0.9843,1
S57C,0.7131,1
S57D,0.6815,1
S57E,1.043,1
S57F,0.6727,1
S57G,0.933,1
S57H,0.9751,1
S57A,1.2137,1
F58V,0.5489,1
F58D,0.0119,0
F58E,0.1656,0
F58G,0.1184,0
F58I,0.4633,1
F58K,0.3605,0
F58T,0.5478,1
F58R,0.6268,1
F58S,0.7794,1
F58W,1.1531,1
F58C,0.5364,1
F58Y,1.3077,1
F58N,2.9024,1
F58A,0.6963,1
F58L,0.8582,1
R59H,0.6445,1
R59K,0.6829,1
R59L,0.0526,0
R59M,0.0878,0
R59N,0.716,1
R59P,0.0012,0
R59Q,0.301,0
R59S,0.1486,0
R59T,0.0137,0
R59V,0.0041,0
R59W,0.0525,0
R59Y,0.0735,0
R59F,0.0376,0
R59I,0.0058,0
R59E,0.036,0
R59C,0.089,0
R59A,0.2364,0
R59D,0.0101,0
R59G,0.0609,0
P60A,1.3692,1
P60H,1.0247,1
P60G,1.3056,1
P60F,0.7808,1
P60E,1.1425,1
P60D,1.4886,1
P60C,0.9359,1
P60R,0.9679,1
P60Y,0.6021,1
P60V,0.9518,1
P60M,1.0322,1
P60S,1.0821,1
P60N,0.706,1
P60Q,1.015,1
P60T,0.9947,1
P60K,1.1149,1
P60I,0.9637,1
P60L,0.7556,1
E61F,0.7995,1
E61G,1.2367,1
E61H,1.2246,1
E61Y,1.1405,1
E61W,1.0126,1
E61V,0.9668,1
E61N,1.0446,1
E61R,1.0901,1
E61I,0.7441,1
E61Q,1.1869,1
E61A,0.9389,1
E61C,0.467,1
E61D,1.1758,1
E61P,0.002,0
E61K,1.0304,1
E61L,1.0074,1
E61M,1.1816,1
E61S,0.9355,1
E61T,1.0673,1
E62V,0.5046,1
E62Y,0.57,1
E62T,0.8831,1
E62D,0.8251,1
E62A,0.5862,1
E62C,0.4257,1
E62F,0.4036,0
E62G,0.3893,0
E62H,0.5453,1
E62S,0.4688,1
E62K,0.3379,0
E62L,0.4257,1
E62N,0.4563,1
E62Q,0.4119,0
E62R,0.3419,0
E62I,0.3333,0
R63A,0.3861,0
R63I,0.484,1
R63H,0.5269,1
R63M,0.4257,1
R63F,0.3379,0
R63E,0.2412,0
R63D,0.0453,0
R63C,0.3662,0
R63G,0.0657,0
R63V,0.4627,1
R63P,0.4307,1
R63Q,0.5820000000000001,1
R63S,0.4776,1
R63T,0.6977,1
R63K,0.7646,1
R63W,0.0686,0
R63Y,0.3872,0
R63N,0.3425,0
R63L,0.5818,1
F64Y,0.3298,0
F64H,0.0047,0
F64Q,0.0162,0
F64M,0.3742,0
F64L,0.0169,0
F64K,0.0024,0
F64T,0.0044,0
F64I,0.0123,0
F64R,0.002,0
F64S,0.0027,0
F64E,0.0015,0
F64D,0.0008,0
F64C,0.0098,0
F64A,0.004,0
F64V,0.1166,0
F64W,0.0432,0
F64G,0.001,0
P65F,0.0234,0
P65C,0.071,0
P65D,0.0028,0
P65E,0.01,0
P65A,0.2962,0
P65I,0.0459,0
P65H,0.0878,0
P65Y,0.0246,0
P65K,0.0586,0
P65W,0.0043,0
P65V,0.0874,0
P65T,0.0505,0
P65S,0.176,0
P65R,0.0071,0
P65G,0.0433,0
P65Q,0.0359,0
P65M,0.0131,0
P65L,0.0299,0
P65N,0.0941,0
M66G,0.2475,0
M66H,0.2225,0
M66I,0.9,1
M66K,0.0012,0
M66L,0.954,1
M66F,0.6112,1
M66E,0.0084,0
M66C,0.4456,1
M66Y,0.0687,0
M66N,0.0069,0
M66P,0.0027,0
M66Q,0.2774,0
M66R,0.0011,0
M66S,0.0478,0
M66T,0.3382,0
M66V,1.1881,1
M66W,0.0023,0
M66A,0.3856,0
M66D,0.0008,0
M67T,0.8565,1
M67C,1.1078,1
M67A,1.2246,1
M67Y,0.0084,0
M67W,0.0022,0
M67V,0.8123,1
M67R,0.0035,0
M67Q,0.4817,1
M67P,0.0009,0
M67N,1.0295,1
M67S,0.8055,1
M67K,0.0049,0
M67I,0.4122,0
M67H,0.4191,0
M67G,1.0574,1
M67F,0.0892,0
M67E,0.1396,0
M67L,0.6829,1
M67D,0.9252,1
S68G,0.0009,0
S68H,0.0009,0
S68I,0.0008,0
S68K,0.0008,0
S68P,0.0011,0
S68Q,0.0008,0
S68N,0.0009,0
S68F,0.0008,0
S68R,0.0009,0
S68E,0.0008,0
S68V,0.0009,0
S68C,0.0037,0
S68A,0.0009,0
S68T,0.0009,0
S68M,0.0008,0
S68W,0.0008,0
S68Y,0.0008,0
S68D,0.0009,0
S68L,0.0009,0
T69F,0.0017,0
T69E,0.0063,0
T69D,0.0013,0
T69C,0.1909,0
T69A,0.0272,0
T69G,0.0129,0
T69I,0.0515,0
T69K,0.0013,0
T69L,0.0176,0
T69Y,0.025,0
T69W,0.0008,0
T69V,0.0336,0
T69S,0.3074,0
T69R,0.0009,0
T69Q,0.004,0
T69P,0.0796,0
T69N,0.0069,0
T69M,0.0279,0
T69H,0.3812,0
F70T,0.2315,0
F70S,0.3608,0
F70Q,0.1869,0
F70P,0.001,0
F70N,0.1968,0
F70M,1.1235,1
F70L,0.209,0
F70I,0.2796,0
F70H,0.4105,0
F70G,0.3626,0
F70E,0.0128,0
F70D,0.0026,0
F70C,0.5834,1
F70A,0.8009,1
F70R,0.0057,0
F70V,0.7883,1
F70K,0.0105,0
F70Y,0.1187,0
F70W,0.5143,1
K71T,0.0009,0
K71S,0.0009,0
K71R,0.0019,0
K71P,0.0008,0
K71N,0.0009,0
K71I,0.0008,0
K71H,0.0011,0
K71E,0.0008,0
K71Y,0.0008,0
V72A,0.4861,1
V72C,0.3847,0
V72E,0.0023,0
V72Y,0.0027,0
V72T,0.6021,1
V72S,0.3399,0
V72R,0.0009,0
V72Q,0.0057,0
V72P,1.0539,1
V72N,0.0024,0
V72L,0.1529,0
V72K,0.0008,0
V72I,0.6916,1
V72D,0.0009,0
V72F,0.027,0
V72G,0.0324,0
L73M,0.8892,1
L73I,1.1531,1
L73K,0.0019,0
L73G,0.3533,0
L73N,0.1505,0
L73P,0.6743,1
L73Q,0.1781,0
L73R,0.0008,0
L73S,0.4951,1
L73T,0.5834,1
L73V,1.008,1
L73W,0.022,0
L73Y,0.3178,0
L73C,0.499,1
L73D,0.0525,0
L73E,0.0339,0
L73F,0.5503,1
L73A,0.8959999999999999,1
L73H,0.3799,0
L74Q,0.0108,0
L74P,0.0019,0
L74V,0.4657,1
L74T,0.3358,0
L74S,0.0206,0
L74N,0.0051,0
L74A,0.3404,0
L74C,0.22,0
L74D,0.0012,0
L74E,0.0808,0
L74G,0.0119,0
L74H,0.0015,0
L74I,0.4013,0
L74K,0.0047,0
L74M,0.6503,1
L74R,0.0008,0
C75L,0.1566,0
C75N,0.0133,0
C75P,0.0015,0
C75Q,0.0018,0
C75W,0.0009,0
C75S,0.4319,1
C75T,0.8037,1
C75V,1.0483,1
C75F,0.2415,0
C75E,0.0018,0
C75D,0.0063,0
C75A,0.8515,1
C75K,0.0009,0
C75Y,0.0008,0
C75R,0.0009,0
C75I,0.4257,1
C75M,0.3099,0
C75G,0.6223,1
C75H,0.0013,0
G76D,0.0018,0
G76C,0.3085,0
G76A,1.1322,1
G76L,0.1218,0
G76H,0.0082,0
G76I,0.1341,0
G76K,0.0009,0
G76E,0.0022,0
G76F,0.1161,0
G76M,0.1952,0
G76Q,0.0042,0
G76R,0.0011,0
G76S,0.88,1
G76Y,0.1458,0
G76V,0.1543,0
G76T,0.4352,1
G76P,0.0013,0
G76N,0.0025,0
G76W,0.1413,0
A77F,0.7995,1
A77E,0.6257,1
A77D,0.6856,1
A77C,1.1042,1
A77G,0.4544,1
A77K,0.8154,1
A77H,0.8515,1
A77V,0.8917,1
A77P,0.0028,0
A77N,1.0728,1
A77W,0.3379,0
A77M,0.9339,1
A77Y,0.9557,1
A77S,0.7506,1
A77R,0.6698,1
A77Q,1.1042,1
A77T,0.7431,1
A77L,0.9021,1
V78G,0.0043,0
V78F,0.0852,0
V78E,0.0372,0
V78D,0.0016,0
V78C,0.2211,0
V78A,0.2793,0
V78H,0.0339,0
V78M,0.5931,1
V78K,0.0066,0
V78I,0.6961,1
V78S,0.0389,0
V78T,0.4257,1
V78W,0.0235,0
V78Y,0.0227,0
V78Q,0.0313,0
V78N,0.009,0
V78P,0.0008,0
V78L,0.4241,0
V78R,0.0009,0
L79R,0.0016,0
L79A,0.0489,0
L79S,0.0205,0
L79T,0.0192,0
L79P,0.0009,0
L79N,0.0128,0
L79V,0.2682,0
L79W,0.0045,0
L79Y,0.0162,0
L79Q,0.039,0
L79F,0.0798,0
L79E,0.0118,0
L79G,0.0081,0
L79H,0.0038,0
L79I,0.1701,0
L79K,0.0011,0
L79M,0.903,1
L79C,0.0744,0
L79D,0.0015,0
S80A,0.9234,1
S80C,0.7188,1
S80D,0.8165,1
S80E,0.911,1
S80F,1.0147,1
S80G,0.93,1
S80H,1.1135,1
S80I,0.8265,1
S80V,0.8787,1
S80L,0.8918,1
S80Y,1.2396,1
S80W,0.9852,1
S80T,0.9358,1
S80R,0.8914,1
S80Q,1.0011,1
S80P,0.0027,0
S80N,0.9635,1
S80M,0.9493,1
S80K,1.1541,1
R81D,0.1948,0
R81C,0.2205,0
R81E,0.3746,0
R81F,0.7689,1
R81A,0.7426,1
R81H,0.772,1
R81Y,0.5426,1
R81W,0.2673,0
R81V,0.3286,0
R81G,0.335,0
R81S,0.6379,1
R81Q,0.7674,1
R81T,0.3799,0
R81N,1.0126,1
R81M,0.5618,1
R81L,0.6534,1
R81K,1.135,1
R81I,0.3336,0
R81P,0.0014,0
V82H,0.583,1
V82A,0.7617,1
V82C,0.8813,1
V82D,0.129,0
V82E,0.2178,0
V82F,0.3663,0
V82G,0.2163,0
V82I,0.8737,1
V82P,0.0019,0
V82L,0.2315,0
V82M,0.2716,0
V82Y,0.4182,0
V82W,0.4219,0
V82T,0.6858,1
V82S,0.5953,1
V82R,0.3701,0
V82Q,0.3119,0
V82N,0.2728,0
V82K,0.3355,0
D83Y,0.0185,0
D83W,0.0064,0
D83V,0.0397,0
D83T,0.1446,0
D83S,0.291,0
D83Q,0.6417,1
D83N,0.103,0
D83M,0.0465,0
D83L,0.0105,0
D83K,0.0717,0
D83I,0.0247,0
D83H,0.0666,0
D83G,0.1951,0
D83F,0.0062,0
D83E,0.7764,1
D83C,0.0534,0
D83A,0.1827,0
D83R,0.0378,0
D83P,0.0072,0
A84R,0.9716,1
A84V,1.0289,1
A84N,1.1861,1
A84M,0.8515,1
A84L,1.0299,1
A84K,0.9196,1
A84T,1.1275,1
A84I,0.9021,1
A84H,1.0065,1
A84G,1.1108,1
A84F,0.7095,1
A84P,0.0357,0
A84E,1.005,1
A84C,0.9126,1
A84Y,0.7412,1
A84S,0.9768,1
A84D,0.895,1
A84Q,1.1007,1
G85N,0.8671,1
G85P,0.0038,0
G85M,0.5578,1
G85Q,0.8515,1
G85R,0.8049,1
G85S,0.8137,1
G85T,0.4313,1
G85V,0.286,0
G85D,0.8063,1
G85C,0.4727,1
G85Y,0.5464,1
G85A,0.7608,1
G85K,0.8449,1
G85I,0.1051,0
G85H,0.942,1
G85F,0.315,0
G85E,0.8714,1
G85L,0.5321,1
G85W,0.2638,0
Q86D,1.0728,1
Q86T,1.0781,1
Q86S,1.2627,1
Q86R,0.9618,1
Q86P,0.1558,0
Q86N,0.9144,1
Q86M,0.9285,1
Q86L,1.0793,1
Q86K,0.9924,1
Q86I,1.1672,1
Q86H,1.0555,1
Q86G,0.8865,1
Q86F,0.8515,1
Q86E,0.9954,1
Q86C,0.8199,1
Q86Y,1.0191,1
Q86A,1.1218,1
Q86V,1.1757,1
Q86W,0.8088,1
E87Y,0.2215,0
E87L,0.8832,1
E87F,0.532,1
E87G,0.1425,0
E87H,0.1114,0
E87I,0.8794,1
E87K,0.0211,0
E87W,0.2011,0
E87M,0.9428,1
E87N,0.154,0
E87P,0.0069,0
E87Q,0.449,1
E87R,0.0135,0
E87S,0.2381,0
E87A,0.3918,0
E87T,0.5026,1
E87V,0.6585,1
E87D,0.7816,1
E87C,0.3847,0
Q88H,1.2099,1
Q88I,0.8552,1
Q88G,0.8154,1
Q88D,1.0626,1
Q88E,1.0766,1
Q88C,0.8109999999999999,1
Q88K,0.9667,1
Q88F,1.0397,1
Q88L,0.9359,1
Q88A,1.1357,1
Q88N,1.0762,1
Q88P,0.185,0
Q88R,0.9646,1
Q88S,1.0787,1
Q88T,1.015,1
Q88V,0.9044,1
Q88W,0.9852,1
Q88Y,1.0394,1
Q88M,0.8892,1
L89Q,0.1957,0
L89R,0.0454,0
L89W,0.2993,0
L89T,0.2414,0
L89V,0.3231,0
L89P,0.4034,0
L89S,0.256,0
L89N,0.1215,0
L89H,0.2042,0
L89K,0.0959,0
L89I,0.3929,0
L89G,0.2508,0
L89F,0.5156,1
L89E,0.2603,0
L89D,0.1693,0
L89A,0.3953,0
L89M,0.8728,1
L89C,0.2231,0
L89Y,0.4055,0
G90A,1.0885,1
G90W,0.9339,1
G90V,0.9341,1
G90T,1.0955,1
G90S,1.0179,1
G90R,0.7888,1
G90Q,0.8775,1
G90P,0.4633,1
G90N,1.0483,1
G90Y,0.9967,1
G90L,0.7366,1
G90K,1.2427,1
G90I,0.8958,1
G90H,0.9631,1
G90F,0.8174,1
G90E,1.2501,1
G90D,1.1597,1
G90C,0.6428,1
G90M,1.0483,1
R91P,0.0023,0
R91Q,0.3571,0
R91W,0.0906,0
R91T,0.5503,1
R91V,0.1475,0
R91N,0.4473,1
R91S,0.4247,0
R91M,0.2719,0
R91H,0.7214,1
R91K,0.7853,1
R91I,0.0773,0
R91G,0.1207,0
R91F,0.235,0
R91E,0.2435,0
R91D,0.2303,0
R91Y,0.2742,0
R91L,0.1694,0
R91C,0.089,0
R91A,0.3678,0
R92Y,0.8515,1
R92A,0.6836,1
R92D,0.3018,0
R92E,0.5399,1
R92F,0.7929999999999999,1
R92G,0.291,0
R92H,0.8182,1
R92I,1.1704,1
R92K,0.9933,1
R92L,1.003,1
R92C,0.4423,1
R92N,0.7006,1
R92P,0.5521,1
R92Q,0.7441,1
R92S,0.762,1
R92T,0.9191,1
R92V,1.2202,1
R92W,0.7114,1
R92M,0.8515,1
I93V,1.1105,1
I93T,0.1424,0
I93S,0.0326,0
I93R,0.0362,0
I93Q,0.1667,0
I93P,0.0115,0
I93N,0.0344,0
I93M,0.043,0
I93G,0.0053,0
I93K,0.0556,0
I93H,0.151,0
I93F,0.2921,0
I93E,0.1244,0
I93D,0.0069999999999999,0
I93C,0.2986,0
I93W,0.0469,0
I93Y,0.3358,0
I93L,0.9945,1
I93A,0.0766,0
H94T,1.1437,1
H94P,0.6996,1
H94V,1.1384,1
H94S,0.9451,1
H94R,1.0944,1
H94Q,1.0828,1
H94Y,1.1235,1
H94N,1.0629,1
H94M,1.146,1
H94L,1.0483,1
H94K,1.1075,1
H94I,1.4656,1
H94W,1.0875,1
H94F,1.1135,1
H94E,0.93,1
H94D,0.9184,1
H94C,0.5683,1
H94A,0.8756,1
H94G,0.7958,1
Y95A,0.0489,0
Y95C,0.0456,0
Y95D,0.0023,0
Y95E,0.0031,0
Y95F,1.1446,1
Y95G,0.0291,0
Y95H,0.1236,0
Y95I,0.884,1
Y95M,0.4105,0
Y95L,0.4455,1
Y95N,0.0042,0
Y95T,0.0368,0
Y95S,0.0139999999999999,0
Y95R,0.0034,0
Y95Q,0.0068,0
Y95P,0.1107,0
Y95K,0.0025,0
Y95V,0.4838,1
Y95W,0.784,1
S96W,0.9631,1
S96T,1.0796,1
S96R,1.0073,1
S96Y,0.8739,1
S96Q,0.9716,1
S96P,0.3874,0
S96N,1.161,1
S96M,0.8113,1
S96L,1.0373,1
S96K,0.9044,1
S96I,0.8299,1
S96H,0.9297,1
S96G,1.0687,1
S96F,0.9171,1
S96E,1.0494,1
S96D,0.9572,1
S96V,0.8992,1
S96A,1.0076,1
S96C,0.8046,1
Q97D,1.0483,1
Q97V,1.2668,1
Q97Y,1.4954,1
Q97W,0.9068,1
Q97T,1.102,1
Q97S,1.1042,1
Q97R,1.2848,1
Q97P,1.1336,1
Q97N,0.7586,1
Q97M,1.2144,1
Q97L,1.1251,1
Q97K,1.1321,1
Q97I,1.0829,1
Q97H,1.1144,1
Q97G,1.0477,1
Q97F,1.5424,1
Q97C,0.4845,1
Q97E,1.3334,1
Q97A,1.0811,1
N98A,1.1861,1
N98C,0.3744,0
N98G,0.9992,1
N98T,1.2695,1
N98S,1.178,1
N98R,1.2041,1
N98Q,1.7029,1
N98P,0.7048,1
N98M,0.9196,1
N98L,1.2537,1
N98K,1.165,1
N98I,1.1288,1
N98H,1.1587,1
N98V,0.9499,1
N98Y,1.1277,1
N98E,1.2289,1
N98D,0.8787,1
N98F,1.432,1
D99P,0.1312,0
D99Q,1.0316,1
D99R,0.4583,1
D99S,0.7514,1
D99T,0.6197,1
D99W,0.376,0
D99Y,0.4129,0
D99M,0.9781,1
D99L,0.5948,1
D99V,0.7198,1
D99A,0.7768,1
D99C,0.3366,0
D99E,1.1541,1
D99F,0.4015,0
D99G,0.3209,0
D99H,0.6566,1
D99I,0.6021,1
D99K,0.5281,1
D99N,0.7142,1
L100A,0.0865,0
L100C,0.3425,0
L100D,0.0067,0
L100E,0.0532,0
L100G,0.0339,0
L100H,0.1064,0
L100F,0.5899,1
L100N,0.0306,0
L100Q,0.2129,0
L100R,0.1179,0
L100S,0.0953,0
L100T,0.3706,0
L100V,0.6758,1
L100W,0.2014,0
L100K,0.1595,0
V101D,0.9933,1
V101E,0.6841,1
V101F,0.4643,1
V101G,0.4257,1
V101I,0.9557,1
V101R,0.5364,1
V101N,0.4407,1
V101P,0.0094,0
V101S,0.8515,1
V101T,1.2041,1
V101C,0.7944,1
V101L,0.5453,1
V101A,0.8981,1
V101Y,0.47,1
V101W,0.2531,0
E102V,0.8917,1
E102T,0.9605,1
E102S,0.8892,1
E102Q,1.3044,1
E102P,1.2041,1
E102N,0.8515,1
E102R,0.9217,1
E102L,0.8515,1
E102K,0.4683,1
E102G,0.6652,1
E102D,1.3758,1
E102C,0.358,0
E102A,1.1001,1
E102M,0.9878,1
Y103P,0.4257,1
Y103Q,0.1106,0
Y103R,0.0599,0
Y103S,0.2286,0
Y103W,1.6419,1
Y103V,0.1817,0
Y103N,0.3189,0
Y103A,0.3083,0
Y103T,0.1925,0
Y103L,0.1134,0
Y103M,0.2389,0
Y103K,0.0168,0
Y103I,0.1135,0
Y103H,0.4112,0
Y103G,0.3213,0
Y103C,0.155,0
Y103D,0.1341,0
Y103E,0.0392,0
Y103F,0.6895,1
S104D,0.0116,0
S104E,0.0025,0
S104F,0.0059,0
S104G,0.2833,0
S104H,0.2354,0
S104I,0.0096,0
S104K,0.0166,0
S104L,0.0022,0
S104R,0.0464,0
S104P,0.0092,0
S104Q,0.0065,0
S104A,0.5329,1
S104T,0.2724,0
S104V,0.0614,0
S104W,0.0041,0
S104Y,0.0294,0
S104N,0.2009,0
S104C,0.4069,0
P105C,0.0607,0
P105L,0.3335,0
P105V,0.3831,0
P105T,0.2593,0
P105S,0.218,0
P105R,0.2238,0
P105Q,0.2616,0
P105N,0.1605,0
P105M,0.2682,0
P105W,0.0964,0
P105Y,0.2018,0
P105I,0.3733,0
P105H,0.2402,0
P105G,0.1157,0
P105F,0.1654,0
P105E,0.2465,0
P105D,0.0739,0
P105A,0.2332,0
P105K,0.2445,0
V106H,0.5305,1
V106G,0.2868,0
V106W,0.4257,1
V106F,0.4257,1
V106Y,0.5689,1
V106E,1.1587,1
V106D,0.4203,0
V106A,0.7712,1
V106I,1.1961,1
V106K,0.3793,0
V106C,0.6344,1
V106M,1.0126,1
V106N,0.3595,0
V106P,0.0029,0
V106Q,0.8515,1
V106R,0.3939,0
V106S,0.4991,1
V106T,0.3665,0
V106L,1.1818,1
T107K,0.0016,0
T107D,0.0028,0
T107E,0.0019,0
T107F,0.0064,0
T107G,0.1797,0
T107H,0.0018,0
T107I,0.174,0
T107L,0.4742,1
T107W,0.0038,0
T107N,0.0392,0
T107Q,0.002,0
T107R,0.0019,0
T107S,0.9068,1
T107V,0.5001,1
T107Y,0.0044,0
T107C,0.6629,1
T107M,0.1928,0
T107A,0.8159,1
T107P,0.0018,0
E108T,0.7944,1
E108W,0.489,1
E108S,0.9224,1
E108C,0.4257,1
E108D,0.8884,1
E108A,0.7190000000000001,1
E108F,0.5521,1
E108H,0.9196,1
E108I,0.9781,1
E108K,0.9052,1
E108L,0.6543,1
E108N,0.8515,1
E108P,0.3718,0
E108Q,0.8515,1
E108Y,0.519,1
E108G,0.9445,1
E108R,0.9086,1
E108V,1.1551,1
K109Q,1.1149,1
K109A,1.1203,1
K109C,0.6326,1
K109D,0.9401,1
K109E,1.1065,1
K109G,1.146,1
K109I,0.8936,1
K109L,1.0539,1
K109M,1.2041,1
K109N,0.9816,1
K109Y,1.7029,1
K109W,0.716,1
K109V,0.9359,1
K109T,1.0303,1
K109S,1.1545,1
K109P,0.44,1
K109R,1.1596,1
H110P,0.033,0
H110S,0.4829,1
H110T,0.2316,0
H110V,0.1884,0
H110R,0.8203,1
H110Q,0.5934,1
H110A,0.5028,1
H110L,0.4567,1
H110K,0.9837,1
H110I,0.1313,0
H110Y,0.8958,1
H110G,0.522,1
H110F,0.9285,1
H110E,0.4056,0
H110D,0.1383,0
H110C,0.5399,1
H110N,0.5364,1
H110W,0.5063,1
L111Q,0.7477,1
L111W,0.5883,1
L111V,1.135,1
L111T,1.0863,1
L111S,0.4579999999999999,1
L111R,0.5283,1
L111P,0.4033,0
L111N,0.3283,0
L111M,1.0728,1
L111H,0.6985,1
L111C,0.8515,1
L111D,0.4317,1
L111E,0.4415,1
L111F,0.6867,1
L111G,0.3266,0
L111Y,0.7477,1
L111I,1.0955,1
L111K,0.5765,1
T112W,1.2801,1
T112N,1.1015,1
T112M,0.813,1
T112L,1.2589,1
T112K,1.4038,1
T112I,1.1631,1
T112H,1.1235,1
T112P,1.1366,1
T112G,1.0823,1
T112D,1.2289,1
T112A,1.0728,1
T112R,1.2628,1
T112S,1.1574,1
T112V,1.1007,1
T112Y,1.3235,1
T112E,1.2757,1
T112Q,1.6145,1
T112C,0.8515,1
D113Y,0.8892,1
D113W,0.4257,1
D113R,0.8606,1
D113S,0.8917,1
D113T,1.146,1
D113V,0.6389,1
D113Q,0.9729,1
D113P,0.3784,0
D113A,1.0093,1
D113N,1.0126,1
D113L,0.4539,1
D113K,0.9631,1
D113I,0.4257,1
D113H,0.8869,1
D113G,0.8803,1
D113F,0.3904,0
D113E,1.1416,1
D113M,0.8515,1
D113C,0.5912,1
G114Y,0.2245,0
G114A,0.2155,0
G114D,0.0813,0
G114E,0.0563,0
G114H,0.2129,0
G114P,0.0408,0
G114I,0.0153,0
G114K,0.1015,0
G114L,0.0565,0
G114N,0.2129,0
G114Q,0.0532,0
G114R,0.0294,0
G114S,0.2178,0
G114T,0.0655,0
G114V,0.0268,0
G114W,0.1134,0
G114C,0.094,0
M115A,0.3083,0
M115D,0.0037,0
M115C,0.3743,0
M115E,0.0348,0
M115I,0.4356,1
M115K,0.0361,0
M115G,0.0169,0
M115H,0.0232,0
M115Y,0.0467,0
M115W,0.0053,0
M115V,0.3466,0
M115T,0.2025,0
M115S,0.0936,0
M115R,0.1501,0
M115Q,0.4218,0
M115P,0.0041,0
M115N,0.0271,0
M115F,0.0524,0
M115L,1.061,1
T116K,0.3039,0
T116W,0.0067,0
T116C,0.3793,0
T116A,0.3666,0
T116E,0.9196,1
T116F,0.0976,0
T116G,0.0773,0
T116Y,0.1495,0
T116L,0.573,1
T116M,0.3283,0
T116R,0.3206,0
T116S,0.8515,1
T116V,0.3125,0
T116I,0.2432,0
V117N,0.049,0
V117Y,0.0313,0
V117W,0.0045,0
V117T,0.375,0
V117S,0.0307,0
V117Q,0.0361,0
V117P,0.0774,0
V117M,0.7412,1
V117R,0.0044,0
V117K,0.0044,0
V117I,1.0362,1
V117H,0.0316,0
V117G,0.0066,0
V117F,0.0675,0
V117E,0.0195,0
V117D,0.0013,0
V117C,0.093,0
V117L,0.8781,1
V117A,0.0838,0
R118N,1.2757,1
R118P,0.1088,0
R118V,0.7747,1
R118S,1.2289,1
R118T,1.1056,1
R118E,1.2499,1
R118W,1.3868,1
R118Q,1.0635,1
R118Y,1.2993,1
R118H,1.3832,1
R118L,0.996,1
R118K,0.8597,1
R118I,0.7499,1
R118F,1.0406,1
R118A,1.3304,1
R118C,1.0969,1
R118D,0.9754,1
R118G,1.22,1
R118M,0.8037,1
E119A,0.7789,1
E119C,0.1136,0
E119R,0.1715,0
E119F,0.0173,0
E119D,1.0728,1
E119Y,0.0316,0
E119W,0.0088,0
E119T,0.2508,0
E119S,0.5594,1
E119Q,1.2041,1
E119V,0.0055,0
E119M,0.2719,0
E119L,0.0266,0
E119K,0.2664,0
E119I,0.0025,0
E119H,0.6326,1
E119G,0.8154,1
E119N,0.4619,1
L120S,0.0314,0
L120C,0.2776,0
L120D,0.0008,0
L120Y,0.0127,0
L120W,0.0008,0
L120V,0.1586,0
L120T,0.0764,0
L120R,0.0008,0
L120G,0.0079,0
L120N,0.0067,0
L120M,0.9196,1
L120K,0.0012,0
L120I,0.2876,0
L120H,0.0296,0
L120F,0.0607,0
L120E,0.0019,0
L120Q,0.0176,0
L120A,0.2357,0
C121T,0.0394,0
C121Y,0.0009,0
C121D,0.0009,0
C121E,0.0047,0
C121F,0.0024,0
C121G,0.2085,0
C121H,0.0012,0
C121I,0.198,0
C121K,0.0008,0
C121L,0.2277,0
C121V,0.0489,0
C121M,0.4627,1
C121N,0.0079,0
C121P,0.0008,0
C121Q,0.0182,0
C121R,0.0008,0
C121S,0.1245,0
C121A,0.4541,1
C121W,0.0008,0
S122D,1.3207,1
S122Y,1.1149,1
S122C,0.489,1
S122A,0.9878,1
S122F,1.0338,1
S122G,0.9849,1
S122H,0.9852,1
S122I,1.0829,1
S122E,1.4155,1
S122L,1.3131,1
S122N,1.2877,1
S122Q,1.118,1
S122R,0.9767,1
S122T,0.7185,1
S122V,0.987,1
S122W,0.8969,1
S122M,1.6073,1
S122K,1.0728,1
A123C,0.5618,1
A123R,0.0036,0
A123Y,0.0763,0
A123V,0.3929999999999999,0
A123T,0.1822,0
A123S,0.6183,1
A123P,0.0011,0
A123N,0.0781,0
A123M,0.0388,0
A123K,0.0056,0
A123I,0.0873,0
A123H,0.0408,0
A123G,0.3383,0
A123E,0.0615,0
A123D,0.0089,0
A123L,0.0333,0
A124Q,0.0106,0
A124P,0.0008,0
A124S,0.8859,1
A124R,0.0009,0
A124V,0.4969,1
A124Y,0.0008,0
A124M,0.4357,1
A124T,0.9099,1
A124L,0.0554,0
A124N,0.0606,0
A124I,0.1225,0
A124K,0.0009,0
A124D,0.0017,0
A124E,0.002,0
A124F,0.0008,0
A124C,0.4545,1
A124G,0.3835,0
A124H,0.0008,0
I125Y,0.0012,0
I125R,0.0009,0
I125S,0.0348,0
I125T,0.3571,0
I125V,0.9426,1
I125A,0.0748,0
I125W,0.0008,0
I125Q,0.0076,0
I125E,0.0022,0
I125M,0.9039,1
I125P,0.0008,0
I125N,0.036,0
I125L,0.9847,1
I125K,0.0008,0
I125H,0.0333,0
I125G,0.0023,0
I125C,0.6284,1
I125F,0.0094,0
I125D,0.0015,0
T126V,0.7659,1
T126D,0.4411,1
T126Y,0.0771,0
T126E,0.9369,1
T126S,1.0214,1
T126W,0.0777,0
T126R,0.3742,0
T126H,0.2496,0
T126P,0.0119,0
T126N,0.3668,0
T126M,0.6985,1
T126A,0.8216,1
T126C,0.9126,1
T126L,0.5033,1
T126K,0.4006,0
T126I,0.6223,1
T126G,0.9355,1
T126F,0.0422,0
T126Q,0.6429,1
M127L,0.8811,1
M127K,0.5639,1
M127W,1.0607,1
M127H,0.4612,1
M127G,0.3067,0
M127F,0.8932,1
M127E,1.0422,1
M127D,0.4308,1
M127C,0.6194,1
M127A,0.5498,1
M127Q,0.9148,1
M127R,0.6831,1
M127S,0.5821,1
M127T,1.0236,1
M127V,0.9651,1
M127P,0.0035,0
M127Y,0.8754,1
M127I,0.716,1
M127N,0.4823,1
S128Y,0.0008,0
S128I,0.0009,0
S128H,0.0008,0
S128G,0.021,0
S128D,0.0008,0
S128C,0.0008,0
S128A,0.0009,0
S128N,0.001,0
S128Q,0.0008,0
S128K,0.0008,0
S128L,0.0008,0
S128R,0.0009,0
S128T,0.0039,0
S128V,0.0008,0
S128W,0.0008,0
D129I,0.0008,0
D129G,0.001,0
D129F,0.0008,0
D129L,0.0008,0
D129M,0.0008,0
D129E,0.0026,0
D129A,0.0009,0
D129T,0.0008,0
D129H,0.0008,0
D129K,0.0009,0
D129V,0.0008,0
D129S,0.0017,0
D129W,0.0008,0
D129Y,0.0008,0
D129R,0.0008,0
D129Q,0.0008,0
D129P,0.0008,0
D129N,0.0015,0
D129C,0.0017,0
N130P,0.0016,0
N130A,0.0238,0
N130D,0.1374,0
N130E,0.0025,0
N130F,0.0011,0
N130G,0.1248,0
N130H,0.0014,0
N130I,0.0019,0
N130K,0.0009,0
N130V,0.0027,0
N130L,0.0047,0
N130T,0.0322,0
N130Y,0.2255,0
N130S,0.2275,0
N130R,0.0009,0
N130Q,0.1134,0
N130M,0.0018,0
N130W,0.0008,0
N130C,0.1908,0
T131A,0.8161,1
T131P,0.0394,0
T131N,0.0495,0
T131M,0.2289999999999999,0
T131L,0.275,0
T131S,1.0042,1
T131V,0.2161,0
T131W,0.0162,0
T131Y,0.1297,0
T131Q,0.0215,0
T131K,0.0072,0
T131I,0.0047,0
T131R,0.0063,0
T131C,0.5364,1
T131H,0.0727,0
T131D,0.0028,0
T131E,0.0351,0
T131F,0.1908,0
T131G,1.253,1
A132M,0.0008,0
A132G,0.1471,0
A132E,0.0009,0
A132C,0.0224,0
A132P,0.0008,0
A132K,0.0008,0
A132L,0.0008,0
A132S,0.5117,1
A132R,0.0009,0
A132T,0.0063,0
A132V,0.001,0
A133F,0.0048,0
A133D,0.001,0
A133E,0.0012,0
A133G,0.9491,1
A133H,0.0024,0
A133I,0.0011,0
A133L,0.0008,0
A133N,0.006,0
A133Q,0.0008,0
A133R,0.0009,0
A133S,0.7612,1
A133C,0.2229,0
A133P,0.0109,0
A133V,0.018,0
A133T,0.8764,1
N134C,0.0607,0
N134Y,0.0513,0
N134W,0.011,0
N134V,0.0567,0
N134T,0.1349,0
N134S,0.076,0
N134R,0.0745,0
N134Q,0.2103,0
N134P,0.001,0
N134M,0.063,0
N134L,0.0117,0
N134K,0.0883,0
N134I,0.0525,0
N134H,0.0876,0
N134F,0.0443,0
N134E,0.0175,0
N134D,0.2193,0
N134A,0.0586,0
N134G,0.0388,0
L135F,0.3189,0
L135E,0.2453,0
L135D,0.0018,0
L135C,0.3016,0
L135A,0.3203,0
L135Y,0.048,0
L135W,0.0183,0
L135V,0.8117,1
L135T,0.3421,0
L135S,0.0956,0
L135G,0.0098,0
L135Q,0.4237,0
L135P,0.0009,0
L135N,0.0454,0
L135H,0.0634,0
L135M,0.7561,1
L135I,1.1476,1
L135K,0.1823,0
L135R,0.0731,0
L136I,0.705,1
L136H,0.0016,0
L136E,0.0022,0
L136F,0.0011,0
L136D,0.0009,0
L136C,0.0794,0
L136A,0.2537,0
L136K,0.0008,0
L136G,0.008,0
L136M,0.3778,0
L136Y,0.0008,0
L136P,0.0009,0
L136Q,0.0028,0
L136R,0.0011,0
L136S,0.0106,0
L136T,0.0567,0
L136V,0.496,1
L136W,0.0008,0
L136N,0.0024,0
L137H,0.0334,0
L137I,0.7102,1
L137K,0.0038,0
L137M,0.8759999999999999,1
L137N,0.0663,0
L137P,0.0009,0
L137Q,0.1431,0
L137C,0.2761,0
L137E,0.0851,0
L137D,0.0035,0
L137A,0.2892,0
L137Y,0.7083,1
L137W,0.0498,0
L137V,0.556,1
L137F,0.5883,1
L137R,0.0017,0
L137G,0.0722,0
L137T,0.4065,0
L137S,0.2429,0
T138F,0.8515,1
T138H,1.2041,1
T138G,1.0836,1
T138E,1.2653,1
T138D,0.9894,1
T138C,0.9878,1
T138A,1.2777,1
T138L,0.8345,1
T138M,1.0629,1
T138N,1.3158,1
T138I,0.9285,1
T138P,0.2945,0
T138Q,1.3334,1
T138R,1.3384,1
T138K,1.3016,1
T138V,1.3601,1
T138W,0.8515,1
T138Y,0.9933,1
T138S,1.1171,1
T139Y,0.4257,1
T139W,0.3347,0
T139V,0.987,1
T139H,0.7233,1
T139G,0.8515,1
T139F,0.3379,0
T139N,0.7971,1
T139M,0.7848,1
T139K,0.489,1
T139I,1.0928,1
T139E,1.3409,1
T139D,0.8947,1
T139C,0.7256,1
T139P,0.0559,0
T139Q,1.0728,1
T139R,0.8220000000000001,1
T139A,1.2242,1
T139L,0.9253,1
T139S,0.9566,1
I140F,0.32,0
I140G,0.0662,0
I140K,0.0328,0
I140L,0.7794,1
I140M,0.44,1
I140N,0.0783,0
I140P,0.0017,0
I140S,0.2178,0
I140R,0.0153,0
I140Q,0.2809,0
I140E,0.0537,0
I140D,0.0164,0
I140H,0.0527,0
I140A,0.3485,0
I140W,0.0422,0
I140Y,0.5938,1
I140C,0.2809,0
I140T,0.3555,0
I140V,0.6707,1
G141M,0.2581,0
G141F,0.0788,0
G141E,0.3092,0
G141D,0.3706,0
G141C,0.2129,0
G141A,0.2948,0
G141W,0.0283,0
G141Y,0.1564,0
G141T,0.2029,0
G141S,0.2821,0
G141R,0.2379,0
G141Q,0.365,0
G141H,0.4073,0
G141I,0.1277,0
G141K,0.3942,0
G141L,0.0858,0
G141V,0.0905,0
G142Y,0.0073,0
G142W,0.0022,0
G142V,0.0048,0
G142T,0.3467,0
G142S,0.301,0
G142R,0.0523,0
G142P,0.0052,0
G142Q,0.1123,0
G142A,0.0958,0
G142C,0.059,0
G142E,0.2241,0
G142F,0.0042,0
G142D,0.2312,0
G142I,0.0021,0
G142K,0.0565,0
G142L,0.0034,0
G142M,0.0075,0
G142N,0.3117,0
G142H,0.1064,0
P143D,0.0224,0
P143V,0.3658,0
P143T,0.3601,0
P143S,0.3307,0
P143R,0.0576,0
P143Q,0.3158,0
P143E,0.1562,0
P143M,0.0544,0
P143G,0.2738,0
P143H,0.4872,1
P143I,0.1437,0
P143K,0.0402,0
P143L,0.0532,0
P143N,0.0969999999999999,0
P143W,0.0083,0
P143F,0.0465,0
P143Y,0.0278,0
P143C,0.2877,0
P143A,0.3498,0
K144I,1.061,1
K144C,0.9595,1
K144D,1.2041,1
K144E,1.2323,1
K144F,1.0379,1
K144G,1.1802,1
K144H,0.7194,1
K144L,1.0332,1
K144A,1.1964,1
K144M,0.9494,1
K144P,0.8855,1
K144Q,1.0142,1
K144R,1.1529,1
K144S,1.2314,1
K144T,1.0939,1
K144V,0.9461,1
K144W,0.6281,1
K144Y,1.0176,1
K144N,1.1869,1
E145N,1.2598,1
E145P,0.6492,1
E145F,0.8515,1
E145A,1.1671,1
E145G,1.2592,1
E145C,1.0073,1
E145I,0.8372,1
E145Q,0.9539,1
E145R,1.0864,1
E145S,1.0007,1
E145T,0.9306,1
E145V,0.9712,1
E145W,0.6969,1
E145Y,0.7828,1
E145H,1.1116,1
E145M,1.0243,1
E145L,0.6869,1
E145K,1.1546,1
E145D,0.9101,1
L146H,0.0083,0
L146I,0.5692,1
L146Q,0.1023,0
L146R,0.0011,0
L146S,0.0046,0
L146T,0.0789,0
L146V,0.8551,1
L146P,0.0012,0
L146Y,0.281,0
L146W,0.2303,0
L146M,1.092,1
L146K,0.0011,0
L146A,0.3167,0
L146C,0.2105,0
L146D,0.0008,0
L146E,0.005,0
L146F,0.9056,1
L146G,0.0441,0
L146N,0.0071,0
T147C,0.5938,1
T147D,0.5888,1
T147E,0.6081,1
T147F,0.0136,0
T147A,0.4347,1
T147H,0.4257,1
T147Y,0.0555,0
T147W,0.0626,0
T147V,0.9196,1
T147S,0.8901,1
T147R,0.9075,1
T147Q,0.669,1
T147P,0.0466,0
T147G,0.7379,1
T147I,0.4526,1
T147N,0.8697,1
T147K,0.503,1
T147L,0.3604,0
T147M,0.4112,0
A148C,1.0978,1
A148D,1.192,1
A148E,1.1885,1
A148F,0.9086,1
A148G,1.1369,1
A148H,1.0539,1
A148S,1.2195,1
A148R,1.2333,1
A148I,1.0648,1
A148W,0.6758,1
A148V,1.0528,1
A148T,1.1203,1
A148L,1.146,1
A148M,1.7029,1
A148N,1.2125,1
A148P,0.3853,0
A148Q,1.1299,1
A148Y,1.0799,1
A148K,1.1149,1
F149W,1.1689,1
F149C,0.3842,0
F149V,0.7111,1
F149A,0.5604,1
F149Y,0.7499,1
F149N,0.2667,0
F149P,0.0015,0
F149Q,0.4257,1
F149R,0.3642,0
F149T,0.5678,1
F149S,0.3724,0
F149L,0.5598,1
F149K,0.4342,1
F149I,0.7907,1
F149H,0.4434,1
F149G,0.1182,0
F149E,0.3818,0
F149D,0.2414,0
F149M,0.9253,1
L150T,0.6021,1
L150Y,0.4707,1
L150W,0.2816,0
L150S,0.3229,0
L150M,0.8947,1
L150Q,0.1962,0
L150P,0.0019,0
L150N,0.1975,0
L150K,0.0012,0
L150I,1.0431,1
L150H,0.0795,0
L150G,0.174,0
L150F,0.7082,1
L150E,0.0069999999999999,0
L150D,0.0029,0
L150C,0.9553,1
L150A,0.6151,1
L150R,0.0009,0
L150V,0.9927,1
H151L,1.0401,1
H151Q,1.0625,1
H151V,1.0023,1
H151T,0.9096,1
H151S,0.9159,1
H151R,1.1449,1
H151A,1.1587,1
H151C,0.7944,1
H151D,0.7013,1
H151E,0.9401,1
H151F,0.7712,1
H151G,1.0505,1
H151I,0.7339,1
H151K,1.2575,1
H151N,1.0527,1
H151P,0.0529,0
H151Y,1.1075,1
H151W,1.2757,1
N152K,1.0916,1
N152I,0.6863,1
N152L,0.8947,1
N152G,1.118,1
N152F,0.9339,1
N152E,1.2719,1
N152D,1.4025,1
N152C,0.8947,1
N152A,1.1235,1
N152Y,1.221,1
N152H,1.4047,1
N152T,1.1740000000000002,1
N152S,1.1789,1
N152V,0.8313,1
N152Q,1.4419,1
N152P,0.0728,0
N152R,1.2598,1
M153I,1.0677,1
M153H,0.8154,1
M153G,0.4779,1
M153E,0.4598,1
M153D,0.067,0
M153C,1.2367,1
M153Q,0.6453,1
M153K,0.4714,1
M153L,1.1149,1
M153N,0.8272,1
M153P,0.003,0
M153R,0.4297,1
M153A,1.0972,1
M153T,0.9622,1
M153Y,0.4643,1
M153S,1.1265,1
M153V,0.9148,1
M153W,1.2367,1
G154Y,0.1533,0
G154W,0.0547,0
G154V,0.0554,0
G154T,0.1686,0
G154S,0.4729,1
G154R,0.353,0
G154H,0.3226,0
G154E,0.6369,1
G154D,0.5122,1
G154I,0.0129,0
G154A,0.4085,0
G154K,0.4044,0
G154L,0.1449,0
G154M,0.2368,0
G154N,0.4779,1
G154C,0.292,0
G154F,0.0854,0
G154P,0.0939,0
G154Q,0.6407,1
D155R,0.0011,0
D155S,0.0069999999999999,0
D155G,0.0018,0
D155P,0.0019,0
D155A,0.0027,0
D155N,0.245,0
D155M,0.0018,0
D155L,0.0017,0
D155E,0.0729,0
D155C,0.0049,0
D155Q,0.0067,0
D155F,0.0018,0
D155H,0.0019,0
D155I,0.0027,0
D155Y,0.0017,0
D155V,0.002,0
D155T,0.0022,0
H156F,0.8262,1
H156Y,1.1945,1
H156W,0.9339,1
H156V,0.9021,1
H156A,1.2427,1
H156C,1.0814,1
H156D,1.1783,1
H156Q,1.077,1
H156E,0.9557,1
H156R,1.0406,1
H156G,1.2041,1
H156S,0.9285,1
H156I,1.4825,1
H156K,1.2906,1
H156L,0.9285,1
H156M,0.4779,1
H156T,1.0126,1
H156N,1.1482,1
H156P,0.8636,1
V157A,1.0126,1
V157D,1.3516,1
V157E,1.0065,1
V157G,0.7147,1
V157S,0.9401,1
V157R,0.9743,1
V157Q,1.146,1
V157P,0.0107,0
V157L,0.8103,1
V157K,1.7029,1
V157I,0.9852,1
V157N,1.1235,1
T158A,0.2003,0
T158C,0.0315,0
T158L,0.0028,0
T158D,0.002,0
T158E,0.0009,0
T158F,0.3979,0
T158G,0.1665,0
T158H,0.0032,0
T158I,0.0146,0
T158K,0.0009,0
T158Y,0.0023,0
T158M,0.0246,0
T158N,0.0038,0
T158P,0.0012,0
T158Q,0.0029,0
T158R,0.0008,0
T158S,0.9004,1
T158V,0.0722,0
R159W,0.2493,0
R159Y,0.2368,0
R159A,0.2874,0
R159I,0.2809,0
R159D,0.301,0
R159E,0.2619,0
R159G,0.0838,0
R159H,0.9401,1
R159K,1.0483,1
R159C,0.2454,0
R159L,0.2358,0
R159N,0.4136,0
R159P,0.0008,0
R159Q,0.6257,1
R159S,0.5552,1
R159T,0.6758,1
R159V,0.3603,0
R159M,0.4257,1
L160D,0.0176,0
L160C,0.8615,1
L160F,0.7448,1
L160E,0.0077,0
L160A,0.899,1
L160G,0.0657,0
L160R,0.0019,0
L160T,0.7376,1
L160Y,0.0118,0
L160W,0.0067,0
L160V,1.1353,1
L160H,0.3278,0
L160S,0.8837,1
L160P,0.0899,0
L160Q,0.3637,0
L160N,0.4036,0
L160M,0.9737,1
L160K,0.0099,0
L160I,1.0823,1
D161K,0.0225,0
D161I,0.0633,0
D161G,0.0441,0
D161H,0.359,0
D161L,0.031,0
D161E,0.4831,1
D161N,0.5028,1
D161C,0.3245,0
D161A,0.3194,0
D161P,0.0015,0
D161M,0.2038,0
D161F,0.0451,0
D161Y,0.071,0
D161T,0.3367,0
D161Q,0.2349,0
D161S,0.4372,1
D161R,0.0207,0
D161W,0.0211,0
D161V,0.3366,0
R162W,0.0072,0
R162N,0.8869,1
R162P,0.0026,0
R162Q,0.4625,1
R162Y,0.0339,0
R162L,0.1245,0
R162K,0.3720000000000001,0
R162I,0.0062,0
R162H,0.8220000000000001,1
R162M,0.2339999999999999,0
R162F,0.0384,0
R162E,0.2068,0
R162D,0.6257,1
R162V,0.0151,0
R162T,0.466,1
R162S,0.6758,1
R162A,0.3466,0
R162C,0.3356,0
R162G,0.5397,1
W163M,1.0509,1
W163Q,0.5834,1
W163R,0.8535,1
W163S,0.8027,1
W163T,0.8097,1
W163V,1.0202,1
W163Y,0.992,1
W163K,0.8669,1
W163P,0.8073,1
W163I,0.9844,1
W163N,0.8815,1
W163G,0.6598,1
W163H,0.6183,1
W163A,0.7939,1
W163C,0.941,1
W163L,0.9006,1
W163E,0.903,1
W163F,1.2825,1
W163D,0.5127,1
E164D,0.0033,0
E164F,0.0008,0
E164G,0.0008,0
E164H,0.0044,0
E164K,0.0031,0
E164M,0.001,0
E164N,0.0008,0
E164R,0.0017,0
E164S,0.0008,0
E164T,0.0009,0
E164V,0.0009,0
E164Y,0.1223,0
E164P,0.0017,0
E164A,0.0009,0
P165Y,0.1341,0
P165W,0.1312,0
P165S,0.3886,0
P165R,0.3489,0
P165Q,0.3177,0
P165N,0.5203,1
P165M,0.3628,0
P165L,0.5741,1
P165K,0.4177,0
P165I,0.5225,1
P165A,0.4156,0
P165C,0.6213,1
P165D,0.3445,0
P165E,0.3022,0
P165F,0.175,0
P165V,0.6647,1
P165T,0.8407,1
P165H,0.2343,0
P165G,0.2963,0
E166P,0.3118,0
E166N,1.0992,1
E166Y,1.2205,1
E166F,1.1789,1
E166G,0.9624,1
E166H,0.8690000000000001,1
E166I,1.0955,1
E166A,0.9152,1
E166D,1.1948,1
E166C,0.8811,1
E166V,0.9823,1
E166T,0.9012,1
E166S,1.2075,1
E166R,0.9614,1
E166Q,1.0627,1
E166K,1.006,1
E166L,1.1467,1
E166M,1.1334,1
E166W,1.2219,1
L167R,0.0065,0
L167Y,0.0063,0
L167S,0.2893,0
L167Q,0.1005,0
L167K,0.0103,0
L167N,0.3904,0
L167M,0.9481,1
L167I,1.1015,1
L167H,0.0454,0
L167G,0.1412,0
L167F,0.0724,0
L167W,0.0042,0
L167V,1.0675,1
L167P,0.1012,0
L167E,0.0437,0
L167D,0.0298,0
L167C,0.9139,1
L167A,0.4741,1
L167T,0.5177,1
N168S,0.4716,1
N168Q,0.3668,0
N168R,0.0466,0
N168M,0.2441,0
N168L,0.128,0
N168V,0.3056,0
N168W,0.0372,0
N168Y,0.0238,0
N168A,0.4706,1
N168C,0.2807,0
N168D,0.3921,0
N168E,0.0631,0
N168F,0.0248,0
N168G,0.8901,1
N168H,0.1281,0
N168I,0.1543,0
N168K,0.0176,0
N168T,0.371,0
N168P,0.0114,0
E169F,1.0126,1
E169C,0.8745,1
E169Y,0.88,1
E169W,1.1293,1
E169V,0.9212,1
E169T,1.0616,1
E169A,1.1185,1
E169R,0.9053,1
E169Q,1.0225,1
E169P,0.2038,0
E169S,1.1366,1
E169L,1.0598,1
E169K,1.0391,1
E169I,0.8515,1
E169H,0.9101,1
E169G,1.1076,1
E169D,1.0225,1
E169N,0.9052,1
A170N,0.6835,1
A170Y,0.9671,1
A170W,0.9196,1
A170T,0.531,1
A170S,1.0683,1
A170R,0.5635,1
A170Q,0.3787,0
A170P,0.5467,1
A170M,0.4257,1
A170V,1.1301,1
A170K,0.2806,0
A170E,0.3259,0
A170D,0.4439,1
A170C,1.0616,1
A170L,0.514,1
A170G,1.0786,1
A170H,0.6641,1
A170I,0.6241,1
A170F,0.9036,1
I171N,1.5477,1
I171L,1.2245,1
I171K,1.1587,1
I171P,0.5544,1
I171G,1.1557,1
I171F,1.0523,1
I171Q,1.3516,1
I171R,1.1249,1
I171M,1.2427,1
I171D,1.0505,1
I171E,1.3613,1
I171Y,1.1184,1
I171W,1.1824,1
I171V,1.2263,1
I171H,1.3516,1
I171S,1.1157,1
I171A,1.3115,1
I171C,1.1306,1
I171T,1.1546,1
P172A,1.1072,1
P172C,0.8357,1
P172D,1.0491,1
P172E,1.0444,1
P172F,0.619,1
P172G,0.7904,1
P172H,0.8323,1
P172K,0.8515,1
P172L,0.9915,1
P172M,0.9457,1
P172Q,0.9533,1
P172R,0.9187,1
P172S,0.9616,1
P172T,0.9951,1
P172I,0.9455,1
P172N,0.7345,1
P172V,0.9798,1
P172Y,0.9096,1
P172W,0.6604,1
N173T,1.0093,1
N173M,1.432,1
N173L,1.2276,1
N173K,1.101,1
N173I,0.6435,1
N173H,0.939,1
N173G,1.1599,1
N173F,1.0685,1
N173E,1.1603,1
N173D,1.1974,1
N173C,1.135,1
N173S,1.084,1
N173P,0.4119,0
N173Q,1.2161,1
N173A,1.1306,1
N173R,1.146,1
N173V,0.7925,1
N173W,1.2984,1
N173Y,0.9548,1
D174A,0.1412,0
D174C,0.3003,0
D174E,0.4636,1
D174F,0.0293,0
D174G,0.2149,0
D174H,0.074,0
D174P,0.0685,0
D174Y,0.035,0
D174W,0.0162,0
D174N,0.2814,0
D174T,0.1555,0
D174S,0.3489,0
D174M,0.088,0
D174L,0.0587,0
D174K,0.0264,0
D174I,0.046,0
D174Q,0.2822,0
D174R,0.0374,0
D174V,0.0777,0
E175V,1.2064,1
E175T,1.178,1
E175S,0.9951,1
E175R,0.994,1
E175W,1.0663,1
E175Y,1.0747,1
E175P,1.2066,1
E175K,0.9992,1
E175L,1.109,1
E175M,1.1992,1
E175A,1.1467,1
E175N,1.0539,1
E175D,1.1406,1
E175F,0.9413,1
E175G,0.7901,1
E175Q,1.1471,1
E175C,0.9878,1
E175I,1.1308,1
E175H,1.1392,1
R176Q,1.0259,1
R176Y,0.4257,1
R176W,0.4105,0
R176V,0.2556,0
R176T,0.3607,0
R176S,0.5871,1
R176P,0.0531,0
R176N,0.5521,1
R176M,0.8515,1
R176L,0.4564,1
R176I,0.2313,0
R176H,0.7173,1
R176G,0.3437,0
R176F,0.5765,1
R176E,0.3993,0
R176D,0.2876,0
R176C,0.5912,1
R176A,0.5329,1
R176K,1.1747,1
D177G,0.0334,0
D177E,0.005,0
D177F,0.0029,0
D177H,0.0028,0
D177L,0.0018,0
D177K,0.0016,0
D177M,0.0019,0
D177C,0.0389,0
D177N,0.1001,0
D177I,0.0027,0
D177A,0.0058,0
D177Y,0.0031,0
D177Q,0.0024,0
D177R,0.0018,0
D177S,0.008,0
D177T,0.0021,0
D177V,0.0024,0
D177W,0.0023,0
D177P,0.0017,0
T178A,0.149,0
T178D,0.0072,0
T178W,0.0018,0
T178C,0.3702,0
T178E,0.0069,0
T178Y,0.0084,0
T178G,0.037,0
T178F,0.0069999999999999,0
T178V,0.1513,0
T178S,0.9384,1
T178Q,0.0382,0
T178P,0.0013,0
T178N,0.0245,0
T178R,0.0064,0
T178L,0.009,0
T178K,0.0072,0
T178I,0.0515,0
T178H,0.0063,0
T178M,0.0394,0
T179I,0.0038,0
T179C,0.1842,0
T179D,0.0009,0
T179E,0.0009,0
T179F,0.0008,0
T179A,0.0354,0
T179G,0.0025,0
T179H,0.0009,0
T179K,0.0009,0
T179R,0.0009,0
T179M,0.0029,0
T179N,0.0009,0
T179P,0.001,0
T179Q,0.0008,0
T179S,0.6634,1
T179V,0.0145,0
T179W,0.0008,0
T179Y,0.0008,0
T179L,0.0018,0
M180W,0.8869,1
M180Y,1.118,1
M180V,1.1139,1
M180Q,1.2906,1
M180S,1.273,1
M180A,1.107,1
M180C,1.1733,1
M180D,0.8320000000000001,1
M180E,1.2561,1
M180F,0.9196,1
M180G,0.9082,1
M180H,1.1159,1
M180I,0.9757,1
M180L,0.6683,1
M180N,1.0379,1
M180K,1.1599,1
M180T,1.2257,1
M180R,0.9777,1
M180P,0.0268,0
P181T,0.1851,0
P181V,0.4318,1
P181W,0.0008,0
P181F,0.0008,0
P181R,0.0009,0
P181G,0.0567,0
P181M,0.0084,0
P181L,0.0375,0
P181K,0.0009,0
P181I,0.0682,0
P181S,0.1239,0
P181H,0.0015,0
P181N,0.0021,0
P181Q,0.0008,0
P181Y,0.0008,0
P181D,0.0009,0
P181A,0.3842,0
P181C,0.5181,1
P181E,0.0011,0
A182Q,0.9021,1
A182D,0.7441,1
A182E,0.7931,1
A182W,1.0483,1
A182Y,1.1876,1
A182F,1.2575,1
A182M,1.7029,1
A182G,1.0714,1
A182V,1.2821,1
A182T,1.0126,1
A182S,1.0619,1
A182C,1.045,1
A182P,0.3182,0
A182N,0.6841,1
A182K,1.1772,1
A182H,0.9613,1
A182I,1.3022,1
A182L,1.4096,1
A182R,1.1902,1
A183P,0.4147,0
A183N,0.721,1
A183M,0.7747,1
A183L,0.3598,0
A183C,0.5131,1
A183W,0.489,1
A183R,0.6147,1
A183S,0.9268,1
A183T,0.9912,1
A183V,1.0154,1
A183Y,0.7324,1
A183K,0.5113,1
A183I,0.7603,1
A183G,0.4429,1
A183F,0.4939,1
A183E,0.9118,1
A183D,0.3848,0
A183Q,1.0126,1
A183H,0.9424,1
M184H,0.0109,0
M184W,0.0017,0
M184C,0.3206,0
M184A,0.3662,0
M184D,0.0008,0
M184Y,0.6985,1
M184F,0.6453,1
M184G,0.0051,0
M184I,1.1879,1
M184K,0.0027,0
M184E,0.0021,0
M184N,0.0046,0
M184P,0.0008,0
M184Q,0.0895,0
M184V,0.6242,1
M184R,0.0011,0
M184S,0.0285,0
M184T,0.038,0
M184L,0.4196,0
A185Y,0.0008,0
A185V,0.3095,0
A185T,0.0473,0
A185S,0.518,1
A185R,0.0008,0
A185N,0.0015,0
A185P,0.001,0
A185L,0.0058,0
A185K,0.0008,0
A185I,0.0379,0
A185G,1.14,1
A185C,0.3803,0
A185Q,0.0015,0
A185E,0.0009,0
A185D,0.0009,0
T186I,1.2083,1
T186Y,1.0823,1
T186W,1.7029,1
T186V,1.1948,1
T186S,1.095,1
T186R,1.1641,1
T186Q,1.1138,1
T186P,0.5076,1
T186N,1.0823,1
T186M,1.419,1
T186K,1.0255,1
T186H,1.1156,1
T186G,1.1471,1
T186F,1.3006,1
T186E,1.4539,1
T186D,1.1106,1
T186C,1.7029,1
T186A,1.1548,1
T186L,1.2253,1
T187C,0.6249,1
T187A,0.5879,1
T187D,1.0126,1
T187H,0.2076,0
T187S,0.9626,1
T187Y,0.0285,0
T187W,0.0598,0
T187V,0.512,1
T187R,0.0044,0
T187Q,0.2106,0
T187P,0.0012,0
T187N,0.9044,1
T187M,0.5417,1
T187L,0.4799,1
T187K,0.0029,0
T187I,0.4885,1
T187G,0.5044,1
T187E,0.0535,0
T187F,0.3259,0
L188D,0.0013,0
L188Y,0.4738,1
L188W,0.0643,0
L188V,0.9985,1
L188E,0.0031,0
L188T,0.7054,1
L188S,0.2814,0
L188H,0.0529,0
L188G,0.0685,0
L188Q,0.0262,0
L188P,0.0009,0
L188N,0.0167,0
L188M,0.9369,1
L188K,0.0015,0
L188I,1.0006,1
L188R,0.0009,0
L188C,0.6188,1
L188F,1.0793,1
L188A,0.4428,1
R189F,0.9948,1
R189A,1.0914,1
R189Y,1.2343,1
R189W,1.0286,1
R189V,0.6204,1
R189T,0.7688,1
R189S,1.0892,1
R189Q,1.1971,1
R189P,0.0086,0
R189N,0.8963,1
R189L,0.7611,1
R189K,1.1498,1
R189I,0.4043,0
R189H,1.0823,1
R189G,0.9352,1
R189E,0.6903,1
R189C,0.9667,1
R189M,0.8193,1
R189D,0.5316,1
K190N,1.1657,1
K190D,1.6161,1
K190P,0.0411,0
K190Q,0.9696,1
K190R,1.1445,1
K190S,1.1149,1
K190T,1.1708,1
K190V,0.9633,1
K190L,0.792,1
K190W,0.6183,1
K190I,0.6345,1
K190H,1.0539,1
K190G,1.0799,1
K190F,0.4966,1
K190E,1.207,1
K190A,1.0243,1
K190Y,1.0087,1
K190C,0.7712,1
L191A,0.2813,0
L191F,0.9224,1
L191Y,0.3682,0
L191W,0.16,0
L191V,0.6244,1
L191T,0.2648,0
L191S,0.0526,0
L191R,0.0013,0
L191P,0.0008,0
L191Q,0.0921,0
L191M,1.135,1
L191K,0.0023,0
L191I,0.8253,1
L191H,0.1211,0
L191G,0.0051,0
L191C,0.4087,0
L191D,0.0014,0
L191N,0.0194,0
L191E,0.0261,0
L192E,0.0082,0
L192A,0.3113,0
L192C,0.5021,1
L192D,0.0017,0
L192Y,0.4257,1
L192F,1.0014,1
L192W,0.4473,1
L192V,0.8441,1
L192T,0.4372,1
L192S,0.1355,0
L192R,0.0017,0
L192Q,0.0774,0
L192N,0.0147,0
L192M,1.2367,1
L192K,0.0036,0
L192I,1.2801,1
L192H,0.0747,0
L192G,0.0183,0
T193Y,1.3758,1
T193K,1.4598,1
T193W,0.8515,1
T193V,1.3758,1
T193S,1.2953,1
T193R,1.2439,1
T193P,0.0024,0
T193N,1.2628,1
T193A,1.3516,1
T193D,0.6709,1
T193E,1.1235,1
T193F,0.9021,1
T193M,1.1668,1
T193H,1.146,1
T193I,1.1063,1
T193L,0.9605,1
T193G,1.2446,1
G194Q,1.0126,1
G194W,0.4643,1
G194A,0.8740000000000001,1
G194Y,0.4684,1
G194D,1.0328,1
G194E,0.9743,1
G194F,0.6326,1
G194I,0.2239,0
G194K,0.7048,1
G194L,0.5985,1
G194C,0.8749,1
G194N,0.8515,1
G194P,0.8787,1
G194R,0.6848,1
G194S,1.189,1
G194T,1.3065,1
G194V,0.41,0
G194M,0.4779,1
E195V,0.5364,1
E195T,0.9781,1
E195S,1.0126,1
E195R,0.9401,1
E195Q,1.0648,1
E195N,1.2041,1
E195H,1.1766,1
E195K,0.8764,1
E195I,0.0463,0
E195G,1.1149,1
E195D,1.0836,1
E195A,0.3206,0
E195Y,0.4415,1
E195L,0.068,0
E195W,0.2739,0
E195C,0.5618,1
L196N,1.7029,1
L196W,1.1135,1
L196V,1.1083,1
L196T,1.3253,1
L196S,1.2501,1
L196R,1.3258,1
L196Q,1.4825,1
L196P,1.0236,1
L196M,1.0775,1
L196K,1.5616,1
L196I,1.3295,1
L196H,1.3516,1
L196G,1.0034,1
L196F,1.0728,1
L196E,1.2149,1
L196D,0.8815,1
L196Y,1.4212,1
L196C,1.1235,1
L196A,1.2394,1
L197D,0.0347,0
L197Y,0.1535,0
L197W,0.0381,0
L197V,0.2356,0
L197T,0.1297,0
L197S,0.1416,0
L197R,0.1689999999999999,0
L197Q,0.1911,0
L197P,0.0505,0
L197M,0.6618,1
L197K,0.2789999999999999,0
L197I,0.4996,1
L197H,0.1912,0
L197G,0.0692,0
L197F,0.2975,0
L197E,0.0716,0
L197C,0.1484,0
L197A,0.0972,0
L197N,0.1365,0
T198M,0.7506,1
T198Y,0.3747,0
T198W,0.0689,0
T198N,1.0199,1
T198K,1.0467,1
T198I,0.314,0
T198H,0.9557,1
T198G,0.9203,1
T198F,0.3628,0
T198V,0.4345,1
T198S,1.0749,1
T198R,0.6164,1
T198Q,0.9229,1
T198A,0.9037,1
T198C,0.7985,1
T198D,0.8412,1
T198E,0.9339,1
T198P,0.3766,0
T198L,0.7538,1
L199T,0.9171,1
L199S,0.9021,1
L199V,1.3943,1
L199A,0.9781,1
L199C,1.4096,1
L199F,0.9068,1
L199G,1.4598,1
L199H,1.0126,1
L199I,1.5424,1
L199K,0.9196,1
L199Q,1.146,1
L199E,1.2514,1
L199P,1.311,1
L199R,0.9537,1
L199N,1.2041,1
A200I,0.888,1
A200D,1.2776,1
A200E,1.1587,1
A200F,0.5862,1
A200G,1.1438,1
A200H,1.3419,1
A200R,1.0887,1
A200S,1.2009999999999998,1
A200T,0.9894,1
A200V,0.8837,1
A200W,0.4153,0
A200Y,0.9369,1
A200P,1.0416,1
A200N,1.3389,1
A200Q,1.1979,1
A200K,1.0202,1
A200L,0.7308,1
A200C,1.0949,1
A200M,0.8671,1
S201Q,0.2434,0
S201C,0.4071,0
S201D,0.0177,0
S201E,0.0074,0
S201F,0.0948,0
S201R,0.3321,0
S201G,0.7822,1
S201I,0.0245,0
S201K,0.3942,0
S201L,0.2758,0
S201N,0.6587,1
S201T,0.4863,1
S201V,0.0607,0
S201W,0.0376,0
S201Y,0.1749,0
S201P,0.0364,0
S201H,1.2719,1
S201A,0.777,1
R202V,0.5922,1
R202W,0.043,0
R202E,0.7219,1
R202I,0.3904,0
R202H,0.4643,1
R202G,0.4338,1
R202F,0.0297,0
R202M,0.3492,0
R202D,0.0221,0
R202C,0.6021,1
R202A,0.7501,1
R202Y,0.1641,0
R202P,0.0026,0
R202Q,1.3168,1
R202S,1.0419,1
R202T,1.2041,1
R202L,0.1354,0
R202K,1.4249,1
R202N,0.2779,0
Q203W,0.3972,0
Q203D,0.8994,1
Q203Y,0.6758,1
Q203C,0.0144,0
Q203V,1.0889,1
Q203T,1.1168,1
Q203P,0.0077,0
Q203R,1.1785,1
Q203A,0.9753,1
Q203E,1.2514,1
Q203S,1.0379,1
Q203G,1.0505,1
Q203H,1.1798,1
Q203F,0.519,1
Q203K,1.1381,1
Q203L,0.9557,1
Q203M,1.1824,1
Q203N,1.0728,1
Q203I,0.9142,1
Q204H,0.8934,1
Q204A,1.0065,1
Q204C,1.146,1
Q204D,0.5594,1
Q204E,1.1757,1
Q204F,0.3942,0
Q204G,0.1436,0
Q204I,0.8515,1
Q204W,0.3379,0
Q204L,1.1689,1
Q204K,0.8037,1
Q204V,0.8997,1
Q204T,1.1149,1
Q204S,0.9401,1
Q204Y,0.7048,1
Q204P,0.0155,0
Q204N,1.1116,1
Q204M,1.2041,1
Q204R,0.7931,1
L205Y,0.0067,0
L205R,0.0009,0
L205S,0.003,0
L205T,0.0223,0
L205V,0.2723,0
L205W,0.0376,0
L205A,0.0314,0
L205G,0.001,0
L205D,0.0008,0
L205E,0.0103,0
L205F,0.1911,0
L205H,0.0015,0
L205I,0.7555,1
L205K,0.0008,0
L205N,0.0018,0
L205C,0.0384,0
L205Q,0.0104,0
I206W,1.0728,1
I206A,1.1327,1
I206T,1.0644,1
I206S,1.0107,1
I206R,0.9781,1
I206Q,0.9781,1
I206Y,1.2367,1
I206V,1.1321,1
I206N,0.4996,1
I206P,0.0022,0
I206L,1.2197,1
I206M,1.1716,1
I206D,0.0505,0
I206E,0.7033,1
I206F,1.0875,1
I206C,1.0379,1
I206H,0.5521,1
I206K,0.9821,1
I206G,0.6508,1
D207P,0.0087,0
D207W,0.9401,1
D207V,0.9196,1
D207T,1.0552,1
D207S,1.2801,1
D207R,0.9863,1
D207Q,1.0728,1
D207Y,1.1644,1
D207N,0.9285,1
D207A,1.3052,1
D207M,0.8892,1
D207L,0.9643,1
D207K,0.9781,1
D207I,0.8343,1
D207H,0.7233,1
D207G,1.1387,1
D207F,0.7763,1
D207C,0.821,1
D207E,1.1668,1
W208K,0.0019,0
W208M,0.4801,1
W208N,0.0366,0
W208C,0.0406,0
W208P,0.0012,0
W208L,0.2606,0
W208I,0.0353,0
W208A,0.0365,0
W208Q,0.0339,0
W208Y,0.237,0
W208T,0.0301,0
W208V,0.0108,0
W208D,0.217,0
W208E,0.0441,0
W208F,0.3506,0
W208G,0.0048,0
W208H,0.0353,0
W208S,0.0258,0
W208R,0.003,0
M209V,0.0038,0
M209Y,0.0014,0
M209W,0.0247,0
M209T,0.0151,0
M209R,0.0008,0
M209Q,0.0147,0
M209N,0.0013,0
M209L,0.4988,1
M209K,0.0013,0
M209I,0.0097,0
M209G,0.0214,0
M209E,0.0015,0
M209C,0.32,0
M209A,0.0439,0
M209S,0.0094,0
M209F,0.0274,0
E210D,0.6587,1
E210V,1.1766,1
E210F,0.8515,1
E210G,0.7324,1
E210H,0.8515,1
E210I,1.2197,1
E210K,0.8963,1
E210L,0.519,1
E210Y,0.8515,1
E210M,0.8515,1
E210P,0.0012,0
E210Q,1.0126,1
E210R,0.8515,1
E210A,0.8515,1
E210T,0.8320000000000001,1
E210C,0.9781,1
E210N,0.8338,1
E210S,0.7526,1
A211T,0.7951,1
A211W,0.5063,1
A211C,1.0889,1
A211D,1.6033,1
A211Y,0.4612,1
A211F,0.6379,1
A211G,1.0491,1
A211H,1.1235,1
A211I,0.3039,0
A211K,0.9967,1
A211L,1.0262,1
A211E,1.1366,1
A211N,1.1235,1
A211P,0.0741,0
A211Q,1.1824,1
A211R,1.1587,1
A211S,1.077,1
A211V,0.5141,1
A211M,0.8515,1
D212H,0.1478,0
D212I,0.019,0
D212K,0.1117,0
D212L,0.0095,0
D212M,0.0224,0
D212N,0.4125,0
D212S,0.3501,0
D212Q,0.4189,0
D212R,0.1052,0
D212T,0.2798,0
D212V,0.0605,0
D212Y,0.0364,0
D212W,0.0139999999999999,0
D212P,0.1119999999999999,0
D212F,0.015,0
D212G,0.3579,0
D212A,0.1145,0
D212C,0.1096,0
D212E,0.0801,0
K213I,0.8955,1
K213H,0.9781,1
K213L,1.0595,1
K213M,1.1235,1
K213N,0.9155,1
K213P,0.093,0
K213Y,0.7029,1
K213W,0.3251,0
K213A,1.4482,1
K213T,0.7256,1
K213S,0.9311,1
K213R,1.0887,1
K213Q,1.1543,1
K213C,0.9584,1
K213D,0.0206,0
K213E,0.6654,1
K213F,0.7621,1
K213G,0.4692,1
K213V,0.8969,1
V214E,0.1279,0
V214I,0.4036,0
V214H,0.3247,0
V214G,0.2559,0
V214F,0.2197,0
V214Y,0.1794,0
V214N,0.4314,1
V214T,0.7207,1
V214S,0.4277,1
V214R,0.3628,0
V214Q,0.3805,0
V214P,0.1423,0
V214L,0.4034,0
V214K,0.5364,1
V214C,0.2733,0
V214D,0.0126,0
V214A,0.5223,1
V214W,0.1652,0
A215C,0.0772,0
A215D,0.0115,0
A215E,0.1171,0
A215V,0.0649,0
A215G,0.652,1
A215H,0.1169999999999999,0
A215I,0.0379,0
A215K,0.1295,0
A215L,0.0202,0
A215M,0.0412,0
A215N,0.1296,0
A215P,0.1612,0
A215Q,0.1332,0
A215R,0.1062,0
A215S,0.6604,1
A215T,0.3304,0
A215W,0.0166,0
A215Y,0.0704,0
A215F,0.0352,0
G216W,0.5749,1
G216Y,0.495,1
G216T,0.7712,1
G216V,0.373,0
G216S,0.6686,1
G216R,0.4551,1
G216Q,1.0728,1
G216P,0.132,0
G216M,0.8272,1
G216L,0.5095,1
G216I,0.3336,0
G216H,0.5011,1
G216E,0.3926,0
G216D,0.531,1
G216C,0.57,1
G216A,0.8823,1
P217A,1.1595,1
P217C,0.4206,0
P217Y,0.4468,1
P217E,0.8232,1
P217W,0.2281,0
P217D,1.0065,1
P217V,0.7206,1
P217S,0.8394,1
P217R,0.7127,1
P217Q,1.0322,1
P217N,0.9068,1
P217M,1.1587,1
P217T,0.866,1
P217K,1.1725,1
P217I,0.3283,0
P217H,0.8124,1
P217G,0.7233,1
P217F,0.4257,1
P217L,0.6,1
L218S,0.0291,0
L218R,0.0131,0
L218P,0.0458,0
L218N,0.0357,0
L218M,0.8378,1
L218K,0.0116,0
L218W,0.0124,0
L218H,0.0283,0
L218Q,0.0316,0
L218F,0.061,0
L218T,0.0583,0
L218G,0.0665,0
L218Y,0.0212,0
L218V,0.0911,0
L218I,0.2105,0
L218A,0.0564,0
L218C,0.1964,0
L218E,0.0137,0
L218D,0.0383,0
L219I,1.1706,1
L219K,0.0593,0
L219M,0.6438,1
L219N,0.0463,0
L219P,0.0999,0
L219Q,0.0495,0
L219R,0.0415,0
L219S,0.0493,0
L219T,0.0376,0
L219V,0.7689,1
L219Y,0.0242,0
L219F,0.6626,1
L219E,0.0458,0
L219D,0.0694,0
L219C,0.0677,0
L219A,0.0468,0
L219W,0.0626,0
L219G,0.0214,0
L219H,0.0392,0
R220A,0.0873,0
R220Y,0.0177,0
R220W,0.0193,0
R220V,0.0495,0
R220T,0.0413,0
R220S,0.0697,0
R220P,0.0174,0
R220N,0.0366,0
R220M,0.0308,0
R220Q,0.1156,0
R220K,0.2408,0
R220L,0.0316,0
R220D,0.0248,0
R220E,0.0261,0
R220F,0.0356,0
R220C,0.035,0
R220H,0.0576,0
R220I,0.0263,0
R220G,0.0567,0
S221M,0.9126,1
S221V,0.9198,1
S221T,1.0725,1
S221R,1.0458,1
S221Q,1.0322,1
S221P,0.6832,1
S221N,0.9455,1
S221A,1.0294,1
S221C,0.8715,1
S221K,1.0947,1
S221I,0.8711,1
S221H,0.9593,1
S221G,0.7366,1
S221F,0.6387,1
S221E,0.8156,1
S221D,0.6626,1
S221Y,0.779,1
S221L,0.7467,1
S221W,0.5912,1
A222M,0.9622,1
A222V,1.0909,1
A222C,1.2701,1
A222D,0.6125,1
A222E,1.0871,1
A222F,0.5111,1
A222G,0.9148,1
A222H,0.84,1
A222W,0.315,0
A222I,1.0978,1
A222L,0.411,0
A222P,0.8122,1
A222Q,1.1725,1
A222R,1.2642,1
A222S,1.1487,1
A222T,1.1241,1
A222K,1.2323,1
A222Y,0.7009,1
A222N,1.1235,1
L223V,1.0490000000000002,1
L223T,1.092,1
L223I,0.9379,1
L223A,0.7589,1
L223C,1.1002,1
L223D,0.0048,0
L223E,0.0131,0
L223F,0.1718,0
L223H,0.0325,0
L223G,0.0425,0
L223M,0.9226,1
L223Y,0.0289999999999999,0
L223N,0.043,0
L223P,0.0186,0
L223Q,0.162,0
L223R,0.1973,0
L223S,0.3526,0
L223K,0.3624,0
L223W,0.04,0
P224C,0.1247,0
P224F,0.0392,0
P224E,0.2955,0
P224D,0.3135,0
P224I,0.0377,0
P224G,0.3787,0
P224K,0.3757,0
P224L,0.0684,0
P224N,0.2436,0
P224Q,0.2687,0
P224R,0.2585,0
P224S,0.2806,0
P224T,0.3189,0
P224V,0.0493,0
P224W,0.0254,0
P224Y,0.0622,0
P224H,0.2788,0
P224A,0.1788,0
P224M,0.0549,0
A225I,1.0775,1
A225V,1.1121,1
A225K,1.2041,1
A225Y,1.0539,1
A225T,1.1615,1
A225Q,1.3164,1
A225R,1.0132,1
A225H,1.1531,1
A225S,1.1013,1
A225F,0.8320000000000001,1
A225E,1.1494,1
A225D,1.1389,1
A225C,1.0686,1
A225L,1.0077,1
A225M,1.4825,1
A225G,1.1118,1
A225N,1.2201,1
A225P,1.2381,1
G226F,0.3216,0
G226M,0.3684,0
G226L,0.1693,0
G226K,0.8363,1
G226I,0.0333,0
G226H,0.8981,1
G226E,0.7559999999999999,1
G226D,0.8707,1
G226C,0.6742,1
G226A,0.6758,1
G226Q,0.5967,1
G226R,0.7726,1
G226S,0.9218,1
G226T,0.9696,1
G226V,0.0519,0
G226W,0.241,0
G226Y,0.3807,0
G226N,1.0056,1
G226P,0.3533,0
W227K,0.0009,0
W227G,0.0082,0
W227A,0.0205,0
W227C,0.0092,0
W227D,0.0012,0
W227E,0.0015,0
W227F,0.5364,1
W227L,0.0025,0
W227M,0.0391,0
W227I,0.0063,0
W227P,0.0008,0
W227Q,0.0015,0
W227R,0.0014,0
W227S,0.0123,0
W227T,0.0087,0
W227V,0.0084,0
W227Y,0.3918,0
W227H,0.0116,0
W227N,0.0017,0
F228Q,0.2595,0
F228P,0.0017,0
F228N,0.248,0
F228M,0.8515,1
F228L,0.3269,0
F228K,0.4563,1
F228E,0.0977,0
F228G,0.1607,0
F228R,0.3989999999999999,0
F228D,0.0238,0
F228C,0.4049,0
F228A,0.5814,1
F228H,0.3417,0
F228S,0.3971,0
F228I,0.461,1
F228V,0.4012,0
F228Y,1.0955,1
F228T,0.4435,1
F228W,0.1471,0
I229P,0.0008,0
I229N,0.0134,0
I229M,0.5083,1
I229L,0.4123,0
I229K,0.0071,0
I229W,0.0129,0
I229G,0.0071,0
I229F,0.0484,0
I229E,0.0055,0
I229D,0.0038,0
I229C,0.8357,1
I229A,0.1483,0
I229H,0.0098,0
I229Y,0.0534,0
I229T,0.0227,0
I229Q,0.0084,0
I229R,0.0046,0
I229S,0.021,0
I229V,0.7562,1
A230L,0.1416,0
A230K,0.0015,0
A230T,0.0091,0
A230V,0.2593,0
A230W,0.0426,0
A230Y,0.0303,0
A230M,0.376,0
A230P,0.0009,0
A230S,0.3189,0
A230C,1.1587,1
A230D,0.0009,0
A230E,0.0016,0
A230F,0.0163,0
A230G,0.9669,1
A230H,0.0025,0
A230R,0.005,0
A230N,0.0018,0
A230Q,0.0057,0
A230I,0.3586,0
D231T,0.0845,0
D231C,0.084,0
D231Y,0.0663,0
D231W,0.0315,0
D231V,0.0702,0
D231S,0.1294,0
D231A,0.2796,0
D231Q,0.2168,0
D231P,0.0622,0
D231N,0.1553,0
D231R,0.0402,0
D231L,0.0673,0
D231K,0.0594,0
D231I,0.0748,0
D231H,0.1005,0
D231G,0.0957,0
D231F,0.048,0
D231E,0.0947,0
D231M,0.0893,0
K232R,0.2754,0
K232S,0.0014,0
K232T,0.0017,0
K232V,0.0014,0
K232W,0.0008,0
K232Y,0.0009,0
K232N,0.0016,0
K232M,0.0008,0
K232C,0.0016,0
K232I,0.0013,0
K232H,0.0009,0
K232G,0.001,0
K232F,0.0008,0
K232E,0.001,0
K232D,0.0011,0
K232Q,0.0009,0
K232A,0.0018,0
K232L,0.0008,0
K232P,0.0008,0
S233F,0.0031,0
S233C,0.0184,0
S233D,0.0008,0
S233E,0.0018,0
S233G,0.7981,1
S233H,0.003,0
S233I,0.0014,0
S233L,0.0059,0
S233N,0.0037,0
S233P,0.1453,0
S233Q,0.0039,0
S233A,0.4786,1
S233K,0.0021,0
S233T,1.1101,1
S233W,0.0092,0
S233Y,0.0046,0
S233V,0.0449,0
S233R,0.0029,0
G234D,0.0008,0
G234E,0.002,0
G234F,0.0023,0
G234I,0.0008,0
G234K,0.0008,0
G234L,0.0022,0
G234M,0.1605,0
G234P,0.0008,0
G234Q,0.003,0
G234R,0.001,0
G234S,0.6094,1
G234T,0.001,0
G234V,0.001,0
G234N,0.0025,0
G234C,0.2816,0
G234Y,0.0049,0
G234A,0.718,1
G234W,0.0008,0
A235C,0.0476,0
A235Y,0.0193,0
A235W,0.0031,0
A235V,0.1683,0
A235T,0.3083,0
A235S,0.5026,1
A235R,0.0178,0
A235Q,0.081,0
A235P,0.0009,0
A235L,0.2342,0
A235K,0.0133,0
A235I,0.0587,0
A235H,0.0139999999999999,0
A235G,0.8759,1
A235F,0.0129,0
A235E,0.0272,0
A235N,0.1541,0
A235D,0.0129,0
G236N,0.3028,0
G236C,0.0418,0
G236Y,0.0031,0
G236V,0.0065,0
G236T,0.1894,0
G236S,0.3938,0
G236R,0.0024,0
G236Q,0.0158,0
G236A,0.703,1
G236P,0.0009,0
G236L,0.0037,0
G236K,0.0023,0
G236I,0.0107,0
G236H,0.0112,0
G236F,0.0048,0
G236E,0.0182,0
G236D,0.1111,0
G236M,0.0095,0
G236W,0.0036,0
E237Q,1.1681,1
E237R,1.0823,1
E237P,1.3401,1
E237F,0.7023,1
E237G,1.2169,1
E237H,0.9285,1
E237I,0.7953,1
E237K,1.0333,1
E237L,1.0709,1
E237A,1.2069,1
E237M,1.4697,1
E237N,1.1888,1
E237Y,0.9878,1
E237W,0.8164,1
E237D,1.0981,1
E237T,0.901,1
E237S,1.2561,1
E237V,0.7762,1
E237C,1.005,1
R238E,0.5033,1
R238F,1.1323,1
R238G,0.9536,1
R238I,0.4649,1
R238Y,1.0495,1
R238W,0.8291,1
R238D,0.3892,0
R238V,0.6646,1
R238S,0.9203,1
R238Q,0.9744,1
R238P,0.6463,1
R238N,1.2481,1
R238M,1.1953,1
R238L,0.8009,1
R238T,0.7472,1
R238C,1.1768,1
R238H,1.1994,1
R238K,1.0301,1
R238A,0.7039,1
G239F,0.0095,0
G239N,0.163,0
G239H,0.0561,0
G239I,0.0015,0
G239K,0.0098,0
G239L,0.0027,0
G239M,0.0101,0
G239P,0.0021,0
G239Q,0.0208,0
G239S,0.1221,0
G239R,0.0099,0
G239V,0.002,0
G239D,0.0125,0
G239C,0.0445,0
G239A,0.0984,0
G239W,0.0033,0
G239E,0.0041,0
G239Y,0.0075,0
G239T,0.013,0
S240H,0.2674,0
S240D,0.1687,0
S240C,0.4854,1
S240A,1.0828,1
S240E,0.5805,1
S240F,0.034,0
S240G,0.9986,1
S240R,0.0078,0
S240M,0.0426,0
S240I,0.0031,0
S240Q,0.3929999999999999,0
S240T,0.3998,0
S240V,0.0126,0
S240W,0.0024,0
S240Y,0.0278,0
S240K,0.0037,0
S240L,0.0102,0
S240N,0.3886,0
S240P,0.0049,0
R241T,0.1605,0
R241S,0.2419,0
R241G,0.1326,0
R241F,0.0181,0
R241P,0.0008,0
R241N,0.0771,0
R241M,0.0613,0
R241L,0.0386,0
R241K,0.2693,0
R241Q,0.0908,0
R241I,0.0339,0
R241H,0.0746,0
R241D,0.0067,0
R241E,0.0296,0
R241W,0.0089,0
R241V,0.0521,0
R241A,0.0647,0
R241C,0.0638,0
R241Y,0.0117,0
G242W,0.0008,0
G242M,0.0146,0
G242K,0.0008,0
G242I,0.0009,0
G242H,0.0096,0
G242F,0.0008,0
G242E,0.0023,0
G242D,0.0015,0
G242Y,0.0009,0
G242V,0.003,0
G242T,0.0103,0
G242S,0.4436,1
G242R,0.001,0
G242Q,0.0071,0
G242P,0.0008,0
G242N,0.0298,0
G242C,0.3132,0
G242A,0.7652,1
G242L,0.0008,0
I243W,0.0951,0
I243A,0.0542,0
I243C,0.484,1
I243D,0.0122,0
I243E,0.0422,0
I243F,0.1981,0
I243G,0.0018,0
I243V,0.8898,1
I243Y,0.2579,0
I243Q,0.0329,0
I243R,0.0008,0
I243S,0.0105,0
I243T,0.0744,0
I243K,0.0009,0
I243L,0.8781,1
I243M,0.3292,0
I243N,0.0101,0
I243P,0.0009,0
I243H,0.0134,0
I244E,0.0026,0
I244D,0.0009,0
I244C,0.6163,1
I244T,0.3728,0
I244F,0.04,0
I244S,0.0385,0
I244A,0.3857,0
I244G,0.0072,0
I244L,0.6335,1
I244K,0.0009,0
I244M,0.5443,1
I244N,0.006,0
I244P,0.0009,0
I244Q,0.0022,0
I244R,0.0009,0
I244Y,0.0069,0
I244W,0.0008,0
I244V,1.0557,1
I244H,0.0017,0
A245V,0.1187,0
A245T,0.1923,0
A245S,0.7633,1
A245R,0.0009,0
A245Q,0.0017,0
A245L,0.0465,0
A245N,0.0018,0
A245I,0.0142,0
A245K,0.0008,0
A245M,0.0931,0
A245W,0.0035,0
A245P,0.0008,0
A245Y,0.0035,0
A245H,0.0008,0
A245G,0.6843,1
A245C,0.8515,1
A245D,0.0009,0
A245E,0.0008,0
A245F,0.0263,0
A246Y,0.9363,1
A246W,0.238,0
A246V,1.0466,1
A246T,0.9324,1
A246S,0.6356,1
A246R,0.0113,0
A246L,1.1712,1
A246P,0.0011,0
A246N,0.2008,0
A246C,0.9804,1
A246D,0.0315,0
A246E,0.283,0
A246F,0.9353,1
A246G,0.2985,0
A246H,0.1064,0
A246I,1.0833,1
A246K,0.0371,0
A246M,1.2691,1
A246Q,0.2205,0
L247C,0.3706,0
L247I,0.9007,1
L247Q,0.0055,0
L247R,0.0016,0
L247K,0.0009,0
L247H,0.0025,0
L247G,0.0021,0
L247F,0.1725,0
L247E,0.0057,0
L247P,0.0014,0
L247T,0.3144,0
L247S,0.0085,0
L247W,0.3512,0
L247Y,0.0415,0
L247A,0.1484,0
L247D,0.001,0
L247V,0.8911,1
L247M,1.2177,1
G248V,0.0018,0
G248W,0.0074,0
G248Y,0.0024,0
G248T,0.0022,0
G248S,0.0375,0
G248R,0.0069999999999999,0
G248Q,0.0035,0
G248P,0.0008,0
G248C,0.009,0
G248D,0.0053,0
G248E,0.0016,0
G248F,0.0033,0
G248H,0.0447,0
G248K,0.0065,0
G248L,0.001,0
G248M,0.0025,0
G248A,0.0344,0
G248N,0.0262,0
P249S,0.5256,1
P249T,0.4693,1
P249V,0.3416,0
P249W,0.0706,0
P249Y,0.1853,0
P249R,0.7181,1
P249I,0.3286,0
P249N,0.5217,1
P249L,0.2623,0
P249M,0.523,1
P249A,0.5435,1
P249C,0.3799,0
P249D,0.44,1
P249E,0.467,1
P249F,0.1316,0
P249G,0.1417,0
P249H,0.3836,0
P249Q,0.6636,1
P249K,1.0598,1
D250S,1.132,1
D250A,1.1019,1
D250F,1.0012,1
D250G,1.0608,1
D250H,1.1798,1
D250I,0.718,1
D250K,1.0878,1
D250M,0.9947,1
D250E,1.1565,1
D250Y,0.938,1
D250V,0.8386,1
D250T,0.8929,1
D250R,1.0796,1
D250Q,1.3969999999999998,1
D250P,0.6145,1
D250N,1.2102,1
D250W,0.8014,1
D250C,0.9901,1
D250L,0.9677,1
G251P,0.4984,1
G251I,0.4122,0
G251H,1.2041,1
G251F,0.5089,1
G251E,0.8622,1
G251D,0.8797,1
G251C,0.7126,1
G251A,0.9738,1
G251M,0.8515,1
G251N,1.2276,1
G251Q,0.8745,1
G251R,0.8466,1
G251S,0.9149,1
G251T,0.8057,1
G251L,0.6735,1
G251W,0.4316,1
G251Y,0.7274,1
G251K,1.1257,1
G251V,0.4114,0
K252Y,0.9856,1
K252T,0.9333,1
K252S,1.047,1
K252R,1.079,1
K252Q,0.9238,1
K252P,0.1658,0
K252A,1.0607,1
K252C,1.01,1
K252E,1.1833,1
K252N,0.9319,1
K252F,0.8332,1
K252G,0.8154,1
K252H,1.1631,1
K252I,0.9539,1
K252M,1.0992,1
K252V,1.1362,1
K252L,0.8098,1
K252D,0.7057,1
K252W,0.7023,1
P253H,0.7944,1
P253I,0.7959999999999999,1
P253A,1.0294,1
P253V,0.6047,1
P253T,0.5161,1
P253S,0.6324,1
P253R,0.5882,1
P253Q,0.541,1
P253N,0.5521,1
P253L,0.7474,1
P253K,0.4713,1
P253G,0.6199,1
P253F,0.7099,1
P253W,0.4056,0
P253Y,0.0385,0
P253E,0.3309,0
P253D,0.4081,0
P253C,0.932,1
S254F,0.5666,1
S254C,1.1766,1
S254A,1.2193,1
S254E,1.0728,1
S254D,1.0356,1
S254W,0.716,1
S254V,0.9599,1
S254T,1.1623,1
S254Y,0.8005,1
S254Q,1.2407,1
S254P,0.3771,0
S254G,1.0358,1
S254N,1.0894,1
S254M,1.1116,1
S254L,0.8239,1
S254K,1.1871,1
S254H,1.1103,1
S254R,0.9298,1
S254I,0.8073,1
R255F,0.0129,0
R255C,0.0487,0
R255D,0.0015,0
R255A,0.0766,0
R255S,0.0467,0
R255E,0.0362,0
R255Q,0.048,0
R255Y,0.009,0
R255N,0.0103,0
R255M,0.2289999999999999,0
R255L,0.2013,0
R255K,0.9493,1
R255I,0.2246,0
R255H,0.2235,0
R255G,0.0124,0
R255W,0.0018,0
R255V,0.3156,0
R255T,0.1352,0
R255P,0.0008,0
I256N,0.0019,0
I256P,0.0008,0
I256Q,0.0022,0
I256G,0.0101,0
I256K,0.001,0
I256H,0.0011,0
I256R,0.0009,0
I256F,0.2274,0
I256E,0.0049,0
I256D,0.0014,0
I256C,0.3303,0
I256A,0.1442,0
I256L,0.9075,1
I256S,0.0041,0
I256M,0.4134,0
I256V,0.8598,1
I256W,0.0029,0
I256Y,0.0339,0
I256T,0.0217,0
V257A,0.2438,0
V257E,0.011,0
V257F,0.1123,0
V257G,0.0025,0
V257I,0.8658,1
V257H,0.0025,0
V257Y,0.1514,0
V257W,0.0092,0
V257T,0.2914,0
V257S,0.0417,0
V257R,0.0009,0
V257C,0.4434,1
V257Q,0.003,0
V257P,0.0008,0
V257N,0.0043,0
V257M,0.1971,0
V257L,0.6674,1
V257K,0.0012,0
V257D,0.0013,0
V258T,0.3483,0
V258S,0.0763,0
V258A,0.6213,1
V258D,0.0028,0
V258F,0.0106,0
V258G,0.1279,0
V258I,0.7944,1
V258N,0.0133,0
V258R,0.0008,0
V258Y,0.0031,0
I259T,0.048,0
I259W,0.0355,0
I259A,0.0525,0
I259C,0.4443,1
I259D,0.0009,0
I259E,0.001,0
I259F,0.4044,0
I259G,0.0022,0
I259H,0.0013,0
I259Y,0.0867,0
I259K,0.0009,0
I259M,0.4479999999999999,1
I259N,0.002,0
I259P,0.0008,0
I259Q,0.0016,0
I259R,0.0009,0
I259S,0.0041,0
I259V,1.0542,1
I259L,0.8349,1
Y260W,0.0116,0
Y260D,0.0009,0
Y260T,0.0549,0
Y260A,0.0113,0
Y260C,0.0496,0
Y260V,0.3555,0
Y260F,1.3889,1
Y260G,0.0011,0
Y260H,0.0032,0
Y260I,0.5262,1
Y260E,0.0011,0
Y260L,0.8565,1
Y260N,0.0021,0
Y260P,0.0008,0
Y260Q,0.0087,0
Y260R,0.0008,0
Y260S,0.0125,0
Y260K,0.0011,0
T261S,0.7534,1
T261V,1.0574,1
T261W,0.0645,0
T261Y,0.301,0
T261R,0.0325,0
T261Q,0.4332,1
T261N,0.0343,0
T261L,0.8515,1
T261K,0.0385,0
T261M,1.3852,1
T261H,0.2748,0
T261G,0.0419,0
T261E,0.2908,0
T261D,0.0025,0
T261A,0.6856,1
T261I,1.0065,1
T262Y,1.6307,1
T262W,0.489,1
T262V,0.4966,1
T262S,0.9139,1
T262R,0.496,1
T262Q,0.005,0
T262P,0.0026,0
T262N,0.7883,1
T262L,0.3706,0
T262K,0.6758,1
T262M,0.721,1
T262H,1.1587,1
T262G,0.1985,0
T262F,0.1505,0
T262E,0.733,1
T262D,0.4415,1
T262C,0.813,1
T262A,0.5375,1
T262I,0.7203,1
G263S,0.5025,1
G263R,0.3607,0
G263Q,0.3670000000000001,0
G263P,0.0931,0
G263M,0.3492,0
G263L,0.2761,0
G263F,0.1111,0
G263I,0.0589,0
G263H,0.3607,0
G263A,0.4653,1
G263D,0.6985,1
G263E,0.3379,0
G263V,0.0878,0
G263K,0.2478,0
G263W,0.1032,0
G263T,0.2129,0
S264W,0.0537,0
S264K,0.2129,0
S264L,0.0685,0
S264M,0.2339999999999999,0
S264N,0.4411,1
S264P,0.0325,0
S264Q,0.2865,0
S264R,0.1286,0
S264T,1.0126,1
S264V,0.1215,0
S264I,0.1164,0
S264G,0.8515,1
S264E,0.0958,0
S264D,0.0978,0
S264C,0.3865,0
S264F,0.0976,0
S264A,0.6183,1
S264Y,0.084,0
Q265G,1.2041,1
Q265F,1.0992,1
Q265E,1.1531,1
Q265A,1.1893,1
Q265H,1.2041,1
Q265K,1.3006,1
Q265C,0.7534,1
Q265Y,0.9499,1
Q265W,0.8515,1
Q265I,1.0514,1
Q265T,1.1301,1
Q265S,1.345,1
Q265V,1.0069,1
Q265P,0.9148,1
Q265N,0.6601,1
Q265M,0.9401,1
Q265L,1.1812,1
Q265R,1.05,1
Q265D,0.9878,1
A266C,1.1206,1
A266D,0.6021,1
A266E,0.9701,1
A266F,0.467,1
A266H,0.7905,1
A266T,0.9572,1
A266Y,0.489,1
A266W,0.3265,0
A266V,0.9966,1
A266S,1.0997,1
A266R,1.052,1
A266P,0.0596,0
A266Q,0.964,1
A266M,1.0906,1
A266L,1.1757,1
A266K,1.0886,1
A266I,0.3241,0
A266G,1.0528,1
A266N,0.9196,1
T267H,0.9171,1
T267K,0.9825,1
T267L,0.7557,1
T267I,0.7053,1
T267G,1.0894,1
T267C,0.8215,1
T267F,0.4038,0
T267E,1.0483,1
T267A,1.0181,1
T267D,1.1396,1
T267P,1.1604,1
T267Q,1.0286,1
T267N,0.9468,1
T267R,0.8787,1
T267S,1.0981,1
T267V,0.6796,1
T267W,0.2205,0
T267Y,0.4452,1
T267M,0.8823,1
M268Y,0.5109,1
M268W,0.6271,1
M268A,0.6459999999999999,1
M268C,0.1744,0
M268D,0.2429,0
M268E,0.3092,0
M268F,0.8997,1
M268G,0.4127,0
M268H,0.5838,1
M268K,0.3328,0
M268L,0.9687,1
M268V,0.6525,1
M268T,0.525,1
M268S,0.4665,1
M268N,0.4389,1
M268R,0.3527,0
M268Q,0.5251,1
M268P,0.4009,0
M268I,0.8431,1
D269F,0.9401,1
D269G,1.0828,1
D269H,1.0379,1
D269I,1.0236,1
D269K,0.9582,1
D269L,1.0003,1
D269M,0.9315,1
D269P,0.7114,1
D269Q,0.9912,1
D269R,0.9086,1
D269S,1.0699,1
D269T,0.9837,1
D269W,0.7412,1
D269Y,1.064,1
D269A,1.1422,1
D269C,0.8874,1
D269E,1.2695,1
D269N,1.0073,1
D269V,1.0375,1
E270Y,0.451,1
E270W,0.4257,1
E270V,0.9801,1
E270T,1.1569,1
E270D,1.2177,1
E270F,0.9401,1
E270G,0.5538,1
E270H,0.7586,1
E270I,0.9557,1
E270K,1.0836,1
E270M,1.064,1
E270N,0.5364,1
E270P,0.0452,0
E270L,0.8426,1
E270R,0.9206,1
E270Q,0.9886,1
E270C,0.9992,1
E270A,0.9886,1
E270S,0.9781,1
R271C,0.5257,1
R271V,0.7995,1
R271W,0.0439,0
R271Y,0.0487,0
R271S,0.7299,1
R271Q,0.8515,1
R271P,0.1669,0
R271L,0.9984,1
R271H,0.3749,0
R271G,0.4514,1
R271F,0.0913,0
R271E,0.2237,0
R271D,0.3379,0
R271T,0.8953,1
R271A,0.8958,1
R271I,0.8815,1
N272C,0.1035,0
N272W,0.0033,0
N272D,0.7013,1
N272R,0.0237,0
N272P,0.0029,0
N272M,0.0309,0
N272V,0.0699,0
N272L,0.0108,0
N272K,0.0148,0
N272Q,0.1505,0
N272H,0.1006,0
N272G,0.2204,0
N272F,0.005,0
N272E,0.2897,0
N272T,0.5017,1
N272S,0.2036,0
N272Y,0.0053,0
N272A,0.1918,0
N272I,0.0383,0
R273Q,0.8515,1
R273L,0.9401,1
R273K,1.432,1
R273I,0.7506,1
R273G,1.1042,1
R273V,0.8515,1
R273D,0.7995,1
R273A,1.0379,1
R273Y,1.0126,1
R273S,0.7925,1
R273E,1.1235,1
R273T,1.0126,1
Q274Y,0.9781,1
Q274T,1.5616,1
Q274W,1.3516,1
Q274S,0.8515,1
Q274L,1.2835,1
Q274I,0.8515,1
Q274P,0.131,0
Q274D,0.1175,0
Q274E,1.0728,1
Q274G,0.6453,1
Q274A,1.0992,1
Q274R,0.8807,1
Q274K,0.9933,1
Q274H,0.9781,1
I275C,0.187,0
I275D,0.0009,0
I275E,0.0015,0
I275F,0.9859,1
I275G,0.0019,0
I275H,0.0044,0
I275K,0.0009,0
I275Y,0.1772,0
I275W,0.0144,0
I275A,0.0107,0
I275T,0.0378,0
I275S,0.0023,0
I275R,0.0008,0
I275Q,0.0026,0
I275P,0.0008,0
I275L,0.7912,1
I275V,0.9507,1
I275M,0.9171,1
I275N,0.0015,0
A276K,0.9401,1
A276Y,0.7995,1
A276V,0.7571,1
A276T,0.8015,1
A276S,1.1491,1
A276R,1.0469,1
A276Q,0.9781,1
A276P,0.0026,0
A276N,0.7006,1
A276L,0.5036,1
A276C,0.8947,1
A276I,0.3909,0
A276H,1.1088,1
A276G,0.7321,1
A276F,0.9557,1
A276E,0.5899,1
A276D,0.2235,0
E277F,0.5262,1
E277D,0.9418,1
E277A,0.9291,1
E277C,0.47,1
E277Y,0.5063,1
E277H,0.5364,1
E277I,0.9821,1
E277K,0.8343,1
E277L,0.9007,1
E277M,0.8037,1
E277W,0.2832,0
E277P,0.0068,0
E277Q,0.8282,1
E277R,1.0126,1
E277S,0.8140000000000001,1
E277T,1.0986,1
E277V,0.8921,1
E277G,0.8299,1
E277N,0.9232,1
I278F,0.0635,0
I278P,0.0008,0
I278R,0.0008,0
I278Q,0.0011,0
I278V,0.6312,1
I278N,0.0008,0
I278M,0.6235,1
I278L,0.7333,1
I278K,0.0009,0
I278H,0.0008,0
I278G,0.0008,0
I278E,0.0009,0
I278D,0.001,0
I278C,0.0518,0
I278A,0.0077,0
I278W,0.0063,0
I278Y,0.0018,0
I278S,0.0013,0
I278T,0.0241,0
G279E,0.0144,0
G279Q,0.0188,0
G279R,0.0022,0
G279Y,0.0401,0
G279W,0.0395,0
G279V,0.1232,0
G279F,0.1553,0
G279N,0.0321,0
G279M,0.1175,0
G279L,0.0927,0
G279K,0.0014,0
G279I,0.1027,0
G279A,0.8671,1
G279C,0.6326,1
G279D,0.0014,0
G279T,0.3958,0
G279S,0.8199,1
A280G,0.9671,1
A280F,0.7412,1
A280E,1.3164,1
A280D,1.146,1
A280K,1.2263,1
A280L,0.9036,1
A280Y,0.7995,1
A280W,0.9021,1
A280V,1.1235,1
A280S,1.1322,1
A280R,1.1001,1
A280Q,1.2289,1
A280P,0.003,0
A280N,1.0728,1
A280M,1.4825,1
A280H,1.0648,1
A280I,1.1798,1
A280C,0.9285,1
A280T,0.915,1
S281D,0.5063,1
S281C,0.9631,1
S281R,1.0379,1
S281F,1.7029,1
S281G,0.4544,1
S281H,1.0728,1
S281I,1.1126,1
S281K,1.1725,1
S281L,0.9589,1
S281M,0.9196,1
S281N,0.9622,1
S281P,0.0391,0
S281T,1.1776,1
S281V,1.2263,1
S281W,0.4257,1
S281Y,1.2041,1
S281E,1.1908,1
S281A,1.2487,1
S281Q,1.0863,1
L282C,0.8581,1
L282G,0.0458,0
L282F,0.489,1
L282E,0.0622,0
L282D,0.0032,0
L282W,0.0062,0
L282V,1.032,1
L282T,0.6526,1
L282S,0.2602,0
L282R,0.002,0
L282Q,0.2738,0
L282P,0.0012,0
L282N,0.0364,0
L282M,1.1042,1
L282K,0.0118,0
L282I,1.0078,1
L282H,0.01,0
L282Y,0.0234,0
L282A,0.5874,1
I283F,0.8603,1
I283G,0.0566,0
I283H,0.1917,0
I283K,0.1755,0
I283L,0.7976,1
I283M,0.8831,1
I283P,0.0126,0
I283Q,0.3495,0
I283R,0.2641,0
I283S,0.327,0
I283T,0.6215,1
I283V,0.9707,1
I283Y,1.2605,1
I283N,0.0374,0
I283W,0.3717,0
I283D,0.003,0
I283C,0.6183,1
I283A,0.5324,1
I283E,0.048,0
K284Y,1.146,1
K284W,0.7477,1
K284V,0.8435,1
K284T,1.1781,1
K284S,1.119,1
K284R,1.1235,1
K284P,0.0279,0
K284N,0.9781,1
K284Q,1.0379,1
K284L,1.0906,1
K284I,0.9068,1
K284H,0.8515,1
K284G,0.8404,1
K284E,1.3026,1
K284D,1.1747,1
K284C,0.7441,1
K284A,1.0823,1
K284M,0.8515,1
H285P,0.0121,0
H285Q,0.8302,1
H285R,0.8881,1
H285Y,1.0126,1
H285T,1.2808,1
H285V,0.6129,1
H285S,0.7822,1
H285N,1.1374,1
H285L,0.6285,1
H285K,0.5934,1
H285I,0.0747,0
H285G,0.581,1
H285F,1.2553,1
H285E,0.8017,1
H285D,0.3974,0
H285C,0.8869,1
H285A,0.6159,1
H285M,0.7065,1
W286Q,0.0415,0
W286R,0.0129,0
W286Y,0.3914,0
W286T,0.0037,0
W286V,0.0057,0
W286P,0.019,0
W286S,0.0045,0
W286N,0.0445,0
W286K,0.0117,0
W286M,0.4087,0
W286L,0.0974,0
W286I,0.1386,0
W286H,0.0769,0
W286G,0.0056,0
W286F,0.1729,0
W286E,0.0171,0
W286C,0.0024,0
W286D,0.0114,0
